ISO-10303-21;
HEADER;
/* Generated by software containing ST-Developer
 * from STEP Tools, Inc. (www.steptools.com) 
 */

FILE_DESCRIPTION(
/* description */ (''),
/* implementation_level */ '2;1');

FILE_NAME(
/* name */ 'bottom-shell.step',
/* time_stamp */ '2026-07-28T00:24:23-05:00',
/* author */ (''),
/* organization */ (''),
/* preprocessor_version */ 'ST-DEVELOPER v20.1',
/* originating_system */ 'Autodesk Translation Framework v15.8.0.0',
/* authorisation */ '');

FILE_SCHEMA (('AUTOMOTIVE_DESIGN { 1 0 10303 214 3 1 1 }'));
ENDSEC;

DATA;
#10=MECHANICAL_DESIGN_GEOMETRIC_PRESENTATION_REPRESENTATION('',(#13),#4705);
#11=SHAPE_REPRESENTATION_RELATIONSHIP('SRR','None',#4712,#12);
#12=ADVANCED_BREP_SHAPE_REPRESENTATION('',(#14),#4704);
#13=STYLED_ITEM('',(#4721),#14);
#14=MANIFOLD_SOLID_BREP('Body1',#2945);
#15=FACE_BOUND('',#304,.T.);
#16=FACE_BOUND('',#312,.T.);
#17=FACE_BOUND('',#320,.T.);
#18=FACE_BOUND('',#328,.T.);
#19=FACE_BOUND('',#336,.T.);
#20=FACE_BOUND('',#345,.T.);
#21=FACE_BOUND('',#358,.T.);
#22=FACE_BOUND('',#359,.T.);
#23=FACE_BOUND('',#361,.T.);
#24=FACE_BOUND('',#362,.T.);
#25=FACE_BOUND('',#363,.T.);
#26=FACE_BOUND('',#364,.T.);
#27=FACE_BOUND('',#366,.T.);
#28=FACE_BOUND('',#367,.T.);
#29=FACE_BOUND('',#369,.T.);
#30=FACE_BOUND('',#370,.T.);
#31=FACE_BOUND('',#371,.T.);
#32=FACE_BOUND('',#372,.T.);
#33=FACE_BOUND('',#373,.T.);
#34=FACE_BOUND('',#374,.T.);
#35=FACE_BOUND('',#392,.T.);
#36=FACE_BOUND('',#394,.T.);
#37=FACE_BOUND('',#396,.T.);
#38=FACE_BOUND('',#398,.T.);
#39=FACE_BOUND('',#420,.T.);
#40=FACE_BOUND('',#421,.T.);
#41=FACE_BOUND('',#422,.T.);
#42=FACE_BOUND('',#423,.T.);
#43=FACE_BOUND('',#424,.T.);
#44=FACE_BOUND('',#425,.T.);
#45=FACE_BOUND('',#427,.T.);
#46=FACE_BOUND('',#428,.T.);
#47=FACE_BOUND('',#431,.T.);
#48=FACE_BOUND('',#432,.T.);
#49=CIRCLE('',#3007,8.);
#50=CIRCLE('',#3008,8.);
#51=CIRCLE('',#3010,8.);
#52=CIRCLE('',#3011,8.);
#53=CIRCLE('',#3013,8.);
#54=CIRCLE('',#3014,8.);
#55=CIRCLE('',#3016,8.);
#56=CIRCLE('',#3017,8.);
#57=CIRCLE('',#3019,8.);
#58=CIRCLE('',#3020,8.);
#59=CIRCLE('',#3057,8.);
#60=CIRCLE('',#3058,8.);
#61=CIRCLE('',#3079,4.5);
#62=CIRCLE('',#3080,4.5);
#63=CIRCLE('',#3081,4.5);
#64=CIRCLE('',#3082,4.5);
#65=CIRCLE('',#3098,4.5);
#66=CIRCLE('',#3100,4.5);
#67=CIRCLE('',#3102,4.5);
#68=CIRCLE('',#3104,4.5);
#69=CIRCLE('',#3106,1.5);
#70=CIRCLE('',#3108,1.5);
#71=CIRCLE('',#3110,1.5);
#72=CIRCLE('',#3112,1.5);
#73=CIRCLE('',#3114,1.5);
#74=CIRCLE('',#3117,1.5);
#75=CIRCLE('',#3120,1.5);
#76=CIRCLE('',#3123,1.5);
#77=CYLINDRICAL_SURFACE('',#3006,8.);
#78=CYLINDRICAL_SURFACE('',#3009,8.);
#79=CYLINDRICAL_SURFACE('',#3012,8.);
#80=CYLINDRICAL_SURFACE('',#3015,8.);
#81=CYLINDRICAL_SURFACE('',#3018,8.);
#82=CYLINDRICAL_SURFACE('',#3056,8.);
#83=CYLINDRICAL_SURFACE('',#3097,4.5);
#84=CYLINDRICAL_SURFACE('',#3099,4.5);
#85=CYLINDRICAL_SURFACE('',#3101,4.5);
#86=CYLINDRICAL_SURFACE('',#3103,4.5);
#87=CYLINDRICAL_SURFACE('',#3113,1.5);
#88=CYLINDRICAL_SURFACE('',#3116,1.5);
#89=CYLINDRICAL_SURFACE('',#3119,1.5);
#90=CYLINDRICAL_SURFACE('',#3122,1.5);
#91=FACE_OUTER_BOUND('',#245,.T.);
#92=FACE_OUTER_BOUND('',#246,.T.);
#93=FACE_OUTER_BOUND('',#247,.T.);
#94=FACE_OUTER_BOUND('',#248,.T.);
#95=FACE_OUTER_BOUND('',#249,.T.);
#96=FACE_OUTER_BOUND('',#250,.T.);
#97=FACE_OUTER_BOUND('',#251,.T.);
#98=FACE_OUTER_BOUND('',#252,.T.);
#99=FACE_OUTER_BOUND('',#253,.T.);
#100=FACE_OUTER_BOUND('',#254,.T.);
#101=FACE_OUTER_BOUND('',#255,.T.);
#102=FACE_OUTER_BOUND('',#256,.T.);
#103=FACE_OUTER_BOUND('',#257,.T.);
#104=FACE_OUTER_BOUND('',#258,.T.);
#105=FACE_OUTER_BOUND('',#259,.T.);
#106=FACE_OUTER_BOUND('',#260,.T.);
#107=FACE_OUTER_BOUND('',#261,.T.);
#108=FACE_OUTER_BOUND('',#262,.T.);
#109=FACE_OUTER_BOUND('',#263,.T.);
#110=FACE_OUTER_BOUND('',#264,.T.);
#111=FACE_OUTER_BOUND('',#265,.T.);
#112=FACE_OUTER_BOUND('',#266,.T.);
#113=FACE_OUTER_BOUND('',#267,.T.);
#114=FACE_OUTER_BOUND('',#268,.T.);
#115=FACE_OUTER_BOUND('',#269,.T.);
#116=FACE_OUTER_BOUND('',#270,.T.);
#117=FACE_OUTER_BOUND('',#271,.T.);
#118=FACE_OUTER_BOUND('',#272,.T.);
#119=FACE_OUTER_BOUND('',#273,.T.);
#120=FACE_OUTER_BOUND('',#274,.T.);
#121=FACE_OUTER_BOUND('',#275,.T.);
#122=FACE_OUTER_BOUND('',#276,.T.);
#123=FACE_OUTER_BOUND('',#277,.T.);
#124=FACE_OUTER_BOUND('',#278,.T.);
#125=FACE_OUTER_BOUND('',#279,.T.);
#126=FACE_OUTER_BOUND('',#280,.T.);
#127=FACE_OUTER_BOUND('',#281,.T.);
#128=FACE_OUTER_BOUND('',#282,.T.);
#129=FACE_OUTER_BOUND('',#283,.T.);
#130=FACE_OUTER_BOUND('',#284,.T.);
#131=FACE_OUTER_BOUND('',#285,.T.);
#132=FACE_OUTER_BOUND('',#286,.T.);
#133=FACE_OUTER_BOUND('',#287,.T.);
#134=FACE_OUTER_BOUND('',#288,.T.);
#135=FACE_OUTER_BOUND('',#289,.T.);
#136=FACE_OUTER_BOUND('',#290,.T.);
#137=FACE_OUTER_BOUND('',#291,.T.);
#138=FACE_OUTER_BOUND('',#292,.T.);
#139=FACE_OUTER_BOUND('',#293,.T.);
#140=FACE_OUTER_BOUND('',#294,.T.);
#141=FACE_OUTER_BOUND('',#295,.T.);
#142=FACE_OUTER_BOUND('',#296,.T.);
#143=FACE_OUTER_BOUND('',#297,.T.);
#144=FACE_OUTER_BOUND('',#298,.T.);
#145=FACE_OUTER_BOUND('',#299,.T.);
#146=FACE_OUTER_BOUND('',#300,.T.);
#147=FACE_OUTER_BOUND('',#301,.T.);
#148=FACE_OUTER_BOUND('',#302,.T.);
#149=FACE_OUTER_BOUND('',#303,.T.);
#150=FACE_OUTER_BOUND('',#305,.T.);
#151=FACE_OUTER_BOUND('',#306,.T.);
#152=FACE_OUTER_BOUND('',#307,.T.);
#153=FACE_OUTER_BOUND('',#308,.T.);
#154=FACE_OUTER_BOUND('',#309,.T.);
#155=FACE_OUTER_BOUND('',#310,.T.);
#156=FACE_OUTER_BOUND('',#311,.T.);
#157=FACE_OUTER_BOUND('',#313,.T.);
#158=FACE_OUTER_BOUND('',#314,.T.);
#159=FACE_OUTER_BOUND('',#315,.T.);
#160=FACE_OUTER_BOUND('',#316,.T.);
#161=FACE_OUTER_BOUND('',#317,.T.);
#162=FACE_OUTER_BOUND('',#318,.T.);
#163=FACE_OUTER_BOUND('',#319,.T.);
#164=FACE_OUTER_BOUND('',#321,.T.);
#165=FACE_OUTER_BOUND('',#322,.T.);
#166=FACE_OUTER_BOUND('',#323,.T.);
#167=FACE_OUTER_BOUND('',#324,.T.);
#168=FACE_OUTER_BOUND('',#325,.T.);
#169=FACE_OUTER_BOUND('',#326,.T.);
#170=FACE_OUTER_BOUND('',#327,.T.);
#171=FACE_OUTER_BOUND('',#329,.T.);
#172=FACE_OUTER_BOUND('',#330,.T.);
#173=FACE_OUTER_BOUND('',#331,.T.);
#174=FACE_OUTER_BOUND('',#332,.T.);
#175=FACE_OUTER_BOUND('',#333,.T.);
#176=FACE_OUTER_BOUND('',#334,.T.);
#177=FACE_OUTER_BOUND('',#335,.T.);
#178=FACE_OUTER_BOUND('',#337,.T.);
#179=FACE_OUTER_BOUND('',#338,.T.);
#180=FACE_OUTER_BOUND('',#339,.T.);
#181=FACE_OUTER_BOUND('',#340,.T.);
#182=FACE_OUTER_BOUND('',#341,.T.);
#183=FACE_OUTER_BOUND('',#342,.T.);
#184=FACE_OUTER_BOUND('',#343,.T.);
#185=FACE_OUTER_BOUND('',#344,.T.);
#186=FACE_OUTER_BOUND('',#346,.T.);
#187=FACE_OUTER_BOUND('',#347,.T.);
#188=FACE_OUTER_BOUND('',#348,.T.);
#189=FACE_OUTER_BOUND('',#349,.T.);
#190=FACE_OUTER_BOUND('',#350,.T.);
#191=FACE_OUTER_BOUND('',#351,.T.);
#192=FACE_OUTER_BOUND('',#352,.T.);
#193=FACE_OUTER_BOUND('',#353,.T.);
#194=FACE_OUTER_BOUND('',#354,.T.);
#195=FACE_OUTER_BOUND('',#355,.T.);
#196=FACE_OUTER_BOUND('',#356,.T.);
#197=FACE_OUTER_BOUND('',#357,.T.);
#198=FACE_OUTER_BOUND('',#360,.T.);
#199=FACE_OUTER_BOUND('',#365,.T.);
#200=FACE_OUTER_BOUND('',#368,.T.);
#201=FACE_OUTER_BOUND('',#375,.T.);
#202=FACE_OUTER_BOUND('',#376,.T.);
#203=FACE_OUTER_BOUND('',#377,.T.);
#204=FACE_OUTER_BOUND('',#378,.T.);
#205=FACE_OUTER_BOUND('',#379,.T.);
#206=FACE_OUTER_BOUND('',#380,.T.);
#207=FACE_OUTER_BOUND('',#381,.T.);
#208=FACE_OUTER_BOUND('',#382,.T.);
#209=FACE_OUTER_BOUND('',#383,.T.);
#210=FACE_OUTER_BOUND('',#384,.T.);
#211=FACE_OUTER_BOUND('',#385,.T.);
#212=FACE_OUTER_BOUND('',#386,.T.);
#213=FACE_OUTER_BOUND('',#387,.T.);
#214=FACE_OUTER_BOUND('',#388,.T.);
#215=FACE_OUTER_BOUND('',#389,.T.);
#216=FACE_OUTER_BOUND('',#390,.T.);
#217=FACE_OUTER_BOUND('',#391,.T.);
#218=FACE_OUTER_BOUND('',#393,.T.);
#219=FACE_OUTER_BOUND('',#395,.T.);
#220=FACE_OUTER_BOUND('',#397,.T.);
#221=FACE_OUTER_BOUND('',#399,.T.);
#222=FACE_OUTER_BOUND('',#400,.T.);
#223=FACE_OUTER_BOUND('',#401,.T.);
#224=FACE_OUTER_BOUND('',#402,.T.);
#225=FACE_OUTER_BOUND('',#403,.T.);
#226=FACE_OUTER_BOUND('',#404,.T.);
#227=FACE_OUTER_BOUND('',#405,.T.);
#228=FACE_OUTER_BOUND('',#406,.T.);
#229=FACE_OUTER_BOUND('',#407,.T.);
#230=FACE_OUTER_BOUND('',#408,.T.);
#231=FACE_OUTER_BOUND('',#409,.T.);
#232=FACE_OUTER_BOUND('',#410,.T.);
#233=FACE_OUTER_BOUND('',#411,.T.);
#234=FACE_OUTER_BOUND('',#412,.T.);
#235=FACE_OUTER_BOUND('',#413,.T.);
#236=FACE_OUTER_BOUND('',#414,.T.);
#237=FACE_OUTER_BOUND('',#415,.T.);
#238=FACE_OUTER_BOUND('',#416,.T.);
#239=FACE_OUTER_BOUND('',#417,.T.);
#240=FACE_OUTER_BOUND('',#418,.T.);
#241=FACE_OUTER_BOUND('',#419,.T.);
#242=FACE_OUTER_BOUND('',#426,.T.);
#243=FACE_OUTER_BOUND('',#429,.T.);
#244=FACE_OUTER_BOUND('',#430,.T.);
#245=EDGE_LOOP('',(#1847,#1848,#1849,#1850));
#246=EDGE_LOOP('',(#1851,#1852,#1853,#1854));
#247=EDGE_LOOP('',(#1855,#1856,#1857,#1858));
#248=EDGE_LOOP('',(#1859,#1860,#1861,#1862));
#249=EDGE_LOOP('',(#1863,#1864,#1865,#1866));
#250=EDGE_LOOP('',(#1867,#1868,#1869,#1870));
#251=EDGE_LOOP('',(#1871,#1872,#1873,#1874));
#252=EDGE_LOOP('',(#1875,#1876,#1877,#1878));
#253=EDGE_LOOP('',(#1879,#1880,#1881,#1882));
#254=EDGE_LOOP('',(#1883,#1884,#1885,#1886));
#255=EDGE_LOOP('',(#1887,#1888,#1889,#1890));
#256=EDGE_LOOP('',(#1891,#1892,#1893,#1894));
#257=EDGE_LOOP('',(#1895,#1896,#1897,#1898));
#258=EDGE_LOOP('',(#1899,#1900,#1901,#1902));
#259=EDGE_LOOP('',(#1903,#1904,#1905,#1906));
#260=EDGE_LOOP('',(#1907,#1908,#1909,#1910));
#261=EDGE_LOOP('',(#1911,#1912,#1913,#1914));
#262=EDGE_LOOP('',(#1915,#1916,#1917,#1918));
#263=EDGE_LOOP('',(#1919,#1920,#1921,#1922,#1923,#1924,#1925,#1926,#1927,
#1928,#1929,#1930,#1931,#1932,#1933,#1934,#1935,#1936,#1937,#1938));
#264=EDGE_LOOP('',(#1939,#1940,#1941,#1942,#1943,#1944,#1945,#1946,#1947,
#1948,#1949,#1950,#1951,#1952,#1953,#1954,#1955,#1956,#1957,#1958));
#265=EDGE_LOOP('',(#1959,#1960,#1961,#1962,#1963,#1964,#1965,#1966,#1967,
#1968,#1969,#1970,#1971,#1972,#1973,#1974,#1975,#1976,#1977,#1978));
#266=EDGE_LOOP('',(#1979,#1980,#1981,#1982,#1983,#1984,#1985,#1986));
#267=EDGE_LOOP('',(#1987,#1988,#1989,#1990));
#268=EDGE_LOOP('',(#1991,#1992,#1993,#1994));
#269=EDGE_LOOP('',(#1995,#1996,#1997,#1998));
#270=EDGE_LOOP('',(#1999,#2000,#2001,#2002));
#271=EDGE_LOOP('',(#2003,#2004,#2005,#2006));
#272=EDGE_LOOP('',(#2007,#2008,#2009,#2010));
#273=EDGE_LOOP('',(#2011,#2012,#2013,#2014));
#274=EDGE_LOOP('',(#2015,#2016,#2017,#2018));
#275=EDGE_LOOP('',(#2019,#2020,#2021,#2022));
#276=EDGE_LOOP('',(#2023,#2024,#2025,#2026));
#277=EDGE_LOOP('',(#2027,#2028,#2029,#2030));
#278=EDGE_LOOP('',(#2031,#2032,#2033,#2034));
#279=EDGE_LOOP('',(#2035,#2036,#2037,#2038));
#280=EDGE_LOOP('',(#2039,#2040,#2041,#2042));
#281=EDGE_LOOP('',(#2043,#2044,#2045,#2046));
#282=EDGE_LOOP('',(#2047,#2048,#2049,#2050));
#283=EDGE_LOOP('',(#2051,#2052,#2053,#2054));
#284=EDGE_LOOP('',(#2055,#2056,#2057,#2058));
#285=EDGE_LOOP('',(#2059,#2060,#2061,#2062));
#286=EDGE_LOOP('',(#2063,#2064,#2065,#2066));
#287=EDGE_LOOP('',(#2067,#2068,#2069,#2070));
#288=EDGE_LOOP('',(#2071,#2072,#2073,#2074));
#289=EDGE_LOOP('',(#2075,#2076,#2077,#2078));
#290=EDGE_LOOP('',(#2079,#2080,#2081,#2082,#2083,#2084,#2085,#2086,#2087,
#2088,#2089,#2090,#2091,#2092,#2093,#2094,#2095,#2096,#2097,#2098,#2099,
#2100,#2101,#2102));
#291=EDGE_LOOP('',(#2103,#2104,#2105,#2106));
#292=EDGE_LOOP('',(#2107,#2108,#2109,#2110));
#293=EDGE_LOOP('',(#2111,#2112,#2113,#2114));
#294=EDGE_LOOP('',(#2115,#2116,#2117,#2118));
#295=EDGE_LOOP('',(#2119,#2120,#2121,#2122));
#296=EDGE_LOOP('',(#2123,#2124,#2125,#2126));
#297=EDGE_LOOP('',(#2127,#2128,#2129,#2130));
#298=EDGE_LOOP('',(#2131,#2132,#2133,#2134));
#299=EDGE_LOOP('',(#2135,#2136,#2137,#2138));
#300=EDGE_LOOP('',(#2139,#2140,#2141,#2142));
#301=EDGE_LOOP('',(#2143,#2144,#2145,#2146));
#302=EDGE_LOOP('',(#2147,#2148,#2149,#2150));
#303=EDGE_LOOP('',(#2151,#2152,#2153,#2154,#2155,#2156));
#304=EDGE_LOOP('',(#2157));
#305=EDGE_LOOP('',(#2158,#2159,#2160,#2161));
#306=EDGE_LOOP('',(#2162,#2163,#2164,#2165));
#307=EDGE_LOOP('',(#2166,#2167,#2168,#2169));
#308=EDGE_LOOP('',(#2170,#2171,#2172,#2173));
#309=EDGE_LOOP('',(#2174,#2175,#2176,#2177));
#310=EDGE_LOOP('',(#2178,#2179,#2180,#2181));
#311=EDGE_LOOP('',(#2182,#2183,#2184,#2185,#2186,#2187));
#312=EDGE_LOOP('',(#2188));
#313=EDGE_LOOP('',(#2189,#2190,#2191,#2192));
#314=EDGE_LOOP('',(#2193,#2194,#2195,#2196));
#315=EDGE_LOOP('',(#2197,#2198,#2199,#2200));
#316=EDGE_LOOP('',(#2201,#2202,#2203,#2204));
#317=EDGE_LOOP('',(#2205,#2206,#2207,#2208));
#318=EDGE_LOOP('',(#2209,#2210,#2211,#2212));
#319=EDGE_LOOP('',(#2213,#2214,#2215,#2216,#2217,#2218));
#320=EDGE_LOOP('',(#2219));
#321=EDGE_LOOP('',(#2220,#2221,#2222,#2223));
#322=EDGE_LOOP('',(#2224,#2225,#2226,#2227));
#323=EDGE_LOOP('',(#2228,#2229,#2230,#2231));
#324=EDGE_LOOP('',(#2232,#2233,#2234,#2235));
#325=EDGE_LOOP('',(#2236,#2237,#2238,#2239));
#326=EDGE_LOOP('',(#2240,#2241,#2242,#2243));
#327=EDGE_LOOP('',(#2244,#2245,#2246,#2247,#2248,#2249));
#328=EDGE_LOOP('',(#2250));
#329=EDGE_LOOP('',(#2251,#2252,#2253,#2254));
#330=EDGE_LOOP('',(#2255,#2256,#2257,#2258));
#331=EDGE_LOOP('',(#2259,#2260,#2261,#2262));
#332=EDGE_LOOP('',(#2263,#2264,#2265,#2266));
#333=EDGE_LOOP('',(#2267,#2268,#2269,#2270));
#334=EDGE_LOOP('',(#2271,#2272,#2273,#2274));
#335=EDGE_LOOP('',(#2275,#2276,#2277,#2278,#2279,#2280));
#336=EDGE_LOOP('',(#2281));
#337=EDGE_LOOP('',(#2282,#2283,#2284,#2285));
#338=EDGE_LOOP('',(#2286,#2287,#2288,#2289));
#339=EDGE_LOOP('',(#2290,#2291,#2292,#2293));
#340=EDGE_LOOP('',(#2294,#2295,#2296,#2297));
#341=EDGE_LOOP('',(#2298,#2299,#2300,#2301));
#342=EDGE_LOOP('',(#2302,#2303,#2304,#2305));
#343=EDGE_LOOP('',(#2306,#2307,#2308,#2309));
#344=EDGE_LOOP('',(#2310,#2311,#2312,#2313,#2314,#2315));
#345=EDGE_LOOP('',(#2316));
#346=EDGE_LOOP('',(#2317,#2318,#2319,#2320));
#347=EDGE_LOOP('',(#2321,#2322,#2323,#2324));
#348=EDGE_LOOP('',(#2325,#2326,#2327,#2328));
#349=EDGE_LOOP('',(#2329,#2330,#2331,#2332,#2333,#2334,#2335,#2336));
#350=EDGE_LOOP('',(#2337,#2338,#2339,#2340));
#351=EDGE_LOOP('',(#2341,#2342,#2343,#2344));
#352=EDGE_LOOP('',(#2345,#2346,#2347,#2348));
#353=EDGE_LOOP('',(#2349,#2350,#2351,#2352));
#354=EDGE_LOOP('',(#2353,#2354,#2355,#2356));
#355=EDGE_LOOP('',(#2357,#2358,#2359,#2360));
#356=EDGE_LOOP('',(#2361,#2362,#2363,#2364,#2365,#2366,#2367,#2368,#2369,
#2370,#2371,#2372,#2373,#2374,#2375,#2376,#2377,#2378,#2379,#2380,#2381,
#2382,#2383,#2384));
#357=EDGE_LOOP('',(#2385,#2386,#2387,#2388));
#358=EDGE_LOOP('',(#2389,#2390,#2391,#2392));
#359=EDGE_LOOP('',(#2393,#2394,#2395,#2396));
#360=EDGE_LOOP('',(#2397,#2398,#2399,#2400));
#361=EDGE_LOOP('',(#2401));
#362=EDGE_LOOP('',(#2402));
#363=EDGE_LOOP('',(#2403));
#364=EDGE_LOOP('',(#2404));
#365=EDGE_LOOP('',(#2405,#2406,#2407,#2408));
#366=EDGE_LOOP('',(#2409,#2410,#2411,#2412));
#367=EDGE_LOOP('',(#2413,#2414,#2415,#2416));
#368=EDGE_LOOP('',(#2417,#2418,#2419,#2420));
#369=EDGE_LOOP('',(#2421,#2422,#2423,#2424,#2425,#2426));
#370=EDGE_LOOP('',(#2427,#2428,#2429,#2430,#2431,#2432));
#371=EDGE_LOOP('',(#2433,#2434,#2435,#2436,#2437,#2438));
#372=EDGE_LOOP('',(#2439,#2440,#2441,#2442,#2443,#2444));
#373=EDGE_LOOP('',(#2445,#2446,#2447,#2448,#2449,#2450));
#374=EDGE_LOOP('',(#2451,#2452,#2453,#2454,#2455,#2456));
#375=EDGE_LOOP('',(#2457,#2458,#2459,#2460,#2461,#2462));
#376=EDGE_LOOP('',(#2463,#2464,#2465,#2466,#2467,#2468,#2469,#2470));
#377=EDGE_LOOP('',(#2471,#2472,#2473,#2474,#2475,#2476));
#378=EDGE_LOOP('',(#2477,#2478,#2479,#2480,#2481,#2482,#2483,#2484));
#379=EDGE_LOOP('',(#2485,#2486,#2487,#2488,#2489,#2490));
#380=EDGE_LOOP('',(#2491,#2492,#2493,#2494,#2495,#2496,#2497,#2498));
#381=EDGE_LOOP('',(#2499,#2500,#2501));
#382=EDGE_LOOP('',(#2502,#2503,#2504,#2505,#2506,#2507));
#383=EDGE_LOOP('',(#2508,#2509,#2510,#2511,#2512,#2513,#2514,#2515));
#384=EDGE_LOOP('',(#2516,#2517,#2518));
#385=EDGE_LOOP('',(#2519,#2520,#2521));
#386=EDGE_LOOP('',(#2522,#2523,#2524));
#387=EDGE_LOOP('',(#2525,#2526,#2527,#2528));
#388=EDGE_LOOP('',(#2529,#2530,#2531,#2532));
#389=EDGE_LOOP('',(#2533,#2534,#2535,#2536));
#390=EDGE_LOOP('',(#2537,#2538,#2539,#2540));
#391=EDGE_LOOP('',(#2541));
#392=EDGE_LOOP('',(#2542));
#393=EDGE_LOOP('',(#2543));
#394=EDGE_LOOP('',(#2544));
#395=EDGE_LOOP('',(#2545));
#396=EDGE_LOOP('',(#2546));
#397=EDGE_LOOP('',(#2547));
#398=EDGE_LOOP('',(#2548));
#399=EDGE_LOOP('',(#2549,#2550,#2551,#2552));
#400=EDGE_LOOP('',(#2553));
#401=EDGE_LOOP('',(#2554,#2555,#2556,#2557));
#402=EDGE_LOOP('',(#2558));
#403=EDGE_LOOP('',(#2559,#2560,#2561,#2562));
#404=EDGE_LOOP('',(#2563));
#405=EDGE_LOOP('',(#2564,#2565,#2566,#2567));
#406=EDGE_LOOP('',(#2568));
#407=EDGE_LOOP('',(#2569,#2570,#2571));
#408=EDGE_LOOP('',(#2572,#2573,#2574));
#409=EDGE_LOOP('',(#2575,#2576,#2577));
#410=EDGE_LOOP('',(#2578,#2579,#2580,#2581));
#411=EDGE_LOOP('',(#2582,#2583,#2584,#2585));
#412=EDGE_LOOP('',(#2586,#2587,#2588));
#413=EDGE_LOOP('',(#2589,#2590,#2591,#2592));
#414=EDGE_LOOP('',(#2593,#2594,#2595,#2596));
#415=EDGE_LOOP('',(#2597,#2598,#2599,#2600));
#416=EDGE_LOOP('',(#2601,#2602,#2603,#2604));
#417=EDGE_LOOP('',(#2605,#2606,#2607,#2608));
#418=EDGE_LOOP('',(#2609,#2610,#2611,#2612));
#419=EDGE_LOOP('',(#2613,#2614,#2615,#2616));
#420=EDGE_LOOP('',(#2617));
#421=EDGE_LOOP('',(#2618));
#422=EDGE_LOOP('',(#2619));
#423=EDGE_LOOP('',(#2620));
#424=EDGE_LOOP('',(#2621));
#425=EDGE_LOOP('',(#2622));
#426=EDGE_LOOP('',(#2623,#2624,#2625,#2626));
#427=EDGE_LOOP('',(#2627,#2628,#2629,#2630));
#428=EDGE_LOOP('',(#2631,#2632,#2633,#2634));
#429=EDGE_LOOP('',(#2635,#2636,#2637,#2638));
#430=EDGE_LOOP('',(#2639,#2640,#2641,#2642));
#431=EDGE_LOOP('',(#2643,#2644,#2645,#2646));
#432=EDGE_LOOP('',(#2647,#2648,#2649,#2650));
#433=LINE('',#3885,#807);
#434=LINE('',#3887,#808);
#435=LINE('',#3889,#809);
#436=LINE('',#3890,#810);
#437=LINE('',#3894,#811);
#438=LINE('',#3896,#812);
#439=LINE('',#3898,#813);
#440=LINE('',#3899,#814);
#441=LINE('',#3903,#815);
#442=LINE('',#3905,#816);
#443=LINE('',#3907,#817);
#444=LINE('',#3908,#818);
#445=LINE('',#3911,#819);
#446=LINE('',#3913,#820);
#447=LINE('',#3914,#821);
#448=LINE('',#3917,#822);
#449=LINE('',#3919,#823);
#450=LINE('',#3920,#824);
#451=LINE('',#3923,#825);
#452=LINE('',#3925,#826);
#453=LINE('',#3926,#827);
#454=LINE('',#3929,#828);
#455=LINE('',#3931,#829);
#456=LINE('',#3932,#830);
#457=LINE('',#3935,#831);
#458=LINE('',#3937,#832);
#459=LINE('',#3938,#833);
#460=LINE('',#3941,#834);
#461=LINE('',#3943,#835);
#462=LINE('',#3944,#836);
#463=LINE('',#3946,#837);
#464=LINE('',#3947,#838);
#465=LINE('',#3951,#839);
#466=LINE('',#3953,#840);
#467=LINE('',#3955,#841);
#468=LINE('',#3956,#842);
#469=LINE('',#3959,#843);
#470=LINE('',#3961,#844);
#471=LINE('',#3962,#845);
#472=LINE('',#3965,#846);
#473=LINE('',#3967,#847);
#474=LINE('',#3968,#848);
#475=LINE('',#3971,#849);
#476=LINE('',#3973,#850);
#477=LINE('',#3974,#851);
#478=LINE('',#3977,#852);
#479=LINE('',#3979,#853);
#480=LINE('',#3980,#854);
#481=LINE('',#3982,#855);
#482=LINE('',#3983,#856);
#483=LINE('',#3987,#857);
#484=LINE('',#3989,#858);
#485=LINE('',#3991,#859);
#486=LINE('',#3992,#860);
#487=LINE('',#3994,#861);
#488=LINE('',#3995,#862);
#489=LINE('',#3997,#863);
#490=LINE('',#3998,#864);
#491=LINE('',#4001,#865);
#492=LINE('',#4003,#866);
#493=LINE('',#4005,#867);
#494=LINE('',#4007,#868);
#495=LINE('',#4009,#869);
#496=LINE('',#4011,#870);
#497=LINE('',#4013,#871);
#498=LINE('',#4015,#872);
#499=LINE('',#4017,#873);
#500=LINE('',#4019,#874);
#501=LINE('',#4020,#875);
#502=LINE('',#4023,#876);
#503=LINE('',#4025,#877);
#504=LINE('',#4027,#878);
#505=LINE('',#4029,#879);
#506=LINE('',#4031,#880);
#507=LINE('',#4033,#881);
#508=LINE('',#4035,#882);
#509=LINE('',#4037,#883);
#510=LINE('',#4039,#884);
#511=LINE('',#4041,#885);
#512=LINE('',#4042,#886);
#513=LINE('',#4045,#887);
#514=LINE('',#4047,#888);
#515=LINE('',#4048,#889);
#516=LINE('',#4052,#890);
#517=LINE('',#4054,#891);
#518=LINE('',#4056,#892);
#519=LINE('',#4057,#893);
#520=LINE('',#4060,#894);
#521=LINE('',#4062,#895);
#522=LINE('',#4063,#896);
#523=LINE('',#4066,#897);
#524=LINE('',#4068,#898);
#525=LINE('',#4069,#899);
#526=LINE('',#4071,#900);
#527=LINE('',#4072,#901);
#528=LINE('',#4076,#902);
#529=LINE('',#4078,#903);
#530=LINE('',#4080,#904);
#531=LINE('',#4081,#905);
#532=LINE('',#4084,#906);
#533=LINE('',#4086,#907);
#534=LINE('',#4087,#908);
#535=LINE('',#4090,#909);
#536=LINE('',#4092,#910);
#537=LINE('',#4093,#911);
#538=LINE('',#4095,#912);
#539=LINE('',#4096,#913);
#540=LINE('',#4100,#914);
#541=LINE('',#4102,#915);
#542=LINE('',#4104,#916);
#543=LINE('',#4105,#917);
#544=LINE('',#4108,#918);
#545=LINE('',#4110,#919);
#546=LINE('',#4111,#920);
#547=LINE('',#4114,#921);
#548=LINE('',#4116,#922);
#549=LINE('',#4117,#923);
#550=LINE('',#4119,#924);
#551=LINE('',#4120,#925);
#552=LINE('',#4124,#926);
#553=LINE('',#4126,#927);
#554=LINE('',#4128,#928);
#555=LINE('',#4129,#929);
#556=LINE('',#4132,#930);
#557=LINE('',#4134,#931);
#558=LINE('',#4135,#932);
#559=LINE('',#4138,#933);
#560=LINE('',#4140,#934);
#561=LINE('',#4141,#935);
#562=LINE('',#4143,#936);
#563=LINE('',#4144,#937);
#564=LINE('',#4148,#938);
#565=LINE('',#4150,#939);
#566=LINE('',#4152,#940);
#567=LINE('',#4153,#941);
#568=LINE('',#4157,#942);
#569=LINE('',#4159,#943);
#570=LINE('',#4161,#944);
#571=LINE('',#4162,#945);
#572=LINE('',#4166,#946);
#573=LINE('',#4168,#947);
#574=LINE('',#4170,#948);
#575=LINE('',#4171,#949);
#576=LINE('',#4175,#950);
#577=LINE('',#4177,#951);
#578=LINE('',#4179,#952);
#579=LINE('',#4180,#953);
#580=LINE('',#4183,#954);
#581=LINE('',#4185,#955);
#582=LINE('',#4186,#956);
#583=LINE('',#4189,#957);
#584=LINE('',#4191,#958);
#585=LINE('',#4192,#959);
#586=LINE('',#4195,#960);
#587=LINE('',#4197,#961);
#588=LINE('',#4198,#962);
#589=LINE('',#4201,#963);
#590=LINE('',#4202,#964);
#591=LINE('',#4204,#965);
#592=LINE('',#4205,#966);
#593=LINE('',#4206,#967);
#594=LINE('',#4208,#968);
#595=LINE('',#4210,#969);
#596=LINE('',#4211,#970);
#597=LINE('',#4213,#971);
#598=LINE('',#4215,#972);
#599=LINE('',#4216,#973);
#600=LINE('',#4218,#974);
#601=LINE('',#4220,#975);
#602=LINE('',#4221,#976);
#603=LINE('',#4224,#977);
#604=LINE('',#4225,#978);
#605=LINE('',#4230,#979);
#606=LINE('',#4236,#980);
#607=LINE('',#4242,#981);
#608=LINE('',#4248,#982);
#609=LINE('',#4254,#983);
#610=LINE('',#4259,#984);
#611=LINE('',#4261,#985);
#612=LINE('',#4263,#986);
#613=LINE('',#4264,#987);
#614=LINE('',#4267,#988);
#615=LINE('',#4269,#989);
#616=LINE('',#4270,#990);
#617=LINE('',#4273,#991);
#618=LINE('',#4275,#992);
#619=LINE('',#4276,#993);
#620=LINE('',#4279,#994);
#621=LINE('',#4281,#995);
#622=LINE('',#4282,#996);
#623=LINE('',#4285,#997);
#624=LINE('',#4287,#998);
#625=LINE('',#4288,#999);
#626=LINE('',#4290,#1000);
#627=LINE('',#4291,#1001);
#628=LINE('',#4296,#1002);
#629=LINE('',#4298,#1003);
#630=LINE('',#4300,#1004);
#631=LINE('',#4301,#1005);
#632=LINE('',#4304,#1006);
#633=LINE('',#4306,#1007);
#634=LINE('',#4307,#1008);
#635=LINE('',#4310,#1009);
#636=LINE('',#4312,#1010);
#637=LINE('',#4313,#1011);
#638=LINE('',#4316,#1012);
#639=LINE('',#4318,#1013);
#640=LINE('',#4319,#1014);
#641=LINE('',#4322,#1015);
#642=LINE('',#4324,#1016);
#643=LINE('',#4325,#1017);
#644=LINE('',#4327,#1018);
#645=LINE('',#4328,#1019);
#646=LINE('',#4333,#1020);
#647=LINE('',#4335,#1021);
#648=LINE('',#4337,#1022);
#649=LINE('',#4338,#1023);
#650=LINE('',#4341,#1024);
#651=LINE('',#4343,#1025);
#652=LINE('',#4344,#1026);
#653=LINE('',#4347,#1027);
#654=LINE('',#4349,#1028);
#655=LINE('',#4350,#1029);
#656=LINE('',#4353,#1030);
#657=LINE('',#4355,#1031);
#658=LINE('',#4356,#1032);
#659=LINE('',#4359,#1033);
#660=LINE('',#4361,#1034);
#661=LINE('',#4362,#1035);
#662=LINE('',#4364,#1036);
#663=LINE('',#4365,#1037);
#664=LINE('',#4370,#1038);
#665=LINE('',#4372,#1039);
#666=LINE('',#4374,#1040);
#667=LINE('',#4375,#1041);
#668=LINE('',#4378,#1042);
#669=LINE('',#4380,#1043);
#670=LINE('',#4381,#1044);
#671=LINE('',#4384,#1045);
#672=LINE('',#4386,#1046);
#673=LINE('',#4387,#1047);
#674=LINE('',#4390,#1048);
#675=LINE('',#4392,#1049);
#676=LINE('',#4393,#1050);
#677=LINE('',#4396,#1051);
#678=LINE('',#4398,#1052);
#679=LINE('',#4399,#1053);
#680=LINE('',#4401,#1054);
#681=LINE('',#4402,#1055);
#682=LINE('',#4407,#1056);
#683=LINE('',#4409,#1057);
#684=LINE('',#4411,#1058);
#685=LINE('',#4412,#1059);
#686=LINE('',#4415,#1060);
#687=LINE('',#4417,#1061);
#688=LINE('',#4418,#1062);
#689=LINE('',#4421,#1063);
#690=LINE('',#4423,#1064);
#691=LINE('',#4424,#1065);
#692=LINE('',#4427,#1066);
#693=LINE('',#4429,#1067);
#694=LINE('',#4430,#1068);
#695=LINE('',#4433,#1069);
#696=LINE('',#4435,#1070);
#697=LINE('',#4436,#1071);
#698=LINE('',#4438,#1072);
#699=LINE('',#4439,#1073);
#700=LINE('',#4445,#1074);
#701=LINE('',#4450,#1075);
#702=LINE('',#4452,#1076);
#703=LINE('',#4454,#1077);
#704=LINE('',#4455,#1078);
#705=LINE('',#4458,#1079);
#706=LINE('',#4460,#1080);
#707=LINE('',#4461,#1081);
#708=LINE('',#4464,#1082);
#709=LINE('',#4466,#1083);
#710=LINE('',#4467,#1084);
#711=LINE('',#4470,#1085);
#712=LINE('',#4472,#1086);
#713=LINE('',#4473,#1087);
#714=LINE('',#4476,#1088);
#715=LINE('',#4478,#1089);
#716=LINE('',#4479,#1090);
#717=LINE('',#4481,#1091);
#718=LINE('',#4482,#1092);
#719=LINE('',#4486,#1093);
#720=LINE('',#4487,#1094);
#721=LINE('',#4489,#1095);
#722=LINE('',#4491,#1096);
#723=LINE('',#4494,#1097);
#724=LINE('',#4495,#1098);
#725=LINE('',#4498,#1099);
#726=LINE('',#4499,#1100);
#727=LINE('',#4502,#1101);
#728=LINE('',#4503,#1102);
#729=LINE('',#4505,#1103);
#730=LINE('',#4507,#1104);
#731=LINE('',#4510,#1105);
#732=LINE('',#4511,#1106);
#733=LINE('',#4513,#1107);
#734=LINE('',#4516,#1108);
#735=LINE('',#4518,#1109);
#736=LINE('',#4519,#1110);
#737=LINE('',#4522,#1111);
#738=LINE('',#4524,#1112);
#739=LINE('',#4525,#1113);
#740=LINE('',#4529,#1114);
#741=LINE('',#4531,#1115);
#742=LINE('',#4533,#1116);
#743=LINE('',#4534,#1117);
#744=LINE('',#4545,#1118);
#745=LINE('',#4547,#1119);
#746=LINE('',#4548,#1120);
#747=LINE('',#4551,#1121);
#748=LINE('',#4553,#1122);
#749=LINE('',#4554,#1123);
#750=LINE('',#4557,#1124);
#751=LINE('',#4559,#1125);
#752=LINE('',#4560,#1126);
#753=LINE('',#4564,#1127);
#754=LINE('',#4565,#1128);
#755=LINE('',#4567,#1129);
#756=LINE('',#4568,#1130);
#757=LINE('',#4569,#1131);
#758=LINE('',#4572,#1132);
#759=LINE('',#4573,#1133);
#760=LINE('',#4576,#1134);
#761=LINE('',#4578,#1135);
#762=LINE('',#4579,#1136);
#763=LINE('',#4580,#1137);
#764=LINE('',#4583,#1138);
#765=LINE('',#4584,#1139);
#766=LINE('',#4586,#1140);
#767=LINE('',#4588,#1141);
#768=LINE('',#4590,#1142);
#769=LINE('',#4591,#1143);
#770=LINE('',#4595,#1144);
#771=LINE('',#4596,#1145);
#772=LINE('',#4598,#1146);
#773=LINE('',#4599,#1147);
#774=LINE('',#4605,#1148);
#775=LINE('',#4609,#1149);
#776=LINE('',#4613,#1150);
#777=LINE('',#4617,#1151);
#778=LINE('',#4633,#1152);
#779=LINE('',#4638,#1153);
#780=LINE('',#4643,#1154);
#781=LINE('',#4648,#1155);
#782=LINE('',#4654,#1156);
#783=LINE('',#4656,#1157);
#784=LINE('',#4657,#1158);
#785=LINE('',#4661,#1159);
#786=LINE('',#4662,#1160);
#787=LINE('',#4663,#1161);
#788=LINE('',#4667,#1162);
#789=LINE('',#4669,#1163);
#790=LINE('',#4670,#1164);
#791=LINE('',#4672,#1165);
#792=LINE('',#4673,#1166);
#793=LINE('',#4675,#1167);
#794=LINE('',#4676,#1168);
#795=LINE('',#4679,#1169);
#796=LINE('',#4681,#1170);
#797=LINE('',#4682,#1171);
#798=LINE('',#4684,#1172);
#799=LINE('',#4685,#1173);
#800=LINE('',#4687,#1174);
#801=LINE('',#4689,#1175);
#802=LINE('',#4691,#1176);
#803=LINE('',#4693,#1177);
#804=LINE('',#4694,#1178);
#805=LINE('',#4696,#1179);
#806=LINE('',#4697,#1180);
#807=VECTOR('',#3145,10.);
#808=VECTOR('',#3146,10.);
#809=VECTOR('',#3147,10.);
#810=VECTOR('',#3148,10.);
#811=VECTOR('',#3151,10.);
#812=VECTOR('',#3152,10.);
#813=VECTOR('',#3153,10.);
#814=VECTOR('',#3154,10.);
#815=VECTOR('',#3157,10.);
#816=VECTOR('',#3158,10.);
#817=VECTOR('',#3159,10.);
#818=VECTOR('',#3160,10.);
#819=VECTOR('',#3163,10.);
#820=VECTOR('',#3164,10.);
#821=VECTOR('',#3165,10.);
#822=VECTOR('',#3168,10.);
#823=VECTOR('',#3169,10.);
#824=VECTOR('',#3170,10.);
#825=VECTOR('',#3173,10.);
#826=VECTOR('',#3174,10.);
#827=VECTOR('',#3175,10.);
#828=VECTOR('',#3178,10.);
#829=VECTOR('',#3179,10.);
#830=VECTOR('',#3180,10.);
#831=VECTOR('',#3183,10.);
#832=VECTOR('',#3184,10.);
#833=VECTOR('',#3185,10.);
#834=VECTOR('',#3188,10.);
#835=VECTOR('',#3189,10.);
#836=VECTOR('',#3190,10.);
#837=VECTOR('',#3193,10.);
#838=VECTOR('',#3194,10.);
#839=VECTOR('',#3197,10.);
#840=VECTOR('',#3198,10.);
#841=VECTOR('',#3199,10.);
#842=VECTOR('',#3200,10.);
#843=VECTOR('',#3203,10.);
#844=VECTOR('',#3204,10.);
#845=VECTOR('',#3205,10.);
#846=VECTOR('',#3208,10.);
#847=VECTOR('',#3209,10.);
#848=VECTOR('',#3210,10.);
#849=VECTOR('',#3213,10.);
#850=VECTOR('',#3214,10.);
#851=VECTOR('',#3215,10.);
#852=VECTOR('',#3218,10.);
#853=VECTOR('',#3219,10.);
#854=VECTOR('',#3220,10.);
#855=VECTOR('',#3223,10.);
#856=VECTOR('',#3224,10.);
#857=VECTOR('',#3227,10.);
#858=VECTOR('',#3228,10.);
#859=VECTOR('',#3229,10.);
#860=VECTOR('',#3230,10.);
#861=VECTOR('',#3233,10.);
#862=VECTOR('',#3234,10.);
#863=VECTOR('',#3237,10.);
#864=VECTOR('',#3238,10.);
#865=VECTOR('',#3241,10.);
#866=VECTOR('',#3242,10.);
#867=VECTOR('',#3243,10.);
#868=VECTOR('',#3244,10.);
#869=VECTOR('',#3245,10.);
#870=VECTOR('',#3246,10.);
#871=VECTOR('',#3247,10.);
#872=VECTOR('',#3248,10.);
#873=VECTOR('',#3249,10.);
#874=VECTOR('',#3250,10.);
#875=VECTOR('',#3251,10.);
#876=VECTOR('',#3254,10.);
#877=VECTOR('',#3255,10.);
#878=VECTOR('',#3256,10.);
#879=VECTOR('',#3257,10.);
#880=VECTOR('',#3258,10.);
#881=VECTOR('',#3259,10.);
#882=VECTOR('',#3260,10.);
#883=VECTOR('',#3261,10.);
#884=VECTOR('',#3262,10.);
#885=VECTOR('',#3263,10.);
#886=VECTOR('',#3264,10.);
#887=VECTOR('',#3267,10.);
#888=VECTOR('',#3268,10.);
#889=VECTOR('',#3269,10.);
#890=VECTOR('',#3272,10.);
#891=VECTOR('',#3273,10.);
#892=VECTOR('',#3274,10.);
#893=VECTOR('',#3275,10.);
#894=VECTOR('',#3278,10.);
#895=VECTOR('',#3279,10.);
#896=VECTOR('',#3280,10.);
#897=VECTOR('',#3283,10.);
#898=VECTOR('',#3284,10.);
#899=VECTOR('',#3285,10.);
#900=VECTOR('',#3288,10.);
#901=VECTOR('',#3289,10.);
#902=VECTOR('',#3292,10.);
#903=VECTOR('',#3293,10.);
#904=VECTOR('',#3294,10.);
#905=VECTOR('',#3295,10.);
#906=VECTOR('',#3298,10.);
#907=VECTOR('',#3299,10.);
#908=VECTOR('',#3300,10.);
#909=VECTOR('',#3303,10.);
#910=VECTOR('',#3304,10.);
#911=VECTOR('',#3305,10.);
#912=VECTOR('',#3308,10.);
#913=VECTOR('',#3309,10.);
#914=VECTOR('',#3312,10.);
#915=VECTOR('',#3313,10.);
#916=VECTOR('',#3314,10.);
#917=VECTOR('',#3315,10.);
#918=VECTOR('',#3318,10.);
#919=VECTOR('',#3319,10.);
#920=VECTOR('',#3320,10.);
#921=VECTOR('',#3323,10.);
#922=VECTOR('',#3324,10.);
#923=VECTOR('',#3325,10.);
#924=VECTOR('',#3328,10.);
#925=VECTOR('',#3329,10.);
#926=VECTOR('',#3332,10.);
#927=VECTOR('',#3333,10.);
#928=VECTOR('',#3334,10.);
#929=VECTOR('',#3335,10.);
#930=VECTOR('',#3338,10.);
#931=VECTOR('',#3339,10.);
#932=VECTOR('',#3340,10.);
#933=VECTOR('',#3343,10.);
#934=VECTOR('',#3344,10.);
#935=VECTOR('',#3345,10.);
#936=VECTOR('',#3348,10.);
#937=VECTOR('',#3349,10.);
#938=VECTOR('',#3352,10.);
#939=VECTOR('',#3353,10.);
#940=VECTOR('',#3354,10.);
#941=VECTOR('',#3355,10.);
#942=VECTOR('',#3358,10.);
#943=VECTOR('',#3359,10.);
#944=VECTOR('',#3360,10.);
#945=VECTOR('',#3361,10.);
#946=VECTOR('',#3364,10.);
#947=VECTOR('',#3365,10.);
#948=VECTOR('',#3366,10.);
#949=VECTOR('',#3367,10.);
#950=VECTOR('',#3370,10.);
#951=VECTOR('',#3371,10.);
#952=VECTOR('',#3372,10.);
#953=VECTOR('',#3373,10.);
#954=VECTOR('',#3376,10.);
#955=VECTOR('',#3377,10.);
#956=VECTOR('',#3378,10.);
#957=VECTOR('',#3381,10.);
#958=VECTOR('',#3382,10.);
#959=VECTOR('',#3383,10.);
#960=VECTOR('',#3386,10.);
#961=VECTOR('',#3387,10.);
#962=VECTOR('',#3388,10.);
#963=VECTOR('',#3391,10.);
#964=VECTOR('',#3392,10.);
#965=VECTOR('',#3393,10.);
#966=VECTOR('',#3394,10.);
#967=VECTOR('',#3395,10.);
#968=VECTOR('',#3396,10.);
#969=VECTOR('',#3397,10.);
#970=VECTOR('',#3398,10.);
#971=VECTOR('',#3399,10.);
#972=VECTOR('',#3400,10.);
#973=VECTOR('',#3401,10.);
#974=VECTOR('',#3402,10.);
#975=VECTOR('',#3403,10.);
#976=VECTOR('',#3404,10.);
#977=VECTOR('',#3407,10.);
#978=VECTOR('',#3408,10.);
#979=VECTOR('',#3413,8.);
#980=VECTOR('',#3420,8.);
#981=VECTOR('',#3427,8.);
#982=VECTOR('',#3434,8.);
#983=VECTOR('',#3441,8.);
#984=VECTOR('',#3446,10.);
#985=VECTOR('',#3447,10.);
#986=VECTOR('',#3448,10.);
#987=VECTOR('',#3449,10.);
#988=VECTOR('',#3452,10.);
#989=VECTOR('',#3453,10.);
#990=VECTOR('',#3454,10.);
#991=VECTOR('',#3457,10.);
#992=VECTOR('',#3458,10.);
#993=VECTOR('',#3459,10.);
#994=VECTOR('',#3462,10.);
#995=VECTOR('',#3463,10.);
#996=VECTOR('',#3464,10.);
#997=VECTOR('',#3467,10.);
#998=VECTOR('',#3468,10.);
#999=VECTOR('',#3469,10.);
#1000=VECTOR('',#3472,10.);
#1001=VECTOR('',#3473,10.);
#1002=VECTOR('',#3478,10.);
#1003=VECTOR('',#3479,10.);
#1004=VECTOR('',#3480,10.);
#1005=VECTOR('',#3481,10.);
#1006=VECTOR('',#3484,10.);
#1007=VECTOR('',#3485,10.);
#1008=VECTOR('',#3486,10.);
#1009=VECTOR('',#3489,10.);
#1010=VECTOR('',#3490,10.);
#1011=VECTOR('',#3491,10.);
#1012=VECTOR('',#3494,10.);
#1013=VECTOR('',#3495,10.);
#1014=VECTOR('',#3496,10.);
#1015=VECTOR('',#3499,10.);
#1016=VECTOR('',#3500,10.);
#1017=VECTOR('',#3501,10.);
#1018=VECTOR('',#3504,10.);
#1019=VECTOR('',#3505,10.);
#1020=VECTOR('',#3510,10.);
#1021=VECTOR('',#3511,10.);
#1022=VECTOR('',#3512,10.);
#1023=VECTOR('',#3513,10.);
#1024=VECTOR('',#3516,10.);
#1025=VECTOR('',#3517,10.);
#1026=VECTOR('',#3518,10.);
#1027=VECTOR('',#3521,10.);
#1028=VECTOR('',#3522,10.);
#1029=VECTOR('',#3523,10.);
#1030=VECTOR('',#3526,10.);
#1031=VECTOR('',#3527,10.);
#1032=VECTOR('',#3528,10.);
#1033=VECTOR('',#3531,10.);
#1034=VECTOR('',#3532,10.);
#1035=VECTOR('',#3533,10.);
#1036=VECTOR('',#3536,10.);
#1037=VECTOR('',#3537,10.);
#1038=VECTOR('',#3542,10.);
#1039=VECTOR('',#3543,10.);
#1040=VECTOR('',#3544,10.);
#1041=VECTOR('',#3545,10.);
#1042=VECTOR('',#3548,10.);
#1043=VECTOR('',#3549,10.);
#1044=VECTOR('',#3550,10.);
#1045=VECTOR('',#3553,10.);
#1046=VECTOR('',#3554,10.);
#1047=VECTOR('',#3555,10.);
#1048=VECTOR('',#3558,10.);
#1049=VECTOR('',#3559,10.);
#1050=VECTOR('',#3560,10.);
#1051=VECTOR('',#3563,10.);
#1052=VECTOR('',#3564,10.);
#1053=VECTOR('',#3565,10.);
#1054=VECTOR('',#3568,10.);
#1055=VECTOR('',#3569,10.);
#1056=VECTOR('',#3574,10.);
#1057=VECTOR('',#3575,10.);
#1058=VECTOR('',#3576,10.);
#1059=VECTOR('',#3577,10.);
#1060=VECTOR('',#3580,10.);
#1061=VECTOR('',#3581,10.);
#1062=VECTOR('',#3582,10.);
#1063=VECTOR('',#3585,10.);
#1064=VECTOR('',#3586,10.);
#1065=VECTOR('',#3587,10.);
#1066=VECTOR('',#3590,10.);
#1067=VECTOR('',#3591,10.);
#1068=VECTOR('',#3592,10.);
#1069=VECTOR('',#3595,10.);
#1070=VECTOR('',#3596,10.);
#1071=VECTOR('',#3597,10.);
#1072=VECTOR('',#3600,10.);
#1073=VECTOR('',#3601,10.);
#1074=VECTOR('',#3608,8.);
#1075=VECTOR('',#3613,10.);
#1076=VECTOR('',#3614,10.);
#1077=VECTOR('',#3615,10.);
#1078=VECTOR('',#3616,10.);
#1079=VECTOR('',#3619,10.);
#1080=VECTOR('',#3620,10.);
#1081=VECTOR('',#3621,10.);
#1082=VECTOR('',#3624,10.);
#1083=VECTOR('',#3625,10.);
#1084=VECTOR('',#3626,10.);
#1085=VECTOR('',#3629,10.);
#1086=VECTOR('',#3630,10.);
#1087=VECTOR('',#3631,10.);
#1088=VECTOR('',#3634,10.);
#1089=VECTOR('',#3635,10.);
#1090=VECTOR('',#3636,10.);
#1091=VECTOR('',#3639,10.);
#1092=VECTOR('',#3640,10.);
#1093=VECTOR('',#3645,10.);
#1094=VECTOR('',#3646,10.);
#1095=VECTOR('',#3649,10.);
#1096=VECTOR('',#3652,10.);
#1097=VECTOR('',#3655,10.);
#1098=VECTOR('',#3656,10.);
#1099=VECTOR('',#3659,10.);
#1100=VECTOR('',#3660,10.);
#1101=VECTOR('',#3663,10.);
#1102=VECTOR('',#3664,10.);
#1103=VECTOR('',#3667,10.);
#1104=VECTOR('',#3670,10.);
#1105=VECTOR('',#3673,10.);
#1106=VECTOR('',#3674,10.);
#1107=VECTOR('',#3677,10.);
#1108=VECTOR('',#3680,10.);
#1109=VECTOR('',#3681,10.);
#1110=VECTOR('',#3682,10.);
#1111=VECTOR('',#3685,10.);
#1112=VECTOR('',#3686,10.);
#1113=VECTOR('',#3687,10.);
#1114=VECTOR('',#3690,10.);
#1115=VECTOR('',#3691,10.);
#1116=VECTOR('',#3692,10.);
#1117=VECTOR('',#3693,10.);
#1118=VECTOR('',#3704,10.);
#1119=VECTOR('',#3705,10.);
#1120=VECTOR('',#3706,10.);
#1121=VECTOR('',#3709,10.);
#1122=VECTOR('',#3710,10.);
#1123=VECTOR('',#3711,10.);
#1124=VECTOR('',#3714,10.);
#1125=VECTOR('',#3715,10.);
#1126=VECTOR('',#3716,10.);
#1127=VECTOR('',#3719,10.);
#1128=VECTOR('',#3720,10.);
#1129=VECTOR('',#3721,10.);
#1130=VECTOR('',#3722,10.);
#1131=VECTOR('',#3723,10.);
#1132=VECTOR('',#3726,10.);
#1133=VECTOR('',#3727,10.);
#1134=VECTOR('',#3730,10.);
#1135=VECTOR('',#3731,10.);
#1136=VECTOR('',#3732,10.);
#1137=VECTOR('',#3733,10.);
#1138=VECTOR('',#3736,10.);
#1139=VECTOR('',#3737,10.);
#1140=VECTOR('',#3740,10.);
#1141=VECTOR('',#3741,10.);
#1142=VECTOR('',#3742,10.);
#1143=VECTOR('',#3743,10.);
#1144=VECTOR('',#3748,10.);
#1145=VECTOR('',#3749,10.);
#1146=VECTOR('',#3752,10.);
#1147=VECTOR('',#3753,10.);
#1148=VECTOR('',#3762,1.5);
#1149=VECTOR('',#3767,1.5);
#1150=VECTOR('',#3772,1.5);
#1151=VECTOR('',#3777,1.5);
#1152=VECTOR('',#3798,1.5);
#1153=VECTOR('',#3805,1.5);
#1154=VECTOR('',#3812,1.5);
#1155=VECTOR('',#3819,1.5);
#1156=VECTOR('',#3826,10.);
#1157=VECTOR('',#3827,10.);
#1158=VECTOR('',#3828,10.);
#1159=VECTOR('',#3831,10.);
#1160=VECTOR('',#3832,10.);
#1161=VECTOR('',#3833,10.);
#1162=VECTOR('',#3836,10.);
#1163=VECTOR('',#3837,10.);
#1164=VECTOR('',#3838,10.);
#1165=VECTOR('',#3841,10.);
#1166=VECTOR('',#3842,10.);
#1167=VECTOR('',#3845,10.);
#1168=VECTOR('',#3846,10.);
#1169=VECTOR('',#3849,10.);
#1170=VECTOR('',#3850,10.);
#1171=VECTOR('',#3851,10.);
#1172=VECTOR('',#3854,10.);
#1173=VECTOR('',#3855,10.);
#1174=VECTOR('',#3858,10.);
#1175=VECTOR('',#3861,10.);
#1176=VECTOR('',#3864,10.);
#1177=VECTOR('',#3867,10.);
#1178=VECTOR('',#3868,10.);
#1179=VECTOR('',#3871,10.);
#1180=VECTOR('',#3872,10.);
#1181=VERTEX_POINT('',#3883);
#1182=VERTEX_POINT('',#3884);
#1183=VERTEX_POINT('',#3886);
#1184=VERTEX_POINT('',#3888);
#1185=VERTEX_POINT('',#3892);
#1186=VERTEX_POINT('',#3893);
#1187=VERTEX_POINT('',#3895);
#1188=VERTEX_POINT('',#3897);
#1189=VERTEX_POINT('',#3901);
#1190=VERTEX_POINT('',#3902);
#1191=VERTEX_POINT('',#3904);
#1192=VERTEX_POINT('',#3906);
#1193=VERTEX_POINT('',#3910);
#1194=VERTEX_POINT('',#3912);
#1195=VERTEX_POINT('',#3916);
#1196=VERTEX_POINT('',#3918);
#1197=VERTEX_POINT('',#3922);
#1198=VERTEX_POINT('',#3924);
#1199=VERTEX_POINT('',#3928);
#1200=VERTEX_POINT('',#3930);
#1201=VERTEX_POINT('',#3934);
#1202=VERTEX_POINT('',#3936);
#1203=VERTEX_POINT('',#3940);
#1204=VERTEX_POINT('',#3942);
#1205=VERTEX_POINT('',#3949);
#1206=VERTEX_POINT('',#3950);
#1207=VERTEX_POINT('',#3952);
#1208=VERTEX_POINT('',#3954);
#1209=VERTEX_POINT('',#3958);
#1210=VERTEX_POINT('',#3960);
#1211=VERTEX_POINT('',#3964);
#1212=VERTEX_POINT('',#3966);
#1213=VERTEX_POINT('',#3970);
#1214=VERTEX_POINT('',#3972);
#1215=VERTEX_POINT('',#3976);
#1216=VERTEX_POINT('',#3978);
#1217=VERTEX_POINT('',#3985);
#1218=VERTEX_POINT('',#3986);
#1219=VERTEX_POINT('',#3988);
#1220=VERTEX_POINT('',#3990);
#1221=VERTEX_POINT('',#4000);
#1222=VERTEX_POINT('',#4002);
#1223=VERTEX_POINT('',#4004);
#1224=VERTEX_POINT('',#4006);
#1225=VERTEX_POINT('',#4008);
#1226=VERTEX_POINT('',#4010);
#1227=VERTEX_POINT('',#4012);
#1228=VERTEX_POINT('',#4014);
#1229=VERTEX_POINT('',#4016);
#1230=VERTEX_POINT('',#4018);
#1231=VERTEX_POINT('',#4022);
#1232=VERTEX_POINT('',#4024);
#1233=VERTEX_POINT('',#4026);
#1234=VERTEX_POINT('',#4028);
#1235=VERTEX_POINT('',#4030);
#1236=VERTEX_POINT('',#4032);
#1237=VERTEX_POINT('',#4034);
#1238=VERTEX_POINT('',#4036);
#1239=VERTEX_POINT('',#4038);
#1240=VERTEX_POINT('',#4040);
#1241=VERTEX_POINT('',#4044);
#1242=VERTEX_POINT('',#4046);
#1243=VERTEX_POINT('',#4050);
#1244=VERTEX_POINT('',#4051);
#1245=VERTEX_POINT('',#4053);
#1246=VERTEX_POINT('',#4055);
#1247=VERTEX_POINT('',#4059);
#1248=VERTEX_POINT('',#4061);
#1249=VERTEX_POINT('',#4065);
#1250=VERTEX_POINT('',#4067);
#1251=VERTEX_POINT('',#4074);
#1252=VERTEX_POINT('',#4075);
#1253=VERTEX_POINT('',#4077);
#1254=VERTEX_POINT('',#4079);
#1255=VERTEX_POINT('',#4083);
#1256=VERTEX_POINT('',#4085);
#1257=VERTEX_POINT('',#4089);
#1258=VERTEX_POINT('',#4091);
#1259=VERTEX_POINT('',#4098);
#1260=VERTEX_POINT('',#4099);
#1261=VERTEX_POINT('',#4101);
#1262=VERTEX_POINT('',#4103);
#1263=VERTEX_POINT('',#4107);
#1264=VERTEX_POINT('',#4109);
#1265=VERTEX_POINT('',#4113);
#1266=VERTEX_POINT('',#4115);
#1267=VERTEX_POINT('',#4122);
#1268=VERTEX_POINT('',#4123);
#1269=VERTEX_POINT('',#4125);
#1270=VERTEX_POINT('',#4127);
#1271=VERTEX_POINT('',#4131);
#1272=VERTEX_POINT('',#4133);
#1273=VERTEX_POINT('',#4137);
#1274=VERTEX_POINT('',#4139);
#1275=VERTEX_POINT('',#4146);
#1276=VERTEX_POINT('',#4147);
#1277=VERTEX_POINT('',#4149);
#1278=VERTEX_POINT('',#4151);
#1279=VERTEX_POINT('',#4155);
#1280=VERTEX_POINT('',#4156);
#1281=VERTEX_POINT('',#4158);
#1282=VERTEX_POINT('',#4160);
#1283=VERTEX_POINT('',#4164);
#1284=VERTEX_POINT('',#4165);
#1285=VERTEX_POINT('',#4167);
#1286=VERTEX_POINT('',#4169);
#1287=VERTEX_POINT('',#4173);
#1288=VERTEX_POINT('',#4174);
#1289=VERTEX_POINT('',#4176);
#1290=VERTEX_POINT('',#4178);
#1291=VERTEX_POINT('',#4182);
#1292=VERTEX_POINT('',#4184);
#1293=VERTEX_POINT('',#4188);
#1294=VERTEX_POINT('',#4190);
#1295=VERTEX_POINT('',#4194);
#1296=VERTEX_POINT('',#4196);
#1297=VERTEX_POINT('',#4200);
#1298=VERTEX_POINT('',#4203);
#1299=VERTEX_POINT('',#4207);
#1300=VERTEX_POINT('',#4209);
#1301=VERTEX_POINT('',#4212);
#1302=VERTEX_POINT('',#4214);
#1303=VERTEX_POINT('',#4217);
#1304=VERTEX_POINT('',#4219);
#1305=VERTEX_POINT('',#4223);
#1306=VERTEX_POINT('',#4227);
#1307=VERTEX_POINT('',#4229);
#1308=VERTEX_POINT('',#4233);
#1309=VERTEX_POINT('',#4235);
#1310=VERTEX_POINT('',#4239);
#1311=VERTEX_POINT('',#4241);
#1312=VERTEX_POINT('',#4245);
#1313=VERTEX_POINT('',#4247);
#1314=VERTEX_POINT('',#4251);
#1315=VERTEX_POINT('',#4253);
#1316=VERTEX_POINT('',#4257);
#1317=VERTEX_POINT('',#4258);
#1318=VERTEX_POINT('',#4260);
#1319=VERTEX_POINT('',#4262);
#1320=VERTEX_POINT('',#4266);
#1321=VERTEX_POINT('',#4268);
#1322=VERTEX_POINT('',#4272);
#1323=VERTEX_POINT('',#4274);
#1324=VERTEX_POINT('',#4278);
#1325=VERTEX_POINT('',#4280);
#1326=VERTEX_POINT('',#4284);
#1327=VERTEX_POINT('',#4286);
#1328=VERTEX_POINT('',#4294);
#1329=VERTEX_POINT('',#4295);
#1330=VERTEX_POINT('',#4297);
#1331=VERTEX_POINT('',#4299);
#1332=VERTEX_POINT('',#4303);
#1333=VERTEX_POINT('',#4305);
#1334=VERTEX_POINT('',#4309);
#1335=VERTEX_POINT('',#4311);
#1336=VERTEX_POINT('',#4315);
#1337=VERTEX_POINT('',#4317);
#1338=VERTEX_POINT('',#4321);
#1339=VERTEX_POINT('',#4323);
#1340=VERTEX_POINT('',#4331);
#1341=VERTEX_POINT('',#4332);
#1342=VERTEX_POINT('',#4334);
#1343=VERTEX_POINT('',#4336);
#1344=VERTEX_POINT('',#4340);
#1345=VERTEX_POINT('',#4342);
#1346=VERTEX_POINT('',#4346);
#1347=VERTEX_POINT('',#4348);
#1348=VERTEX_POINT('',#4352);
#1349=VERTEX_POINT('',#4354);
#1350=VERTEX_POINT('',#4358);
#1351=VERTEX_POINT('',#4360);
#1352=VERTEX_POINT('',#4368);
#1353=VERTEX_POINT('',#4369);
#1354=VERTEX_POINT('',#4371);
#1355=VERTEX_POINT('',#4373);
#1356=VERTEX_POINT('',#4377);
#1357=VERTEX_POINT('',#4379);
#1358=VERTEX_POINT('',#4383);
#1359=VERTEX_POINT('',#4385);
#1360=VERTEX_POINT('',#4389);
#1361=VERTEX_POINT('',#4391);
#1362=VERTEX_POINT('',#4395);
#1363=VERTEX_POINT('',#4397);
#1364=VERTEX_POINT('',#4405);
#1365=VERTEX_POINT('',#4406);
#1366=VERTEX_POINT('',#4408);
#1367=VERTEX_POINT('',#4410);
#1368=VERTEX_POINT('',#4414);
#1369=VERTEX_POINT('',#4416);
#1370=VERTEX_POINT('',#4420);
#1371=VERTEX_POINT('',#4422);
#1372=VERTEX_POINT('',#4426);
#1373=VERTEX_POINT('',#4428);
#1374=VERTEX_POINT('',#4432);
#1375=VERTEX_POINT('',#4434);
#1376=VERTEX_POINT('',#4442);
#1377=VERTEX_POINT('',#4444);
#1378=VERTEX_POINT('',#4448);
#1379=VERTEX_POINT('',#4449);
#1380=VERTEX_POINT('',#4451);
#1381=VERTEX_POINT('',#4453);
#1382=VERTEX_POINT('',#4457);
#1383=VERTEX_POINT('',#4459);
#1384=VERTEX_POINT('',#4463);
#1385=VERTEX_POINT('',#4465);
#1386=VERTEX_POINT('',#4469);
#1387=VERTEX_POINT('',#4471);
#1388=VERTEX_POINT('',#4475);
#1389=VERTEX_POINT('',#4477);
#1390=VERTEX_POINT('',#4485);
#1391=VERTEX_POINT('',#4493);
#1392=VERTEX_POINT('',#4497);
#1393=VERTEX_POINT('',#4501);
#1394=VERTEX_POINT('',#4509);
#1395=VERTEX_POINT('',#4515);
#1396=VERTEX_POINT('',#4517);
#1397=VERTEX_POINT('',#4521);
#1398=VERTEX_POINT('',#4523);
#1399=VERTEX_POINT('',#4527);
#1400=VERTEX_POINT('',#4528);
#1401=VERTEX_POINT('',#4530);
#1402=VERTEX_POINT('',#4532);
#1403=VERTEX_POINT('',#4535);
#1404=VERTEX_POINT('',#4537);
#1405=VERTEX_POINT('',#4539);
#1406=VERTEX_POINT('',#4541);
#1407=VERTEX_POINT('',#4544);
#1408=VERTEX_POINT('',#4546);
#1409=VERTEX_POINT('',#4550);
#1410=VERTEX_POINT('',#4552);
#1411=VERTEX_POINT('',#4556);
#1412=VERTEX_POINT('',#4558);
#1413=VERTEX_POINT('',#4562);
#1414=VERTEX_POINT('',#4563);
#1415=VERTEX_POINT('',#4566);
#1416=VERTEX_POINT('',#4571);
#1417=VERTEX_POINT('',#4575);
#1418=VERTEX_POINT('',#4577);
#1419=VERTEX_POINT('',#4582);
#1420=VERTEX_POINT('',#4587);
#1421=VERTEX_POINT('',#4589);
#1422=VERTEX_POINT('',#4594);
#1423=VERTEX_POINT('',#4604);
#1424=VERTEX_POINT('',#4608);
#1425=VERTEX_POINT('',#4612);
#1426=VERTEX_POINT('',#4616);
#1427=VERTEX_POINT('',#4620);
#1428=VERTEX_POINT('',#4623);
#1429=VERTEX_POINT('',#4626);
#1430=VERTEX_POINT('',#4629);
#1431=VERTEX_POINT('',#4632);
#1432=VERTEX_POINT('',#4637);
#1433=VERTEX_POINT('',#4642);
#1434=VERTEX_POINT('',#4647);
#1435=VERTEX_POINT('',#4652);
#1436=VERTEX_POINT('',#4653);
#1437=VERTEX_POINT('',#4655);
#1438=VERTEX_POINT('',#4659);
#1439=VERTEX_POINT('',#4660);
#1440=VERTEX_POINT('',#4665);
#1441=VERTEX_POINT('',#4666);
#1442=VERTEX_POINT('',#4668);
#1443=VERTEX_POINT('',#4678);
#1444=VERTEX_POINT('',#4680);
#1445=EDGE_CURVE('',#1181,#1182,#433,.T.);
#1446=EDGE_CURVE('',#1183,#1181,#434,.T.);
#1447=EDGE_CURVE('',#1183,#1184,#435,.T.);
#1448=EDGE_CURVE('',#1184,#1182,#436,.T.);
#1449=EDGE_CURVE('',#1185,#1186,#437,.T.);
#1450=EDGE_CURVE('',#1185,#1187,#438,.T.);
#1451=EDGE_CURVE('',#1188,#1187,#439,.T.);
#1452=EDGE_CURVE('',#1186,#1188,#440,.T.);
#1453=EDGE_CURVE('',#1189,#1190,#441,.T.);
#1454=EDGE_CURVE('',#1189,#1191,#442,.T.);
#1455=EDGE_CURVE('',#1192,#1191,#443,.T.);
#1456=EDGE_CURVE('',#1190,#1192,#444,.T.);
#1457=EDGE_CURVE('',#1193,#1183,#445,.T.);
#1458=EDGE_CURVE('',#1193,#1194,#446,.T.);
#1459=EDGE_CURVE('',#1194,#1184,#447,.T.);
#1460=EDGE_CURVE('',#1195,#1193,#448,.T.);
#1461=EDGE_CURVE('',#1195,#1196,#449,.T.);
#1462=EDGE_CURVE('',#1196,#1194,#450,.T.);
#1463=EDGE_CURVE('',#1197,#1195,#451,.T.);
#1464=EDGE_CURVE('',#1197,#1198,#452,.T.);
#1465=EDGE_CURVE('',#1198,#1196,#453,.T.);
#1466=EDGE_CURVE('',#1199,#1197,#454,.T.);
#1467=EDGE_CURVE('',#1199,#1200,#455,.T.);
#1468=EDGE_CURVE('',#1200,#1198,#456,.T.);
#1469=EDGE_CURVE('',#1201,#1199,#457,.T.);
#1470=EDGE_CURVE('',#1201,#1202,#458,.T.);
#1471=EDGE_CURVE('',#1202,#1200,#459,.T.);
#1472=EDGE_CURVE('',#1203,#1201,#460,.T.);
#1473=EDGE_CURVE('',#1203,#1204,#461,.T.);
#1474=EDGE_CURVE('',#1204,#1202,#462,.T.);
#1475=EDGE_CURVE('',#1188,#1203,#463,.T.);
#1476=EDGE_CURVE('',#1187,#1204,#464,.T.);
#1477=EDGE_CURVE('',#1205,#1206,#465,.T.);
#1478=EDGE_CURVE('',#1205,#1207,#466,.T.);
#1479=EDGE_CURVE('',#1207,#1208,#467,.T.);
#1480=EDGE_CURVE('',#1206,#1208,#468,.T.);
#1481=EDGE_CURVE('',#1209,#1205,#469,.T.);
#1482=EDGE_CURVE('',#1209,#1210,#470,.T.);
#1483=EDGE_CURVE('',#1210,#1207,#471,.T.);
#1484=EDGE_CURVE('',#1211,#1209,#472,.T.);
#1485=EDGE_CURVE('',#1211,#1212,#473,.T.);
#1486=EDGE_CURVE('',#1212,#1210,#474,.T.);
#1487=EDGE_CURVE('',#1213,#1211,#475,.T.);
#1488=EDGE_CURVE('',#1213,#1214,#476,.T.);
#1489=EDGE_CURVE('',#1214,#1212,#477,.T.);
#1490=EDGE_CURVE('',#1215,#1213,#478,.T.);
#1491=EDGE_CURVE('',#1215,#1216,#479,.T.);
#1492=EDGE_CURVE('',#1216,#1214,#480,.T.);
#1493=EDGE_CURVE('',#1192,#1215,#481,.T.);
#1494=EDGE_CURVE('',#1191,#1216,#482,.T.);
#1495=EDGE_CURVE('',#1217,#1218,#483,.T.);
#1496=EDGE_CURVE('',#1219,#1217,#484,.T.);
#1497=EDGE_CURVE('',#1219,#1220,#485,.T.);
#1498=EDGE_CURVE('',#1220,#1218,#486,.T.);
#1499=EDGE_CURVE('',#1206,#1219,#487,.T.);
#1500=EDGE_CURVE('',#1208,#1220,#488,.T.);
#1501=EDGE_CURVE('',#1218,#1185,#489,.T.);
#1502=EDGE_CURVE('',#1182,#1189,#490,.T.);
#1503=EDGE_CURVE('',#1217,#1221,#491,.T.);
#1504=EDGE_CURVE('',#1221,#1222,#492,.T.);
#1505=EDGE_CURVE('',#1222,#1223,#493,.T.);
#1506=EDGE_CURVE('',#1223,#1224,#494,.T.);
#1507=EDGE_CURVE('',#1224,#1225,#495,.T.);
#1508=EDGE_CURVE('',#1225,#1226,#496,.T.);
#1509=EDGE_CURVE('',#1226,#1227,#497,.T.);
#1510=EDGE_CURVE('',#1227,#1228,#498,.T.);
#1511=EDGE_CURVE('',#1228,#1229,#499,.T.);
#1512=EDGE_CURVE('',#1229,#1230,#500,.T.);
#1513=EDGE_CURVE('',#1230,#1190,#501,.T.);
#1514=EDGE_CURVE('',#1181,#1231,#502,.T.);
#1515=EDGE_CURVE('',#1231,#1232,#503,.T.);
#1516=EDGE_CURVE('',#1232,#1233,#504,.T.);
#1517=EDGE_CURVE('',#1233,#1234,#505,.T.);
#1518=EDGE_CURVE('',#1234,#1235,#506,.T.);
#1519=EDGE_CURVE('',#1235,#1236,#507,.T.);
#1520=EDGE_CURVE('',#1236,#1237,#508,.T.);
#1521=EDGE_CURVE('',#1237,#1238,#509,.T.);
#1522=EDGE_CURVE('',#1238,#1239,#510,.T.);
#1523=EDGE_CURVE('',#1239,#1240,#511,.T.);
#1524=EDGE_CURVE('',#1240,#1186,#512,.T.);
#1525=EDGE_CURVE('',#1241,#1230,#513,.T.);
#1526=EDGE_CURVE('',#1242,#1241,#514,.T.);
#1527=EDGE_CURVE('',#1242,#1231,#515,.T.);
#1528=EDGE_CURVE('',#1243,#1244,#516,.T.);
#1529=EDGE_CURVE('',#1245,#1243,#517,.T.);
#1530=EDGE_CURVE('',#1246,#1245,#518,.T.);
#1531=EDGE_CURVE('',#1246,#1244,#519,.T.);
#1532=EDGE_CURVE('',#1244,#1247,#520,.T.);
#1533=EDGE_CURVE('',#1248,#1246,#521,.T.);
#1534=EDGE_CURVE('',#1248,#1247,#522,.T.);
#1535=EDGE_CURVE('',#1247,#1249,#523,.T.);
#1536=EDGE_CURVE('',#1250,#1248,#524,.T.);
#1537=EDGE_CURVE('',#1250,#1249,#525,.T.);
#1538=EDGE_CURVE('',#1249,#1243,#526,.T.);
#1539=EDGE_CURVE('',#1245,#1250,#527,.T.);
#1540=EDGE_CURVE('',#1251,#1252,#528,.T.);
#1541=EDGE_CURVE('',#1253,#1251,#529,.T.);
#1542=EDGE_CURVE('',#1254,#1253,#530,.T.);
#1543=EDGE_CURVE('',#1254,#1252,#531,.T.);
#1544=EDGE_CURVE('',#1255,#1251,#532,.T.);
#1545=EDGE_CURVE('',#1256,#1255,#533,.T.);
#1546=EDGE_CURVE('',#1253,#1256,#534,.T.);
#1547=EDGE_CURVE('',#1257,#1255,#535,.T.);
#1548=EDGE_CURVE('',#1258,#1257,#536,.T.);
#1549=EDGE_CURVE('',#1256,#1258,#537,.T.);
#1550=EDGE_CURVE('',#1252,#1257,#538,.T.);
#1551=EDGE_CURVE('',#1258,#1254,#539,.T.);
#1552=EDGE_CURVE('',#1259,#1260,#540,.T.);
#1553=EDGE_CURVE('',#1261,#1259,#541,.T.);
#1554=EDGE_CURVE('',#1262,#1261,#542,.T.);
#1555=EDGE_CURVE('',#1262,#1260,#543,.T.);
#1556=EDGE_CURVE('',#1263,#1259,#544,.T.);
#1557=EDGE_CURVE('',#1264,#1263,#545,.T.);
#1558=EDGE_CURVE('',#1261,#1264,#546,.T.);
#1559=EDGE_CURVE('',#1265,#1263,#547,.T.);
#1560=EDGE_CURVE('',#1266,#1265,#548,.T.);
#1561=EDGE_CURVE('',#1264,#1266,#549,.T.);
#1562=EDGE_CURVE('',#1260,#1265,#550,.T.);
#1563=EDGE_CURVE('',#1266,#1262,#551,.T.);
#1564=EDGE_CURVE('',#1267,#1268,#552,.T.);
#1565=EDGE_CURVE('',#1269,#1267,#553,.T.);
#1566=EDGE_CURVE('',#1270,#1269,#554,.T.);
#1567=EDGE_CURVE('',#1270,#1268,#555,.T.);
#1568=EDGE_CURVE('',#1268,#1271,#556,.T.);
#1569=EDGE_CURVE('',#1272,#1270,#557,.T.);
#1570=EDGE_CURVE('',#1272,#1271,#558,.T.);
#1571=EDGE_CURVE('',#1271,#1273,#559,.T.);
#1572=EDGE_CURVE('',#1274,#1272,#560,.T.);
#1573=EDGE_CURVE('',#1274,#1273,#561,.T.);
#1574=EDGE_CURVE('',#1273,#1267,#562,.T.);
#1575=EDGE_CURVE('',#1269,#1274,#563,.T.);
#1576=EDGE_CURVE('',#1275,#1276,#564,.T.);
#1577=EDGE_CURVE('',#1277,#1275,#565,.T.);
#1578=EDGE_CURVE('',#1278,#1277,#566,.T.);
#1579=EDGE_CURVE('',#1276,#1278,#567,.T.);
#1580=EDGE_CURVE('',#1279,#1280,#568,.T.);
#1581=EDGE_CURVE('',#1281,#1279,#569,.T.);
#1582=EDGE_CURVE('',#1282,#1281,#570,.T.);
#1583=EDGE_CURVE('',#1280,#1282,#571,.T.);
#1584=EDGE_CURVE('',#1283,#1284,#572,.T.);
#1585=EDGE_CURVE('',#1285,#1283,#573,.T.);
#1586=EDGE_CURVE('',#1286,#1285,#574,.T.);
#1587=EDGE_CURVE('',#1284,#1286,#575,.T.);
#1588=EDGE_CURVE('',#1287,#1288,#576,.T.);
#1589=EDGE_CURVE('',#1289,#1287,#577,.T.);
#1590=EDGE_CURVE('',#1290,#1289,#578,.T.);
#1591=EDGE_CURVE('',#1288,#1290,#579,.T.);
#1592=EDGE_CURVE('',#1291,#1277,#580,.T.);
#1593=EDGE_CURVE('',#1292,#1291,#581,.T.);
#1594=EDGE_CURVE('',#1292,#1278,#582,.T.);
#1595=EDGE_CURVE('',#1293,#1279,#583,.T.);
#1596=EDGE_CURVE('',#1294,#1293,#584,.T.);
#1597=EDGE_CURVE('',#1294,#1281,#585,.T.);
#1598=EDGE_CURVE('',#1295,#1285,#586,.T.);
#1599=EDGE_CURVE('',#1296,#1295,#587,.T.);
#1600=EDGE_CURVE('',#1296,#1286,#588,.T.);
#1601=EDGE_CURVE('',#1297,#1292,#589,.T.);
#1602=EDGE_CURVE('',#1297,#1284,#590,.T.);
#1603=EDGE_CURVE('',#1298,#1296,#591,.T.);
#1604=EDGE_CURVE('',#1298,#1282,#592,.T.);
#1605=EDGE_CURVE('',#1241,#1294,#593,.T.);
#1606=EDGE_CURVE('',#1299,#1229,#594,.T.);
#1607=EDGE_CURVE('',#1300,#1299,#595,.T.);
#1608=EDGE_CURVE('',#1222,#1300,#596,.T.);
#1609=EDGE_CURVE('',#1301,#1221,#597,.T.);
#1610=EDGE_CURVE('',#1302,#1301,#598,.T.);
#1611=EDGE_CURVE('',#1302,#1288,#599,.T.);
#1612=EDGE_CURVE('',#1303,#1290,#600,.T.);
#1613=EDGE_CURVE('',#1304,#1303,#601,.T.);
#1614=EDGE_CURVE('',#1304,#1276,#602,.T.);
#1615=EDGE_CURVE('',#1305,#1289,#603,.T.);
#1616=EDGE_CURVE('',#1303,#1305,#604,.T.);
#1617=EDGE_CURVE('',#1306,#1306,#49,.T.);
#1618=EDGE_CURVE('',#1306,#1307,#605,.T.);
#1619=EDGE_CURVE('',#1307,#1307,#50,.T.);
#1620=EDGE_CURVE('',#1308,#1308,#51,.T.);
#1621=EDGE_CURVE('',#1308,#1309,#606,.T.);
#1622=EDGE_CURVE('',#1309,#1309,#52,.T.);
#1623=EDGE_CURVE('',#1310,#1310,#53,.T.);
#1624=EDGE_CURVE('',#1310,#1311,#607,.T.);
#1625=EDGE_CURVE('',#1311,#1311,#54,.T.);
#1626=EDGE_CURVE('',#1312,#1312,#55,.T.);
#1627=EDGE_CURVE('',#1312,#1313,#608,.T.);
#1628=EDGE_CURVE('',#1313,#1313,#56,.T.);
#1629=EDGE_CURVE('',#1314,#1314,#57,.T.);
#1630=EDGE_CURVE('',#1314,#1315,#609,.T.);
#1631=EDGE_CURVE('',#1315,#1315,#58,.T.);
#1632=EDGE_CURVE('',#1316,#1317,#610,.T.);
#1633=EDGE_CURVE('',#1316,#1318,#611,.T.);
#1634=EDGE_CURVE('',#1318,#1319,#612,.T.);
#1635=EDGE_CURVE('',#1317,#1319,#613,.T.);
#1636=EDGE_CURVE('',#1320,#1316,#614,.T.);
#1637=EDGE_CURVE('',#1320,#1321,#615,.T.);
#1638=EDGE_CURVE('',#1321,#1318,#616,.T.);
#1639=EDGE_CURVE('',#1322,#1320,#617,.T.);
#1640=EDGE_CURVE('',#1322,#1323,#618,.T.);
#1641=EDGE_CURVE('',#1323,#1321,#619,.T.);
#1642=EDGE_CURVE('',#1324,#1322,#620,.T.);
#1643=EDGE_CURVE('',#1324,#1325,#621,.T.);
#1644=EDGE_CURVE('',#1325,#1323,#622,.T.);
#1645=EDGE_CURVE('',#1326,#1324,#623,.T.);
#1646=EDGE_CURVE('',#1326,#1327,#624,.T.);
#1647=EDGE_CURVE('',#1327,#1325,#625,.T.);
#1648=EDGE_CURVE('',#1317,#1326,#626,.T.);
#1649=EDGE_CURVE('',#1319,#1327,#627,.T.);
#1650=EDGE_CURVE('',#1328,#1329,#628,.T.);
#1651=EDGE_CURVE('',#1328,#1330,#629,.T.);
#1652=EDGE_CURVE('',#1330,#1331,#630,.T.);
#1653=EDGE_CURVE('',#1329,#1331,#631,.T.);
#1654=EDGE_CURVE('',#1332,#1328,#632,.T.);
#1655=EDGE_CURVE('',#1332,#1333,#633,.T.);
#1656=EDGE_CURVE('',#1333,#1330,#634,.T.);
#1657=EDGE_CURVE('',#1334,#1332,#635,.T.);
#1658=EDGE_CURVE('',#1334,#1335,#636,.T.);
#1659=EDGE_CURVE('',#1335,#1333,#637,.T.);
#1660=EDGE_CURVE('',#1336,#1334,#638,.T.);
#1661=EDGE_CURVE('',#1336,#1337,#639,.T.);
#1662=EDGE_CURVE('',#1337,#1335,#640,.T.);
#1663=EDGE_CURVE('',#1338,#1336,#641,.T.);
#1664=EDGE_CURVE('',#1338,#1339,#642,.T.);
#1665=EDGE_CURVE('',#1339,#1337,#643,.T.);
#1666=EDGE_CURVE('',#1329,#1338,#644,.T.);
#1667=EDGE_CURVE('',#1331,#1339,#645,.T.);
#1668=EDGE_CURVE('',#1340,#1341,#646,.T.);
#1669=EDGE_CURVE('',#1340,#1342,#647,.T.);
#1670=EDGE_CURVE('',#1342,#1343,#648,.T.);
#1671=EDGE_CURVE('',#1341,#1343,#649,.T.);
#1672=EDGE_CURVE('',#1344,#1340,#650,.T.);
#1673=EDGE_CURVE('',#1344,#1345,#651,.T.);
#1674=EDGE_CURVE('',#1345,#1342,#652,.T.);
#1675=EDGE_CURVE('',#1346,#1344,#653,.T.);
#1676=EDGE_CURVE('',#1346,#1347,#654,.T.);
#1677=EDGE_CURVE('',#1347,#1345,#655,.T.);
#1678=EDGE_CURVE('',#1348,#1346,#656,.T.);
#1679=EDGE_CURVE('',#1348,#1349,#657,.T.);
#1680=EDGE_CURVE('',#1349,#1347,#658,.T.);
#1681=EDGE_CURVE('',#1350,#1348,#659,.T.);
#1682=EDGE_CURVE('',#1350,#1351,#660,.T.);
#1683=EDGE_CURVE('',#1351,#1349,#661,.T.);
#1684=EDGE_CURVE('',#1341,#1350,#662,.T.);
#1685=EDGE_CURVE('',#1343,#1351,#663,.T.);
#1686=EDGE_CURVE('',#1352,#1353,#664,.T.);
#1687=EDGE_CURVE('',#1352,#1354,#665,.T.);
#1688=EDGE_CURVE('',#1354,#1355,#666,.T.);
#1689=EDGE_CURVE('',#1353,#1355,#667,.T.);
#1690=EDGE_CURVE('',#1356,#1352,#668,.T.);
#1691=EDGE_CURVE('',#1356,#1357,#669,.T.);
#1692=EDGE_CURVE('',#1357,#1354,#670,.T.);
#1693=EDGE_CURVE('',#1358,#1356,#671,.T.);
#1694=EDGE_CURVE('',#1358,#1359,#672,.T.);
#1695=EDGE_CURVE('',#1359,#1357,#673,.T.);
#1696=EDGE_CURVE('',#1360,#1358,#674,.T.);
#1697=EDGE_CURVE('',#1360,#1361,#675,.T.);
#1698=EDGE_CURVE('',#1361,#1359,#676,.T.);
#1699=EDGE_CURVE('',#1362,#1360,#677,.T.);
#1700=EDGE_CURVE('',#1362,#1363,#678,.T.);
#1701=EDGE_CURVE('',#1363,#1361,#679,.T.);
#1702=EDGE_CURVE('',#1353,#1362,#680,.T.);
#1703=EDGE_CURVE('',#1355,#1363,#681,.T.);
#1704=EDGE_CURVE('',#1364,#1365,#682,.T.);
#1705=EDGE_CURVE('',#1364,#1366,#683,.T.);
#1706=EDGE_CURVE('',#1366,#1367,#684,.T.);
#1707=EDGE_CURVE('',#1365,#1367,#685,.T.);
#1708=EDGE_CURVE('',#1368,#1364,#686,.T.);
#1709=EDGE_CURVE('',#1368,#1369,#687,.T.);
#1710=EDGE_CURVE('',#1369,#1366,#688,.T.);
#1711=EDGE_CURVE('',#1370,#1368,#689,.T.);
#1712=EDGE_CURVE('',#1370,#1371,#690,.T.);
#1713=EDGE_CURVE('',#1371,#1369,#691,.T.);
#1714=EDGE_CURVE('',#1372,#1370,#692,.T.);
#1715=EDGE_CURVE('',#1372,#1373,#693,.T.);
#1716=EDGE_CURVE('',#1373,#1371,#694,.T.);
#1717=EDGE_CURVE('',#1374,#1372,#695,.T.);
#1718=EDGE_CURVE('',#1374,#1375,#696,.T.);
#1719=EDGE_CURVE('',#1375,#1373,#697,.T.);
#1720=EDGE_CURVE('',#1365,#1374,#698,.T.);
#1721=EDGE_CURVE('',#1367,#1375,#699,.T.);
#1722=EDGE_CURVE('',#1376,#1376,#59,.T.);
#1723=EDGE_CURVE('',#1376,#1377,#700,.T.);
#1724=EDGE_CURVE('',#1377,#1377,#60,.T.);
#1725=EDGE_CURVE('',#1378,#1379,#701,.T.);
#1726=EDGE_CURVE('',#1378,#1380,#702,.T.);
#1727=EDGE_CURVE('',#1380,#1381,#703,.T.);
#1728=EDGE_CURVE('',#1379,#1381,#704,.T.);
#1729=EDGE_CURVE('',#1382,#1378,#705,.T.);
#1730=EDGE_CURVE('',#1382,#1383,#706,.T.);
#1731=EDGE_CURVE('',#1383,#1380,#707,.T.);
#1732=EDGE_CURVE('',#1384,#1382,#708,.T.);
#1733=EDGE_CURVE('',#1384,#1385,#709,.T.);
#1734=EDGE_CURVE('',#1385,#1383,#710,.T.);
#1735=EDGE_CURVE('',#1386,#1384,#711,.T.);
#1736=EDGE_CURVE('',#1386,#1387,#712,.T.);
#1737=EDGE_CURVE('',#1387,#1385,#713,.T.);
#1738=EDGE_CURVE('',#1388,#1386,#714,.T.);
#1739=EDGE_CURVE('',#1388,#1389,#715,.T.);
#1740=EDGE_CURVE('',#1389,#1387,#716,.T.);
#1741=EDGE_CURVE('',#1379,#1388,#717,.T.);
#1742=EDGE_CURVE('',#1381,#1389,#718,.T.);
#1743=EDGE_CURVE('',#1390,#1298,#719,.T.);
#1744=EDGE_CURVE('',#1390,#1280,#720,.T.);
#1745=EDGE_CURVE('',#1293,#1242,#721,.T.);
#1746=EDGE_CURVE('',#1295,#1390,#722,.T.);
#1747=EDGE_CURVE('',#1391,#1240,#723,.T.);
#1748=EDGE_CURVE('',#1301,#1391,#724,.T.);
#1749=EDGE_CURVE('',#1391,#1392,#725,.T.);
#1750=EDGE_CURVE('',#1392,#1302,#726,.T.);
#1751=EDGE_CURVE('',#1393,#1297,#727,.T.);
#1752=EDGE_CURVE('',#1393,#1283,#728,.T.);
#1753=EDGE_CURVE('',#1291,#1393,#729,.T.);
#1754=EDGE_CURVE('',#1392,#1287,#730,.T.);
#1755=EDGE_CURVE('',#1305,#1394,#731,.T.);
#1756=EDGE_CURVE('',#1394,#1304,#732,.T.);
#1757=EDGE_CURVE('',#1394,#1275,#733,.T.);
#1758=EDGE_CURVE('',#1239,#1395,#734,.T.);
#1759=EDGE_CURVE('',#1395,#1396,#735,.T.);
#1760=EDGE_CURVE('',#1396,#1232,#736,.T.);
#1761=EDGE_CURVE('',#1237,#1397,#737,.T.);
#1762=EDGE_CURVE('',#1397,#1398,#738,.T.);
#1763=EDGE_CURVE('',#1398,#1238,#739,.T.);
#1764=EDGE_CURVE('',#1399,#1400,#740,.T.);
#1765=EDGE_CURVE('',#1400,#1401,#741,.T.);
#1766=EDGE_CURVE('',#1401,#1402,#742,.T.);
#1767=EDGE_CURVE('',#1402,#1399,#743,.T.);
#1768=EDGE_CURVE('',#1403,#1403,#61,.T.);
#1769=EDGE_CURVE('',#1404,#1404,#62,.T.);
#1770=EDGE_CURVE('',#1405,#1405,#63,.T.);
#1771=EDGE_CURVE('',#1406,#1406,#64,.T.);
#1772=EDGE_CURVE('',#1233,#1407,#744,.T.);
#1773=EDGE_CURVE('',#1407,#1408,#745,.T.);
#1774=EDGE_CURVE('',#1408,#1234,#746,.T.);
#1775=EDGE_CURVE('',#1235,#1409,#747,.T.);
#1776=EDGE_CURVE('',#1409,#1410,#748,.T.);
#1777=EDGE_CURVE('',#1410,#1236,#749,.T.);
#1778=EDGE_CURVE('',#1408,#1411,#750,.T.);
#1779=EDGE_CURVE('',#1411,#1412,#751,.T.);
#1780=EDGE_CURVE('',#1412,#1409,#752,.T.);
#1781=EDGE_CURVE('',#1413,#1414,#753,.T.);
#1782=EDGE_CURVE('',#1414,#1400,#754,.T.);
#1783=EDGE_CURVE('',#1399,#1415,#755,.T.);
#1784=EDGE_CURVE('',#1415,#1411,#756,.T.);
#1785=EDGE_CURVE('',#1407,#1413,#757,.T.);
#1786=EDGE_CURVE('',#1396,#1416,#758,.T.);
#1787=EDGE_CURVE('',#1416,#1413,#759,.T.);
#1788=EDGE_CURVE('',#1395,#1417,#760,.T.);
#1789=EDGE_CURVE('',#1417,#1418,#761,.T.);
#1790=EDGE_CURVE('',#1418,#1401,#762,.T.);
#1791=EDGE_CURVE('',#1414,#1416,#763,.T.);
#1792=EDGE_CURVE('',#1398,#1419,#764,.T.);
#1793=EDGE_CURVE('',#1419,#1417,#765,.T.);
#1794=EDGE_CURVE('',#1418,#1419,#766,.T.);
#1795=EDGE_CURVE('',#1397,#1420,#767,.T.);
#1796=EDGE_CURVE('',#1420,#1421,#768,.T.);
#1797=EDGE_CURVE('',#1421,#1402,#769,.T.);
#1798=EDGE_CURVE('',#1410,#1422,#770,.T.);
#1799=EDGE_CURVE('',#1422,#1420,#771,.T.);
#1800=EDGE_CURVE('',#1421,#1422,#772,.T.);
#1801=EDGE_CURVE('',#1412,#1415,#773,.T.);
#1802=EDGE_CURVE('',#1404,#1423,#774,.T.);
#1803=EDGE_CURVE('',#1423,#1423,#65,.T.);
#1804=EDGE_CURVE('',#1405,#1424,#775,.T.);
#1805=EDGE_CURVE('',#1424,#1424,#66,.T.);
#1806=EDGE_CURVE('',#1403,#1425,#776,.T.);
#1807=EDGE_CURVE('',#1425,#1425,#67,.T.);
#1808=EDGE_CURVE('',#1406,#1426,#777,.T.);
#1809=EDGE_CURVE('',#1426,#1426,#68,.T.);
#1810=EDGE_CURVE('',#1427,#1427,#69,.T.);
#1811=EDGE_CURVE('',#1428,#1428,#70,.T.);
#1812=EDGE_CURVE('',#1429,#1429,#71,.T.);
#1813=EDGE_CURVE('',#1430,#1430,#72,.T.);
#1814=EDGE_CURVE('',#1427,#1431,#778,.T.);
#1815=EDGE_CURVE('',#1431,#1431,#73,.T.);
#1816=EDGE_CURVE('',#1428,#1432,#779,.T.);
#1817=EDGE_CURVE('',#1432,#1432,#74,.T.);
#1818=EDGE_CURVE('',#1429,#1433,#780,.T.);
#1819=EDGE_CURVE('',#1433,#1433,#75,.T.);
#1820=EDGE_CURVE('',#1430,#1434,#781,.T.);
#1821=EDGE_CURVE('',#1434,#1434,#76,.T.);
#1822=EDGE_CURVE('',#1435,#1436,#782,.T.);
#1823=EDGE_CURVE('',#1437,#1435,#783,.T.);
#1824=EDGE_CURVE('',#1436,#1437,#784,.T.);
#1825=EDGE_CURVE('',#1438,#1439,#785,.T.);
#1826=EDGE_CURVE('',#1299,#1438,#786,.T.);
#1827=EDGE_CURVE('',#1439,#1299,#787,.T.);
#1828=EDGE_CURVE('',#1440,#1441,#788,.T.);
#1829=EDGE_CURVE('',#1442,#1440,#789,.T.);
#1830=EDGE_CURVE('',#1441,#1442,#790,.T.);
#1831=EDGE_CURVE('',#1435,#1442,#791,.T.);
#1832=EDGE_CURVE('',#1440,#1437,#792,.T.);
#1833=EDGE_CURVE('',#1224,#1441,#793,.T.);
#1834=EDGE_CURVE('',#1442,#1225,#794,.T.);
#1835=EDGE_CURVE('',#1443,#1300,#795,.T.);
#1836=EDGE_CURVE('',#1444,#1443,#796,.T.);
#1837=EDGE_CURVE('',#1300,#1444,#797,.T.);
#1838=EDGE_CURVE('',#1441,#1444,#798,.T.);
#1839=EDGE_CURVE('',#1443,#1440,#799,.T.);
#1840=EDGE_CURVE('',#1444,#1223,#800,.T.);
#1841=EDGE_CURVE('',#1438,#1443,#801,.T.);
#1842=EDGE_CURVE('',#1228,#1439,#802,.T.);
#1843=EDGE_CURVE('',#1439,#1436,#803,.T.);
#1844=EDGE_CURVE('',#1437,#1438,#804,.T.);
#1845=EDGE_CURVE('',#1226,#1435,#805,.T.);
#1846=EDGE_CURVE('',#1436,#1227,#806,.T.);
#1847=ORIENTED_EDGE('',*,*,#1445,.F.);
#1848=ORIENTED_EDGE('',*,*,#1446,.F.);
#1849=ORIENTED_EDGE('',*,*,#1447,.T.);
#1850=ORIENTED_EDGE('',*,*,#1448,.T.);
#1851=ORIENTED_EDGE('',*,*,#1449,.F.);
#1852=ORIENTED_EDGE('',*,*,#1450,.T.);
#1853=ORIENTED_EDGE('',*,*,#1451,.F.);
#1854=ORIENTED_EDGE('',*,*,#1452,.F.);
#1855=ORIENTED_EDGE('',*,*,#1453,.F.);
#1856=ORIENTED_EDGE('',*,*,#1454,.T.);
#1857=ORIENTED_EDGE('',*,*,#1455,.F.);
#1858=ORIENTED_EDGE('',*,*,#1456,.F.);
#1859=ORIENTED_EDGE('',*,*,#1457,.F.);
#1860=ORIENTED_EDGE('',*,*,#1458,.T.);
#1861=ORIENTED_EDGE('',*,*,#1459,.T.);
#1862=ORIENTED_EDGE('',*,*,#1447,.F.);
#1863=ORIENTED_EDGE('',*,*,#1460,.F.);
#1864=ORIENTED_EDGE('',*,*,#1461,.T.);
#1865=ORIENTED_EDGE('',*,*,#1462,.T.);
#1866=ORIENTED_EDGE('',*,*,#1458,.F.);
#1867=ORIENTED_EDGE('',*,*,#1463,.F.);
#1868=ORIENTED_EDGE('',*,*,#1464,.T.);
#1869=ORIENTED_EDGE('',*,*,#1465,.T.);
#1870=ORIENTED_EDGE('',*,*,#1461,.F.);
#1871=ORIENTED_EDGE('',*,*,#1466,.F.);
#1872=ORIENTED_EDGE('',*,*,#1467,.T.);
#1873=ORIENTED_EDGE('',*,*,#1468,.T.);
#1874=ORIENTED_EDGE('',*,*,#1464,.F.);
#1875=ORIENTED_EDGE('',*,*,#1469,.F.);
#1876=ORIENTED_EDGE('',*,*,#1470,.T.);
#1877=ORIENTED_EDGE('',*,*,#1471,.T.);
#1878=ORIENTED_EDGE('',*,*,#1467,.F.);
#1879=ORIENTED_EDGE('',*,*,#1472,.F.);
#1880=ORIENTED_EDGE('',*,*,#1473,.T.);
#1881=ORIENTED_EDGE('',*,*,#1474,.T.);
#1882=ORIENTED_EDGE('',*,*,#1470,.F.);
#1883=ORIENTED_EDGE('',*,*,#1475,.F.);
#1884=ORIENTED_EDGE('',*,*,#1451,.T.);
#1885=ORIENTED_EDGE('',*,*,#1476,.T.);
#1886=ORIENTED_EDGE('',*,*,#1473,.F.);
#1887=ORIENTED_EDGE('',*,*,#1477,.F.);
#1888=ORIENTED_EDGE('',*,*,#1478,.T.);
#1889=ORIENTED_EDGE('',*,*,#1479,.T.);
#1890=ORIENTED_EDGE('',*,*,#1480,.F.);
#1891=ORIENTED_EDGE('',*,*,#1481,.F.);
#1892=ORIENTED_EDGE('',*,*,#1482,.T.);
#1893=ORIENTED_EDGE('',*,*,#1483,.T.);
#1894=ORIENTED_EDGE('',*,*,#1478,.F.);
#1895=ORIENTED_EDGE('',*,*,#1484,.F.);
#1896=ORIENTED_EDGE('',*,*,#1485,.T.);
#1897=ORIENTED_EDGE('',*,*,#1486,.T.);
#1898=ORIENTED_EDGE('',*,*,#1482,.F.);
#1899=ORIENTED_EDGE('',*,*,#1487,.F.);
#1900=ORIENTED_EDGE('',*,*,#1488,.T.);
#1901=ORIENTED_EDGE('',*,*,#1489,.T.);
#1902=ORIENTED_EDGE('',*,*,#1485,.F.);
#1903=ORIENTED_EDGE('',*,*,#1490,.F.);
#1904=ORIENTED_EDGE('',*,*,#1491,.T.);
#1905=ORIENTED_EDGE('',*,*,#1492,.T.);
#1906=ORIENTED_EDGE('',*,*,#1488,.F.);
#1907=ORIENTED_EDGE('',*,*,#1493,.F.);
#1908=ORIENTED_EDGE('',*,*,#1455,.T.);
#1909=ORIENTED_EDGE('',*,*,#1494,.T.);
#1910=ORIENTED_EDGE('',*,*,#1491,.F.);
#1911=ORIENTED_EDGE('',*,*,#1495,.F.);
#1912=ORIENTED_EDGE('',*,*,#1496,.F.);
#1913=ORIENTED_EDGE('',*,*,#1497,.T.);
#1914=ORIENTED_EDGE('',*,*,#1498,.T.);
#1915=ORIENTED_EDGE('',*,*,#1499,.F.);
#1916=ORIENTED_EDGE('',*,*,#1480,.T.);
#1917=ORIENTED_EDGE('',*,*,#1500,.T.);
#1918=ORIENTED_EDGE('',*,*,#1497,.F.);
#1919=ORIENTED_EDGE('',*,*,#1501,.F.);
#1920=ORIENTED_EDGE('',*,*,#1498,.F.);
#1921=ORIENTED_EDGE('',*,*,#1500,.F.);
#1922=ORIENTED_EDGE('',*,*,#1479,.F.);
#1923=ORIENTED_EDGE('',*,*,#1483,.F.);
#1924=ORIENTED_EDGE('',*,*,#1486,.F.);
#1925=ORIENTED_EDGE('',*,*,#1489,.F.);
#1926=ORIENTED_EDGE('',*,*,#1492,.F.);
#1927=ORIENTED_EDGE('',*,*,#1494,.F.);
#1928=ORIENTED_EDGE('',*,*,#1454,.F.);
#1929=ORIENTED_EDGE('',*,*,#1502,.F.);
#1930=ORIENTED_EDGE('',*,*,#1448,.F.);
#1931=ORIENTED_EDGE('',*,*,#1459,.F.);
#1932=ORIENTED_EDGE('',*,*,#1462,.F.);
#1933=ORIENTED_EDGE('',*,*,#1465,.F.);
#1934=ORIENTED_EDGE('',*,*,#1468,.F.);
#1935=ORIENTED_EDGE('',*,*,#1471,.F.);
#1936=ORIENTED_EDGE('',*,*,#1474,.F.);
#1937=ORIENTED_EDGE('',*,*,#1476,.F.);
#1938=ORIENTED_EDGE('',*,*,#1450,.F.);
#1939=ORIENTED_EDGE('',*,*,#1496,.T.);
#1940=ORIENTED_EDGE('',*,*,#1503,.T.);
#1941=ORIENTED_EDGE('',*,*,#1504,.T.);
#1942=ORIENTED_EDGE('',*,*,#1505,.T.);
#1943=ORIENTED_EDGE('',*,*,#1506,.T.);
#1944=ORIENTED_EDGE('',*,*,#1507,.T.);
#1945=ORIENTED_EDGE('',*,*,#1508,.T.);
#1946=ORIENTED_EDGE('',*,*,#1509,.T.);
#1947=ORIENTED_EDGE('',*,*,#1510,.T.);
#1948=ORIENTED_EDGE('',*,*,#1511,.T.);
#1949=ORIENTED_EDGE('',*,*,#1512,.T.);
#1950=ORIENTED_EDGE('',*,*,#1513,.T.);
#1951=ORIENTED_EDGE('',*,*,#1456,.T.);
#1952=ORIENTED_EDGE('',*,*,#1493,.T.);
#1953=ORIENTED_EDGE('',*,*,#1490,.T.);
#1954=ORIENTED_EDGE('',*,*,#1487,.T.);
#1955=ORIENTED_EDGE('',*,*,#1484,.T.);
#1956=ORIENTED_EDGE('',*,*,#1481,.T.);
#1957=ORIENTED_EDGE('',*,*,#1477,.T.);
#1958=ORIENTED_EDGE('',*,*,#1499,.T.);
#1959=ORIENTED_EDGE('',*,*,#1452,.T.);
#1960=ORIENTED_EDGE('',*,*,#1475,.T.);
#1961=ORIENTED_EDGE('',*,*,#1472,.T.);
#1962=ORIENTED_EDGE('',*,*,#1469,.T.);
#1963=ORIENTED_EDGE('',*,*,#1466,.T.);
#1964=ORIENTED_EDGE('',*,*,#1463,.T.);
#1965=ORIENTED_EDGE('',*,*,#1460,.T.);
#1966=ORIENTED_EDGE('',*,*,#1457,.T.);
#1967=ORIENTED_EDGE('',*,*,#1446,.T.);
#1968=ORIENTED_EDGE('',*,*,#1514,.T.);
#1969=ORIENTED_EDGE('',*,*,#1515,.T.);
#1970=ORIENTED_EDGE('',*,*,#1516,.T.);
#1971=ORIENTED_EDGE('',*,*,#1517,.T.);
#1972=ORIENTED_EDGE('',*,*,#1518,.T.);
#1973=ORIENTED_EDGE('',*,*,#1519,.T.);
#1974=ORIENTED_EDGE('',*,*,#1520,.T.);
#1975=ORIENTED_EDGE('',*,*,#1521,.T.);
#1976=ORIENTED_EDGE('',*,*,#1522,.T.);
#1977=ORIENTED_EDGE('',*,*,#1523,.T.);
#1978=ORIENTED_EDGE('',*,*,#1524,.T.);
#1979=ORIENTED_EDGE('',*,*,#1445,.T.);
#1980=ORIENTED_EDGE('',*,*,#1502,.T.);
#1981=ORIENTED_EDGE('',*,*,#1453,.T.);
#1982=ORIENTED_EDGE('',*,*,#1513,.F.);
#1983=ORIENTED_EDGE('',*,*,#1525,.F.);
#1984=ORIENTED_EDGE('',*,*,#1526,.F.);
#1985=ORIENTED_EDGE('',*,*,#1527,.T.);
#1986=ORIENTED_EDGE('',*,*,#1514,.F.);
#1987=ORIENTED_EDGE('',*,*,#1528,.F.);
#1988=ORIENTED_EDGE('',*,*,#1529,.F.);
#1989=ORIENTED_EDGE('',*,*,#1530,.F.);
#1990=ORIENTED_EDGE('',*,*,#1531,.T.);
#1991=ORIENTED_EDGE('',*,*,#1532,.F.);
#1992=ORIENTED_EDGE('',*,*,#1531,.F.);
#1993=ORIENTED_EDGE('',*,*,#1533,.F.);
#1994=ORIENTED_EDGE('',*,*,#1534,.T.);
#1995=ORIENTED_EDGE('',*,*,#1535,.F.);
#1996=ORIENTED_EDGE('',*,*,#1534,.F.);
#1997=ORIENTED_EDGE('',*,*,#1536,.F.);
#1998=ORIENTED_EDGE('',*,*,#1537,.T.);
#1999=ORIENTED_EDGE('',*,*,#1538,.F.);
#2000=ORIENTED_EDGE('',*,*,#1537,.F.);
#2001=ORIENTED_EDGE('',*,*,#1539,.F.);
#2002=ORIENTED_EDGE('',*,*,#1529,.T.);
#2003=ORIENTED_EDGE('',*,*,#1540,.F.);
#2004=ORIENTED_EDGE('',*,*,#1541,.F.);
#2005=ORIENTED_EDGE('',*,*,#1542,.F.);
#2006=ORIENTED_EDGE('',*,*,#1543,.T.);
#2007=ORIENTED_EDGE('',*,*,#1544,.F.);
#2008=ORIENTED_EDGE('',*,*,#1545,.F.);
#2009=ORIENTED_EDGE('',*,*,#1546,.F.);
#2010=ORIENTED_EDGE('',*,*,#1541,.T.);
#2011=ORIENTED_EDGE('',*,*,#1547,.F.);
#2012=ORIENTED_EDGE('',*,*,#1548,.F.);
#2013=ORIENTED_EDGE('',*,*,#1549,.F.);
#2014=ORIENTED_EDGE('',*,*,#1545,.T.);
#2015=ORIENTED_EDGE('',*,*,#1550,.F.);
#2016=ORIENTED_EDGE('',*,*,#1543,.F.);
#2017=ORIENTED_EDGE('',*,*,#1551,.F.);
#2018=ORIENTED_EDGE('',*,*,#1548,.T.);
#2019=ORIENTED_EDGE('',*,*,#1552,.F.);
#2020=ORIENTED_EDGE('',*,*,#1553,.F.);
#2021=ORIENTED_EDGE('',*,*,#1554,.F.);
#2022=ORIENTED_EDGE('',*,*,#1555,.T.);
#2023=ORIENTED_EDGE('',*,*,#1556,.F.);
#2024=ORIENTED_EDGE('',*,*,#1557,.F.);
#2025=ORIENTED_EDGE('',*,*,#1558,.F.);
#2026=ORIENTED_EDGE('',*,*,#1553,.T.);
#2027=ORIENTED_EDGE('',*,*,#1559,.F.);
#2028=ORIENTED_EDGE('',*,*,#1560,.F.);
#2029=ORIENTED_EDGE('',*,*,#1561,.F.);
#2030=ORIENTED_EDGE('',*,*,#1557,.T.);
#2031=ORIENTED_EDGE('',*,*,#1562,.F.);
#2032=ORIENTED_EDGE('',*,*,#1555,.F.);
#2033=ORIENTED_EDGE('',*,*,#1563,.F.);
#2034=ORIENTED_EDGE('',*,*,#1560,.T.);
#2035=ORIENTED_EDGE('',*,*,#1564,.F.);
#2036=ORIENTED_EDGE('',*,*,#1565,.F.);
#2037=ORIENTED_EDGE('',*,*,#1566,.F.);
#2038=ORIENTED_EDGE('',*,*,#1567,.T.);
#2039=ORIENTED_EDGE('',*,*,#1568,.F.);
#2040=ORIENTED_EDGE('',*,*,#1567,.F.);
#2041=ORIENTED_EDGE('',*,*,#1569,.F.);
#2042=ORIENTED_EDGE('',*,*,#1570,.T.);
#2043=ORIENTED_EDGE('',*,*,#1571,.F.);
#2044=ORIENTED_EDGE('',*,*,#1570,.F.);
#2045=ORIENTED_EDGE('',*,*,#1572,.F.);
#2046=ORIENTED_EDGE('',*,*,#1573,.T.);
#2047=ORIENTED_EDGE('',*,*,#1574,.F.);
#2048=ORIENTED_EDGE('',*,*,#1573,.F.);
#2049=ORIENTED_EDGE('',*,*,#1575,.F.);
#2050=ORIENTED_EDGE('',*,*,#1565,.T.);
#2051=ORIENTED_EDGE('',*,*,#1576,.F.);
#2052=ORIENTED_EDGE('',*,*,#1577,.F.);
#2053=ORIENTED_EDGE('',*,*,#1578,.F.);
#2054=ORIENTED_EDGE('',*,*,#1579,.F.);
#2055=ORIENTED_EDGE('',*,*,#1580,.F.);
#2056=ORIENTED_EDGE('',*,*,#1581,.F.);
#2057=ORIENTED_EDGE('',*,*,#1582,.F.);
#2058=ORIENTED_EDGE('',*,*,#1583,.F.);
#2059=ORIENTED_EDGE('',*,*,#1584,.F.);
#2060=ORIENTED_EDGE('',*,*,#1585,.F.);
#2061=ORIENTED_EDGE('',*,*,#1586,.F.);
#2062=ORIENTED_EDGE('',*,*,#1587,.F.);
#2063=ORIENTED_EDGE('',*,*,#1588,.F.);
#2064=ORIENTED_EDGE('',*,*,#1589,.F.);
#2065=ORIENTED_EDGE('',*,*,#1590,.F.);
#2066=ORIENTED_EDGE('',*,*,#1591,.F.);
#2067=ORIENTED_EDGE('',*,*,#1578,.T.);
#2068=ORIENTED_EDGE('',*,*,#1592,.F.);
#2069=ORIENTED_EDGE('',*,*,#1593,.F.);
#2070=ORIENTED_EDGE('',*,*,#1594,.T.);
#2071=ORIENTED_EDGE('',*,*,#1581,.T.);
#2072=ORIENTED_EDGE('',*,*,#1595,.F.);
#2073=ORIENTED_EDGE('',*,*,#1596,.F.);
#2074=ORIENTED_EDGE('',*,*,#1597,.T.);
#2075=ORIENTED_EDGE('',*,*,#1586,.T.);
#2076=ORIENTED_EDGE('',*,*,#1598,.F.);
#2077=ORIENTED_EDGE('',*,*,#1599,.F.);
#2078=ORIENTED_EDGE('',*,*,#1600,.T.);
#2079=ORIENTED_EDGE('',*,*,#1579,.T.);
#2080=ORIENTED_EDGE('',*,*,#1594,.F.);
#2081=ORIENTED_EDGE('',*,*,#1601,.F.);
#2082=ORIENTED_EDGE('',*,*,#1602,.T.);
#2083=ORIENTED_EDGE('',*,*,#1587,.T.);
#2084=ORIENTED_EDGE('',*,*,#1600,.F.);
#2085=ORIENTED_EDGE('',*,*,#1603,.F.);
#2086=ORIENTED_EDGE('',*,*,#1604,.T.);
#2087=ORIENTED_EDGE('',*,*,#1582,.T.);
#2088=ORIENTED_EDGE('',*,*,#1597,.F.);
#2089=ORIENTED_EDGE('',*,*,#1605,.F.);
#2090=ORIENTED_EDGE('',*,*,#1525,.T.);
#2091=ORIENTED_EDGE('',*,*,#1512,.F.);
#2092=ORIENTED_EDGE('',*,*,#1606,.F.);
#2093=ORIENTED_EDGE('',*,*,#1607,.F.);
#2094=ORIENTED_EDGE('',*,*,#1608,.F.);
#2095=ORIENTED_EDGE('',*,*,#1504,.F.);
#2096=ORIENTED_EDGE('',*,*,#1609,.F.);
#2097=ORIENTED_EDGE('',*,*,#1610,.F.);
#2098=ORIENTED_EDGE('',*,*,#1611,.T.);
#2099=ORIENTED_EDGE('',*,*,#1591,.T.);
#2100=ORIENTED_EDGE('',*,*,#1612,.F.);
#2101=ORIENTED_EDGE('',*,*,#1613,.F.);
#2102=ORIENTED_EDGE('',*,*,#1614,.T.);
#2103=ORIENTED_EDGE('',*,*,#1590,.T.);
#2104=ORIENTED_EDGE('',*,*,#1615,.F.);
#2105=ORIENTED_EDGE('',*,*,#1616,.F.);
#2106=ORIENTED_EDGE('',*,*,#1612,.T.);
#2107=ORIENTED_EDGE('',*,*,#1617,.F.);
#2108=ORIENTED_EDGE('',*,*,#1618,.T.);
#2109=ORIENTED_EDGE('',*,*,#1619,.F.);
#2110=ORIENTED_EDGE('',*,*,#1618,.F.);
#2111=ORIENTED_EDGE('',*,*,#1620,.F.);
#2112=ORIENTED_EDGE('',*,*,#1621,.T.);
#2113=ORIENTED_EDGE('',*,*,#1622,.F.);
#2114=ORIENTED_EDGE('',*,*,#1621,.F.);
#2115=ORIENTED_EDGE('',*,*,#1623,.F.);
#2116=ORIENTED_EDGE('',*,*,#1624,.T.);
#2117=ORIENTED_EDGE('',*,*,#1625,.F.);
#2118=ORIENTED_EDGE('',*,*,#1624,.F.);
#2119=ORIENTED_EDGE('',*,*,#1626,.F.);
#2120=ORIENTED_EDGE('',*,*,#1627,.T.);
#2121=ORIENTED_EDGE('',*,*,#1628,.F.);
#2122=ORIENTED_EDGE('',*,*,#1627,.F.);
#2123=ORIENTED_EDGE('',*,*,#1629,.F.);
#2124=ORIENTED_EDGE('',*,*,#1630,.T.);
#2125=ORIENTED_EDGE('',*,*,#1631,.F.);
#2126=ORIENTED_EDGE('',*,*,#1630,.F.);
#2127=ORIENTED_EDGE('',*,*,#1632,.F.);
#2128=ORIENTED_EDGE('',*,*,#1633,.T.);
#2129=ORIENTED_EDGE('',*,*,#1634,.T.);
#2130=ORIENTED_EDGE('',*,*,#1635,.F.);
#2131=ORIENTED_EDGE('',*,*,#1636,.F.);
#2132=ORIENTED_EDGE('',*,*,#1637,.T.);
#2133=ORIENTED_EDGE('',*,*,#1638,.T.);
#2134=ORIENTED_EDGE('',*,*,#1633,.F.);
#2135=ORIENTED_EDGE('',*,*,#1639,.F.);
#2136=ORIENTED_EDGE('',*,*,#1640,.T.);
#2137=ORIENTED_EDGE('',*,*,#1641,.T.);
#2138=ORIENTED_EDGE('',*,*,#1637,.F.);
#2139=ORIENTED_EDGE('',*,*,#1642,.F.);
#2140=ORIENTED_EDGE('',*,*,#1643,.T.);
#2141=ORIENTED_EDGE('',*,*,#1644,.T.);
#2142=ORIENTED_EDGE('',*,*,#1640,.F.);
#2143=ORIENTED_EDGE('',*,*,#1645,.F.);
#2144=ORIENTED_EDGE('',*,*,#1646,.T.);
#2145=ORIENTED_EDGE('',*,*,#1647,.T.);
#2146=ORIENTED_EDGE('',*,*,#1643,.F.);
#2147=ORIENTED_EDGE('',*,*,#1648,.F.);
#2148=ORIENTED_EDGE('',*,*,#1635,.T.);
#2149=ORIENTED_EDGE('',*,*,#1649,.T.);
#2150=ORIENTED_EDGE('',*,*,#1646,.F.);
#2151=ORIENTED_EDGE('',*,*,#1649,.F.);
#2152=ORIENTED_EDGE('',*,*,#1634,.F.);
#2153=ORIENTED_EDGE('',*,*,#1638,.F.);
#2154=ORIENTED_EDGE('',*,*,#1641,.F.);
#2155=ORIENTED_EDGE('',*,*,#1644,.F.);
#2156=ORIENTED_EDGE('',*,*,#1647,.F.);
#2157=ORIENTED_EDGE('',*,*,#1617,.T.);
#2158=ORIENTED_EDGE('',*,*,#1650,.F.);
#2159=ORIENTED_EDGE('',*,*,#1651,.T.);
#2160=ORIENTED_EDGE('',*,*,#1652,.T.);
#2161=ORIENTED_EDGE('',*,*,#1653,.F.);
#2162=ORIENTED_EDGE('',*,*,#1654,.F.);
#2163=ORIENTED_EDGE('',*,*,#1655,.T.);
#2164=ORIENTED_EDGE('',*,*,#1656,.T.);
#2165=ORIENTED_EDGE('',*,*,#1651,.F.);
#2166=ORIENTED_EDGE('',*,*,#1657,.F.);
#2167=ORIENTED_EDGE('',*,*,#1658,.T.);
#2168=ORIENTED_EDGE('',*,*,#1659,.T.);
#2169=ORIENTED_EDGE('',*,*,#1655,.F.);
#2170=ORIENTED_EDGE('',*,*,#1660,.F.);
#2171=ORIENTED_EDGE('',*,*,#1661,.T.);
#2172=ORIENTED_EDGE('',*,*,#1662,.T.);
#2173=ORIENTED_EDGE('',*,*,#1658,.F.);
#2174=ORIENTED_EDGE('',*,*,#1663,.F.);
#2175=ORIENTED_EDGE('',*,*,#1664,.T.);
#2176=ORIENTED_EDGE('',*,*,#1665,.T.);
#2177=ORIENTED_EDGE('',*,*,#1661,.F.);
#2178=ORIENTED_EDGE('',*,*,#1666,.F.);
#2179=ORIENTED_EDGE('',*,*,#1653,.T.);
#2180=ORIENTED_EDGE('',*,*,#1667,.T.);
#2181=ORIENTED_EDGE('',*,*,#1664,.F.);
#2182=ORIENTED_EDGE('',*,*,#1667,.F.);
#2183=ORIENTED_EDGE('',*,*,#1652,.F.);
#2184=ORIENTED_EDGE('',*,*,#1656,.F.);
#2185=ORIENTED_EDGE('',*,*,#1659,.F.);
#2186=ORIENTED_EDGE('',*,*,#1662,.F.);
#2187=ORIENTED_EDGE('',*,*,#1665,.F.);
#2188=ORIENTED_EDGE('',*,*,#1620,.T.);
#2189=ORIENTED_EDGE('',*,*,#1668,.F.);
#2190=ORIENTED_EDGE('',*,*,#1669,.T.);
#2191=ORIENTED_EDGE('',*,*,#1670,.T.);
#2192=ORIENTED_EDGE('',*,*,#1671,.F.);
#2193=ORIENTED_EDGE('',*,*,#1672,.F.);
#2194=ORIENTED_EDGE('',*,*,#1673,.T.);
#2195=ORIENTED_EDGE('',*,*,#1674,.T.);
#2196=ORIENTED_EDGE('',*,*,#1669,.F.);
#2197=ORIENTED_EDGE('',*,*,#1675,.F.);
#2198=ORIENTED_EDGE('',*,*,#1676,.T.);
#2199=ORIENTED_EDGE('',*,*,#1677,.T.);
#2200=ORIENTED_EDGE('',*,*,#1673,.F.);
#2201=ORIENTED_EDGE('',*,*,#1678,.F.);
#2202=ORIENTED_EDGE('',*,*,#1679,.T.);
#2203=ORIENTED_EDGE('',*,*,#1680,.T.);
#2204=ORIENTED_EDGE('',*,*,#1676,.F.);
#2205=ORIENTED_EDGE('',*,*,#1681,.F.);
#2206=ORIENTED_EDGE('',*,*,#1682,.T.);
#2207=ORIENTED_EDGE('',*,*,#1683,.T.);
#2208=ORIENTED_EDGE('',*,*,#1679,.F.);
#2209=ORIENTED_EDGE('',*,*,#1684,.F.);
#2210=ORIENTED_EDGE('',*,*,#1671,.T.);
#2211=ORIENTED_EDGE('',*,*,#1685,.T.);
#2212=ORIENTED_EDGE('',*,*,#1682,.F.);
#2213=ORIENTED_EDGE('',*,*,#1685,.F.);
#2214=ORIENTED_EDGE('',*,*,#1670,.F.);
#2215=ORIENTED_EDGE('',*,*,#1674,.F.);
#2216=ORIENTED_EDGE('',*,*,#1677,.F.);
#2217=ORIENTED_EDGE('',*,*,#1680,.F.);
#2218=ORIENTED_EDGE('',*,*,#1683,.F.);
#2219=ORIENTED_EDGE('',*,*,#1623,.T.);
#2220=ORIENTED_EDGE('',*,*,#1686,.F.);
#2221=ORIENTED_EDGE('',*,*,#1687,.T.);
#2222=ORIENTED_EDGE('',*,*,#1688,.T.);
#2223=ORIENTED_EDGE('',*,*,#1689,.F.);
#2224=ORIENTED_EDGE('',*,*,#1690,.F.);
#2225=ORIENTED_EDGE('',*,*,#1691,.T.);
#2226=ORIENTED_EDGE('',*,*,#1692,.T.);
#2227=ORIENTED_EDGE('',*,*,#1687,.F.);
#2228=ORIENTED_EDGE('',*,*,#1693,.F.);
#2229=ORIENTED_EDGE('',*,*,#1694,.T.);
#2230=ORIENTED_EDGE('',*,*,#1695,.T.);
#2231=ORIENTED_EDGE('',*,*,#1691,.F.);
#2232=ORIENTED_EDGE('',*,*,#1696,.F.);
#2233=ORIENTED_EDGE('',*,*,#1697,.T.);
#2234=ORIENTED_EDGE('',*,*,#1698,.T.);
#2235=ORIENTED_EDGE('',*,*,#1694,.F.);
#2236=ORIENTED_EDGE('',*,*,#1699,.F.);
#2237=ORIENTED_EDGE('',*,*,#1700,.T.);
#2238=ORIENTED_EDGE('',*,*,#1701,.T.);
#2239=ORIENTED_EDGE('',*,*,#1697,.F.);
#2240=ORIENTED_EDGE('',*,*,#1702,.F.);
#2241=ORIENTED_EDGE('',*,*,#1689,.T.);
#2242=ORIENTED_EDGE('',*,*,#1703,.T.);
#2243=ORIENTED_EDGE('',*,*,#1700,.F.);
#2244=ORIENTED_EDGE('',*,*,#1703,.F.);
#2245=ORIENTED_EDGE('',*,*,#1688,.F.);
#2246=ORIENTED_EDGE('',*,*,#1692,.F.);
#2247=ORIENTED_EDGE('',*,*,#1695,.F.);
#2248=ORIENTED_EDGE('',*,*,#1698,.F.);
#2249=ORIENTED_EDGE('',*,*,#1701,.F.);
#2250=ORIENTED_EDGE('',*,*,#1626,.T.);
#2251=ORIENTED_EDGE('',*,*,#1704,.F.);
#2252=ORIENTED_EDGE('',*,*,#1705,.T.);
#2253=ORIENTED_EDGE('',*,*,#1706,.T.);
#2254=ORIENTED_EDGE('',*,*,#1707,.F.);
#2255=ORIENTED_EDGE('',*,*,#1708,.F.);
#2256=ORIENTED_EDGE('',*,*,#1709,.T.);
#2257=ORIENTED_EDGE('',*,*,#1710,.T.);
#2258=ORIENTED_EDGE('',*,*,#1705,.F.);
#2259=ORIENTED_EDGE('',*,*,#1711,.F.);
#2260=ORIENTED_EDGE('',*,*,#1712,.T.);
#2261=ORIENTED_EDGE('',*,*,#1713,.T.);
#2262=ORIENTED_EDGE('',*,*,#1709,.F.);
#2263=ORIENTED_EDGE('',*,*,#1714,.F.);
#2264=ORIENTED_EDGE('',*,*,#1715,.T.);
#2265=ORIENTED_EDGE('',*,*,#1716,.T.);
#2266=ORIENTED_EDGE('',*,*,#1712,.F.);
#2267=ORIENTED_EDGE('',*,*,#1717,.F.);
#2268=ORIENTED_EDGE('',*,*,#1718,.T.);
#2269=ORIENTED_EDGE('',*,*,#1719,.T.);
#2270=ORIENTED_EDGE('',*,*,#1715,.F.);
#2271=ORIENTED_EDGE('',*,*,#1720,.F.);
#2272=ORIENTED_EDGE('',*,*,#1707,.T.);
#2273=ORIENTED_EDGE('',*,*,#1721,.T.);
#2274=ORIENTED_EDGE('',*,*,#1718,.F.);
#2275=ORIENTED_EDGE('',*,*,#1721,.F.);
#2276=ORIENTED_EDGE('',*,*,#1706,.F.);
#2277=ORIENTED_EDGE('',*,*,#1710,.F.);
#2278=ORIENTED_EDGE('',*,*,#1713,.F.);
#2279=ORIENTED_EDGE('',*,*,#1716,.F.);
#2280=ORIENTED_EDGE('',*,*,#1719,.F.);
#2281=ORIENTED_EDGE('',*,*,#1629,.T.);
#2282=ORIENTED_EDGE('',*,*,#1722,.F.);
#2283=ORIENTED_EDGE('',*,*,#1723,.T.);
#2284=ORIENTED_EDGE('',*,*,#1724,.F.);
#2285=ORIENTED_EDGE('',*,*,#1723,.F.);
#2286=ORIENTED_EDGE('',*,*,#1725,.F.);
#2287=ORIENTED_EDGE('',*,*,#1726,.T.);
#2288=ORIENTED_EDGE('',*,*,#1727,.T.);
#2289=ORIENTED_EDGE('',*,*,#1728,.F.);
#2290=ORIENTED_EDGE('',*,*,#1729,.F.);
#2291=ORIENTED_EDGE('',*,*,#1730,.T.);
#2292=ORIENTED_EDGE('',*,*,#1731,.T.);
#2293=ORIENTED_EDGE('',*,*,#1726,.F.);
#2294=ORIENTED_EDGE('',*,*,#1732,.F.);
#2295=ORIENTED_EDGE('',*,*,#1733,.T.);
#2296=ORIENTED_EDGE('',*,*,#1734,.T.);
#2297=ORIENTED_EDGE('',*,*,#1730,.F.);
#2298=ORIENTED_EDGE('',*,*,#1735,.F.);
#2299=ORIENTED_EDGE('',*,*,#1736,.T.);
#2300=ORIENTED_EDGE('',*,*,#1737,.T.);
#2301=ORIENTED_EDGE('',*,*,#1733,.F.);
#2302=ORIENTED_EDGE('',*,*,#1738,.F.);
#2303=ORIENTED_EDGE('',*,*,#1739,.T.);
#2304=ORIENTED_EDGE('',*,*,#1740,.T.);
#2305=ORIENTED_EDGE('',*,*,#1736,.F.);
#2306=ORIENTED_EDGE('',*,*,#1741,.F.);
#2307=ORIENTED_EDGE('',*,*,#1728,.T.);
#2308=ORIENTED_EDGE('',*,*,#1742,.T.);
#2309=ORIENTED_EDGE('',*,*,#1739,.F.);
#2310=ORIENTED_EDGE('',*,*,#1742,.F.);
#2311=ORIENTED_EDGE('',*,*,#1727,.F.);
#2312=ORIENTED_EDGE('',*,*,#1731,.F.);
#2313=ORIENTED_EDGE('',*,*,#1734,.F.);
#2314=ORIENTED_EDGE('',*,*,#1737,.F.);
#2315=ORIENTED_EDGE('',*,*,#1740,.F.);
#2316=ORIENTED_EDGE('',*,*,#1722,.T.);
#2317=ORIENTED_EDGE('',*,*,#1583,.T.);
#2318=ORIENTED_EDGE('',*,*,#1604,.F.);
#2319=ORIENTED_EDGE('',*,*,#1743,.F.);
#2320=ORIENTED_EDGE('',*,*,#1744,.T.);
#2321=ORIENTED_EDGE('',*,*,#1596,.T.);
#2322=ORIENTED_EDGE('',*,*,#1745,.T.);
#2323=ORIENTED_EDGE('',*,*,#1526,.T.);
#2324=ORIENTED_EDGE('',*,*,#1605,.T.);
#2325=ORIENTED_EDGE('',*,*,#1743,.T.);
#2326=ORIENTED_EDGE('',*,*,#1603,.T.);
#2327=ORIENTED_EDGE('',*,*,#1599,.T.);
#2328=ORIENTED_EDGE('',*,*,#1746,.T.);
#2329=ORIENTED_EDGE('',*,*,#1449,.T.);
#2330=ORIENTED_EDGE('',*,*,#1524,.F.);
#2331=ORIENTED_EDGE('',*,*,#1747,.F.);
#2332=ORIENTED_EDGE('',*,*,#1748,.F.);
#2333=ORIENTED_EDGE('',*,*,#1609,.T.);
#2334=ORIENTED_EDGE('',*,*,#1503,.F.);
#2335=ORIENTED_EDGE('',*,*,#1495,.T.);
#2336=ORIENTED_EDGE('',*,*,#1501,.T.);
#2337=ORIENTED_EDGE('',*,*,#1748,.T.);
#2338=ORIENTED_EDGE('',*,*,#1749,.T.);
#2339=ORIENTED_EDGE('',*,*,#1750,.T.);
#2340=ORIENTED_EDGE('',*,*,#1610,.T.);
#2341=ORIENTED_EDGE('',*,*,#1584,.T.);
#2342=ORIENTED_EDGE('',*,*,#1602,.F.);
#2343=ORIENTED_EDGE('',*,*,#1751,.F.);
#2344=ORIENTED_EDGE('',*,*,#1752,.T.);
#2345=ORIENTED_EDGE('',*,*,#1751,.T.);
#2346=ORIENTED_EDGE('',*,*,#1601,.T.);
#2347=ORIENTED_EDGE('',*,*,#1593,.T.);
#2348=ORIENTED_EDGE('',*,*,#1753,.T.);
#2349=ORIENTED_EDGE('',*,*,#1588,.T.);
#2350=ORIENTED_EDGE('',*,*,#1611,.F.);
#2351=ORIENTED_EDGE('',*,*,#1750,.F.);
#2352=ORIENTED_EDGE('',*,*,#1754,.T.);
#2353=ORIENTED_EDGE('',*,*,#1616,.T.);
#2354=ORIENTED_EDGE('',*,*,#1755,.T.);
#2355=ORIENTED_EDGE('',*,*,#1756,.T.);
#2356=ORIENTED_EDGE('',*,*,#1613,.T.);
#2357=ORIENTED_EDGE('',*,*,#1576,.T.);
#2358=ORIENTED_EDGE('',*,*,#1614,.F.);
#2359=ORIENTED_EDGE('',*,*,#1756,.F.);
#2360=ORIENTED_EDGE('',*,*,#1757,.T.);
#2361=ORIENTED_EDGE('',*,*,#1577,.T.);
#2362=ORIENTED_EDGE('',*,*,#1757,.F.);
#2363=ORIENTED_EDGE('',*,*,#1755,.F.);
#2364=ORIENTED_EDGE('',*,*,#1615,.T.);
#2365=ORIENTED_EDGE('',*,*,#1589,.T.);
#2366=ORIENTED_EDGE('',*,*,#1754,.F.);
#2367=ORIENTED_EDGE('',*,*,#1749,.F.);
#2368=ORIENTED_EDGE('',*,*,#1747,.T.);
#2369=ORIENTED_EDGE('',*,*,#1523,.F.);
#2370=ORIENTED_EDGE('',*,*,#1758,.T.);
#2371=ORIENTED_EDGE('',*,*,#1759,.T.);
#2372=ORIENTED_EDGE('',*,*,#1760,.T.);
#2373=ORIENTED_EDGE('',*,*,#1515,.F.);
#2374=ORIENTED_EDGE('',*,*,#1527,.F.);
#2375=ORIENTED_EDGE('',*,*,#1745,.F.);
#2376=ORIENTED_EDGE('',*,*,#1595,.T.);
#2377=ORIENTED_EDGE('',*,*,#1580,.T.);
#2378=ORIENTED_EDGE('',*,*,#1744,.F.);
#2379=ORIENTED_EDGE('',*,*,#1746,.F.);
#2380=ORIENTED_EDGE('',*,*,#1598,.T.);
#2381=ORIENTED_EDGE('',*,*,#1585,.T.);
#2382=ORIENTED_EDGE('',*,*,#1752,.F.);
#2383=ORIENTED_EDGE('',*,*,#1753,.F.);
#2384=ORIENTED_EDGE('',*,*,#1592,.T.);
#2385=ORIENTED_EDGE('',*,*,#1761,.T.);
#2386=ORIENTED_EDGE('',*,*,#1762,.T.);
#2387=ORIENTED_EDGE('',*,*,#1763,.T.);
#2388=ORIENTED_EDGE('',*,*,#1521,.F.);
#2389=ORIENTED_EDGE('',*,*,#1528,.T.);
#2390=ORIENTED_EDGE('',*,*,#1532,.T.);
#2391=ORIENTED_EDGE('',*,*,#1535,.T.);
#2392=ORIENTED_EDGE('',*,*,#1538,.T.);
#2393=ORIENTED_EDGE('',*,*,#1540,.T.);
#2394=ORIENTED_EDGE('',*,*,#1550,.T.);
#2395=ORIENTED_EDGE('',*,*,#1547,.T.);
#2396=ORIENTED_EDGE('',*,*,#1544,.T.);
#2397=ORIENTED_EDGE('',*,*,#1764,.T.);
#2398=ORIENTED_EDGE('',*,*,#1765,.T.);
#2399=ORIENTED_EDGE('',*,*,#1766,.T.);
#2400=ORIENTED_EDGE('',*,*,#1767,.T.);
#2401=ORIENTED_EDGE('',*,*,#1768,.F.);
#2402=ORIENTED_EDGE('',*,*,#1769,.F.);
#2403=ORIENTED_EDGE('',*,*,#1770,.F.);
#2404=ORIENTED_EDGE('',*,*,#1771,.F.);
#2405=ORIENTED_EDGE('',*,*,#1772,.T.);
#2406=ORIENTED_EDGE('',*,*,#1773,.T.);
#2407=ORIENTED_EDGE('',*,*,#1774,.T.);
#2408=ORIENTED_EDGE('',*,*,#1517,.F.);
#2409=ORIENTED_EDGE('',*,*,#1552,.T.);
#2410=ORIENTED_EDGE('',*,*,#1562,.T.);
#2411=ORIENTED_EDGE('',*,*,#1559,.T.);
#2412=ORIENTED_EDGE('',*,*,#1556,.T.);
#2413=ORIENTED_EDGE('',*,*,#1564,.T.);
#2414=ORIENTED_EDGE('',*,*,#1568,.T.);
#2415=ORIENTED_EDGE('',*,*,#1571,.T.);
#2416=ORIENTED_EDGE('',*,*,#1574,.T.);
#2417=ORIENTED_EDGE('',*,*,#1775,.T.);
#2418=ORIENTED_EDGE('',*,*,#1776,.T.);
#2419=ORIENTED_EDGE('',*,*,#1777,.T.);
#2420=ORIENTED_EDGE('',*,*,#1519,.F.);
#2421=ORIENTED_EDGE('',*,*,#1725,.T.);
#2422=ORIENTED_EDGE('',*,*,#1741,.T.);
#2423=ORIENTED_EDGE('',*,*,#1738,.T.);
#2424=ORIENTED_EDGE('',*,*,#1735,.T.);
#2425=ORIENTED_EDGE('',*,*,#1732,.T.);
#2426=ORIENTED_EDGE('',*,*,#1729,.T.);
#2427=ORIENTED_EDGE('',*,*,#1704,.T.);
#2428=ORIENTED_EDGE('',*,*,#1720,.T.);
#2429=ORIENTED_EDGE('',*,*,#1717,.T.);
#2430=ORIENTED_EDGE('',*,*,#1714,.T.);
#2431=ORIENTED_EDGE('',*,*,#1711,.T.);
#2432=ORIENTED_EDGE('',*,*,#1708,.T.);
#2433=ORIENTED_EDGE('',*,*,#1686,.T.);
#2434=ORIENTED_EDGE('',*,*,#1702,.T.);
#2435=ORIENTED_EDGE('',*,*,#1699,.T.);
#2436=ORIENTED_EDGE('',*,*,#1696,.T.);
#2437=ORIENTED_EDGE('',*,*,#1693,.T.);
#2438=ORIENTED_EDGE('',*,*,#1690,.T.);
#2439=ORIENTED_EDGE('',*,*,#1668,.T.);
#2440=ORIENTED_EDGE('',*,*,#1684,.T.);
#2441=ORIENTED_EDGE('',*,*,#1681,.T.);
#2442=ORIENTED_EDGE('',*,*,#1678,.T.);
#2443=ORIENTED_EDGE('',*,*,#1675,.T.);
#2444=ORIENTED_EDGE('',*,*,#1672,.T.);
#2445=ORIENTED_EDGE('',*,*,#1650,.T.);
#2446=ORIENTED_EDGE('',*,*,#1666,.T.);
#2447=ORIENTED_EDGE('',*,*,#1663,.T.);
#2448=ORIENTED_EDGE('',*,*,#1660,.T.);
#2449=ORIENTED_EDGE('',*,*,#1657,.T.);
#2450=ORIENTED_EDGE('',*,*,#1654,.T.);
#2451=ORIENTED_EDGE('',*,*,#1632,.T.);
#2452=ORIENTED_EDGE('',*,*,#1648,.T.);
#2453=ORIENTED_EDGE('',*,*,#1645,.T.);
#2454=ORIENTED_EDGE('',*,*,#1642,.T.);
#2455=ORIENTED_EDGE('',*,*,#1639,.T.);
#2456=ORIENTED_EDGE('',*,*,#1636,.T.);
#2457=ORIENTED_EDGE('',*,*,#1774,.F.);
#2458=ORIENTED_EDGE('',*,*,#1778,.T.);
#2459=ORIENTED_EDGE('',*,*,#1779,.T.);
#2460=ORIENTED_EDGE('',*,*,#1780,.T.);
#2461=ORIENTED_EDGE('',*,*,#1775,.F.);
#2462=ORIENTED_EDGE('',*,*,#1518,.F.);
#2463=ORIENTED_EDGE('',*,*,#1781,.T.);
#2464=ORIENTED_EDGE('',*,*,#1782,.T.);
#2465=ORIENTED_EDGE('',*,*,#1764,.F.);
#2466=ORIENTED_EDGE('',*,*,#1783,.T.);
#2467=ORIENTED_EDGE('',*,*,#1784,.T.);
#2468=ORIENTED_EDGE('',*,*,#1778,.F.);
#2469=ORIENTED_EDGE('',*,*,#1773,.F.);
#2470=ORIENTED_EDGE('',*,*,#1785,.T.);
#2471=ORIENTED_EDGE('',*,*,#1760,.F.);
#2472=ORIENTED_EDGE('',*,*,#1786,.T.);
#2473=ORIENTED_EDGE('',*,*,#1787,.T.);
#2474=ORIENTED_EDGE('',*,*,#1785,.F.);
#2475=ORIENTED_EDGE('',*,*,#1772,.F.);
#2476=ORIENTED_EDGE('',*,*,#1516,.F.);
#2477=ORIENTED_EDGE('',*,*,#1759,.F.);
#2478=ORIENTED_EDGE('',*,*,#1788,.T.);
#2479=ORIENTED_EDGE('',*,*,#1789,.T.);
#2480=ORIENTED_EDGE('',*,*,#1790,.T.);
#2481=ORIENTED_EDGE('',*,*,#1765,.F.);
#2482=ORIENTED_EDGE('',*,*,#1782,.F.);
#2483=ORIENTED_EDGE('',*,*,#1791,.T.);
#2484=ORIENTED_EDGE('',*,*,#1786,.F.);
#2485=ORIENTED_EDGE('',*,*,#1792,.T.);
#2486=ORIENTED_EDGE('',*,*,#1793,.T.);
#2487=ORIENTED_EDGE('',*,*,#1788,.F.);
#2488=ORIENTED_EDGE('',*,*,#1758,.F.);
#2489=ORIENTED_EDGE('',*,*,#1522,.F.);
#2490=ORIENTED_EDGE('',*,*,#1763,.F.);
#2491=ORIENTED_EDGE('',*,*,#1790,.F.);
#2492=ORIENTED_EDGE('',*,*,#1794,.T.);
#2493=ORIENTED_EDGE('',*,*,#1792,.F.);
#2494=ORIENTED_EDGE('',*,*,#1762,.F.);
#2495=ORIENTED_EDGE('',*,*,#1795,.T.);
#2496=ORIENTED_EDGE('',*,*,#1796,.T.);
#2497=ORIENTED_EDGE('',*,*,#1797,.T.);
#2498=ORIENTED_EDGE('',*,*,#1766,.F.);
#2499=ORIENTED_EDGE('',*,*,#1793,.F.);
#2500=ORIENTED_EDGE('',*,*,#1794,.F.);
#2501=ORIENTED_EDGE('',*,*,#1789,.F.);
#2502=ORIENTED_EDGE('',*,*,#1798,.T.);
#2503=ORIENTED_EDGE('',*,*,#1799,.T.);
#2504=ORIENTED_EDGE('',*,*,#1795,.F.);
#2505=ORIENTED_EDGE('',*,*,#1761,.F.);
#2506=ORIENTED_EDGE('',*,*,#1520,.F.);
#2507=ORIENTED_EDGE('',*,*,#1777,.F.);
#2508=ORIENTED_EDGE('',*,*,#1797,.F.);
#2509=ORIENTED_EDGE('',*,*,#1800,.T.);
#2510=ORIENTED_EDGE('',*,*,#1798,.F.);
#2511=ORIENTED_EDGE('',*,*,#1776,.F.);
#2512=ORIENTED_EDGE('',*,*,#1780,.F.);
#2513=ORIENTED_EDGE('',*,*,#1801,.T.);
#2514=ORIENTED_EDGE('',*,*,#1783,.F.);
#2515=ORIENTED_EDGE('',*,*,#1767,.F.);
#2516=ORIENTED_EDGE('',*,*,#1799,.F.);
#2517=ORIENTED_EDGE('',*,*,#1800,.F.);
#2518=ORIENTED_EDGE('',*,*,#1796,.F.);
#2519=ORIENTED_EDGE('',*,*,#1791,.F.);
#2520=ORIENTED_EDGE('',*,*,#1781,.F.);
#2521=ORIENTED_EDGE('',*,*,#1787,.F.);
#2522=ORIENTED_EDGE('',*,*,#1801,.F.);
#2523=ORIENTED_EDGE('',*,*,#1779,.F.);
#2524=ORIENTED_EDGE('',*,*,#1784,.F.);
#2525=ORIENTED_EDGE('',*,*,#1769,.T.);
#2526=ORIENTED_EDGE('',*,*,#1802,.T.);
#2527=ORIENTED_EDGE('',*,*,#1803,.F.);
#2528=ORIENTED_EDGE('',*,*,#1802,.F.);
#2529=ORIENTED_EDGE('',*,*,#1770,.T.);
#2530=ORIENTED_EDGE('',*,*,#1804,.T.);
#2531=ORIENTED_EDGE('',*,*,#1805,.F.);
#2532=ORIENTED_EDGE('',*,*,#1804,.F.);
#2533=ORIENTED_EDGE('',*,*,#1768,.T.);
#2534=ORIENTED_EDGE('',*,*,#1806,.T.);
#2535=ORIENTED_EDGE('',*,*,#1807,.F.);
#2536=ORIENTED_EDGE('',*,*,#1806,.F.);
#2537=ORIENTED_EDGE('',*,*,#1771,.T.);
#2538=ORIENTED_EDGE('',*,*,#1808,.T.);
#2539=ORIENTED_EDGE('',*,*,#1809,.F.);
#2540=ORIENTED_EDGE('',*,*,#1808,.F.);
#2541=ORIENTED_EDGE('',*,*,#1809,.T.);
#2542=ORIENTED_EDGE('',*,*,#1810,.T.);
#2543=ORIENTED_EDGE('',*,*,#1807,.T.);
#2544=ORIENTED_EDGE('',*,*,#1811,.T.);
#2545=ORIENTED_EDGE('',*,*,#1805,.T.);
#2546=ORIENTED_EDGE('',*,*,#1812,.T.);
#2547=ORIENTED_EDGE('',*,*,#1803,.T.);
#2548=ORIENTED_EDGE('',*,*,#1813,.T.);
#2549=ORIENTED_EDGE('',*,*,#1810,.F.);
#2550=ORIENTED_EDGE('',*,*,#1814,.T.);
#2551=ORIENTED_EDGE('',*,*,#1815,.T.);
#2552=ORIENTED_EDGE('',*,*,#1814,.F.);
#2553=ORIENTED_EDGE('',*,*,#1815,.F.);
#2554=ORIENTED_EDGE('',*,*,#1811,.F.);
#2555=ORIENTED_EDGE('',*,*,#1816,.T.);
#2556=ORIENTED_EDGE('',*,*,#1817,.T.);
#2557=ORIENTED_EDGE('',*,*,#1816,.F.);
#2558=ORIENTED_EDGE('',*,*,#1817,.F.);
#2559=ORIENTED_EDGE('',*,*,#1812,.F.);
#2560=ORIENTED_EDGE('',*,*,#1818,.T.);
#2561=ORIENTED_EDGE('',*,*,#1819,.T.);
#2562=ORIENTED_EDGE('',*,*,#1818,.F.);
#2563=ORIENTED_EDGE('',*,*,#1819,.F.);
#2564=ORIENTED_EDGE('',*,*,#1813,.F.);
#2565=ORIENTED_EDGE('',*,*,#1820,.T.);
#2566=ORIENTED_EDGE('',*,*,#1821,.T.);
#2567=ORIENTED_EDGE('',*,*,#1820,.F.);
#2568=ORIENTED_EDGE('',*,*,#1821,.F.);
#2569=ORIENTED_EDGE('',*,*,#1822,.F.);
#2570=ORIENTED_EDGE('',*,*,#1823,.F.);
#2571=ORIENTED_EDGE('',*,*,#1824,.F.);
#2572=ORIENTED_EDGE('',*,*,#1825,.F.);
#2573=ORIENTED_EDGE('',*,*,#1826,.F.);
#2574=ORIENTED_EDGE('',*,*,#1827,.F.);
#2575=ORIENTED_EDGE('',*,*,#1828,.F.);
#2576=ORIENTED_EDGE('',*,*,#1829,.F.);
#2577=ORIENTED_EDGE('',*,*,#1830,.F.);
#2578=ORIENTED_EDGE('',*,*,#1823,.T.);
#2579=ORIENTED_EDGE('',*,*,#1831,.T.);
#2580=ORIENTED_EDGE('',*,*,#1829,.T.);
#2581=ORIENTED_EDGE('',*,*,#1832,.T.);
#2582=ORIENTED_EDGE('',*,*,#1833,.T.);
#2583=ORIENTED_EDGE('',*,*,#1830,.T.);
#2584=ORIENTED_EDGE('',*,*,#1834,.T.);
#2585=ORIENTED_EDGE('',*,*,#1507,.F.);
#2586=ORIENTED_EDGE('',*,*,#1835,.F.);
#2587=ORIENTED_EDGE('',*,*,#1836,.F.);
#2588=ORIENTED_EDGE('',*,*,#1837,.F.);
#2589=ORIENTED_EDGE('',*,*,#1828,.T.);
#2590=ORIENTED_EDGE('',*,*,#1838,.T.);
#2591=ORIENTED_EDGE('',*,*,#1836,.T.);
#2592=ORIENTED_EDGE('',*,*,#1839,.T.);
#2593=ORIENTED_EDGE('',*,*,#1608,.T.);
#2594=ORIENTED_EDGE('',*,*,#1837,.T.);
#2595=ORIENTED_EDGE('',*,*,#1840,.T.);
#2596=ORIENTED_EDGE('',*,*,#1505,.F.);
#2597=ORIENTED_EDGE('',*,*,#1835,.T.);
#2598=ORIENTED_EDGE('',*,*,#1607,.T.);
#2599=ORIENTED_EDGE('',*,*,#1826,.T.);
#2600=ORIENTED_EDGE('',*,*,#1841,.T.);
#2601=ORIENTED_EDGE('',*,*,#1842,.T.);
#2602=ORIENTED_EDGE('',*,*,#1827,.T.);
#2603=ORIENTED_EDGE('',*,*,#1606,.T.);
#2604=ORIENTED_EDGE('',*,*,#1511,.F.);
#2605=ORIENTED_EDGE('',*,*,#1825,.T.);
#2606=ORIENTED_EDGE('',*,*,#1843,.T.);
#2607=ORIENTED_EDGE('',*,*,#1824,.T.);
#2608=ORIENTED_EDGE('',*,*,#1844,.T.);
#2609=ORIENTED_EDGE('',*,*,#1845,.T.);
#2610=ORIENTED_EDGE('',*,*,#1822,.T.);
#2611=ORIENTED_EDGE('',*,*,#1846,.T.);
#2612=ORIENTED_EDGE('',*,*,#1509,.F.);
#2613=ORIENTED_EDGE('',*,*,#1834,.F.);
#2614=ORIENTED_EDGE('',*,*,#1831,.F.);
#2615=ORIENTED_EDGE('',*,*,#1845,.F.);
#2616=ORIENTED_EDGE('',*,*,#1508,.F.);
#2617=ORIENTED_EDGE('',*,*,#1724,.T.);
#2618=ORIENTED_EDGE('',*,*,#1631,.T.);
#2619=ORIENTED_EDGE('',*,*,#1628,.T.);
#2620=ORIENTED_EDGE('',*,*,#1625,.T.);
#2621=ORIENTED_EDGE('',*,*,#1622,.T.);
#2622=ORIENTED_EDGE('',*,*,#1619,.T.);
#2623=ORIENTED_EDGE('',*,*,#1846,.F.);
#2624=ORIENTED_EDGE('',*,*,#1843,.F.);
#2625=ORIENTED_EDGE('',*,*,#1842,.F.);
#2626=ORIENTED_EDGE('',*,*,#1510,.F.);
#2627=ORIENTED_EDGE('',*,*,#1554,.T.);
#2628=ORIENTED_EDGE('',*,*,#1558,.T.);
#2629=ORIENTED_EDGE('',*,*,#1561,.T.);
#2630=ORIENTED_EDGE('',*,*,#1563,.T.);
#2631=ORIENTED_EDGE('',*,*,#1566,.T.);
#2632=ORIENTED_EDGE('',*,*,#1575,.T.);
#2633=ORIENTED_EDGE('',*,*,#1572,.T.);
#2634=ORIENTED_EDGE('',*,*,#1569,.T.);
#2635=ORIENTED_EDGE('',*,*,#1832,.F.);
#2636=ORIENTED_EDGE('',*,*,#1839,.F.);
#2637=ORIENTED_EDGE('',*,*,#1841,.F.);
#2638=ORIENTED_EDGE('',*,*,#1844,.F.);
#2639=ORIENTED_EDGE('',*,*,#1833,.F.);
#2640=ORIENTED_EDGE('',*,*,#1506,.F.);
#2641=ORIENTED_EDGE('',*,*,#1840,.F.);
#2642=ORIENTED_EDGE('',*,*,#1838,.F.);
#2643=ORIENTED_EDGE('',*,*,#1530,.T.);
#2644=ORIENTED_EDGE('',*,*,#1539,.T.);
#2645=ORIENTED_EDGE('',*,*,#1536,.T.);
#2646=ORIENTED_EDGE('',*,*,#1533,.T.);
#2647=ORIENTED_EDGE('',*,*,#1542,.T.);
#2648=ORIENTED_EDGE('',*,*,#1546,.T.);
#2649=ORIENTED_EDGE('',*,*,#1549,.T.);
#2650=ORIENTED_EDGE('',*,*,#1551,.T.);
#2651=PLANE('',#2959);
#2652=PLANE('',#2960);
#2653=PLANE('',#2961);
#2654=PLANE('',#2962);
#2655=PLANE('',#2963);
#2656=PLANE('',#2964);
#2657=PLANE('',#2965);
#2658=PLANE('',#2966);
#2659=PLANE('',#2967);
#2660=PLANE('',#2968);
#2661=PLANE('',#2969);
#2662=PLANE('',#2970);
#2663=PLANE('',#2971);
#2664=PLANE('',#2972);
#2665=PLANE('',#2973);
#2666=PLANE('',#2974);
#2667=PLANE('',#2975);
#2668=PLANE('',#2976);
#2669=PLANE('',#2977);
#2670=PLANE('',#2978);
#2671=PLANE('',#2979);
#2672=PLANE('',#2980);
#2673=PLANE('',#2981);
#2674=PLANE('',#2982);
#2675=PLANE('',#2983);
#2676=PLANE('',#2984);
#2677=PLANE('',#2985);
#2678=PLANE('',#2986);
#2679=PLANE('',#2987);
#2680=PLANE('',#2988);
#2681=PLANE('',#2989);
#2682=PLANE('',#2990);
#2683=PLANE('',#2991);
#2684=PLANE('',#2992);
#2685=PLANE('',#2993);
#2686=PLANE('',#2994);
#2687=PLANE('',#2995);
#2688=PLANE('',#2996);
#2689=PLANE('',#2997);
#2690=PLANE('',#2998);
#2691=PLANE('',#2999);
#2692=PLANE('',#3000);
#2693=PLANE('',#3001);
#2694=PLANE('',#3002);
#2695=PLANE('',#3003);
#2696=PLANE('',#3004);
#2697=PLANE('',#3005);
#2698=PLANE('',#3021);
#2699=PLANE('',#3022);
#2700=PLANE('',#3023);
#2701=PLANE('',#3024);
#2702=PLANE('',#3025);
#2703=PLANE('',#3026);
#2704=PLANE('',#3027);
#2705=PLANE('',#3028);
#2706=PLANE('',#3029);
#2707=PLANE('',#3030);
#2708=PLANE('',#3031);
#2709=PLANE('',#3032);
#2710=PLANE('',#3033);
#2711=PLANE('',#3034);
#2712=PLANE('',#3035);
#2713=PLANE('',#3036);
#2714=PLANE('',#3037);
#2715=PLANE('',#3038);
#2716=PLANE('',#3039);
#2717=PLANE('',#3040);
#2718=PLANE('',#3041);
#2719=PLANE('',#3042);
#2720=PLANE('',#3043);
#2721=PLANE('',#3044);
#2722=PLANE('',#3045);
#2723=PLANE('',#3046);
#2724=PLANE('',#3047);
#2725=PLANE('',#3048);
#2726=PLANE('',#3049);
#2727=PLANE('',#3050);
#2728=PLANE('',#3051);
#2729=PLANE('',#3052);
#2730=PLANE('',#3053);
#2731=PLANE('',#3054);
#2732=PLANE('',#3055);
#2733=PLANE('',#3059);
#2734=PLANE('',#3060);
#2735=PLANE('',#3061);
#2736=PLANE('',#3062);
#2737=PLANE('',#3063);
#2738=PLANE('',#3064);
#2739=PLANE('',#3065);
#2740=PLANE('',#3066);
#2741=PLANE('',#3067);
#2742=PLANE('',#3068);
#2743=PLANE('',#3069);
#2744=PLANE('',#3070);
#2745=PLANE('',#3071);
#2746=PLANE('',#3072);
#2747=PLANE('',#3073);
#2748=PLANE('',#3074);
#2749=PLANE('',#3075);
#2750=PLANE('',#3076);
#2751=PLANE('',#3077);
#2752=PLANE('',#3078);
#2753=PLANE('',#3083);
#2754=PLANE('',#3084);
#2755=PLANE('',#3085);
#2756=PLANE('',#3086);
#2757=PLANE('',#3087);
#2758=PLANE('',#3088);
#2759=PLANE('',#3089);
#2760=PLANE('',#3090);
#2761=PLANE('',#3091);
#2762=PLANE('',#3092);
#2763=PLANE('',#3093);
#2764=PLANE('',#3094);
#2765=PLANE('',#3095);
#2766=PLANE('',#3096);
#2767=PLANE('',#3105);
#2768=PLANE('',#3107);
#2769=PLANE('',#3109);
#2770=PLANE('',#3111);
#2771=PLANE('',#3115);
#2772=PLANE('',#3118);
#2773=PLANE('',#3121);
#2774=PLANE('',#3124);
#2775=PLANE('',#3125);
#2776=PLANE('',#3126);
#2777=PLANE('',#3127);
#2778=PLANE('',#3128);
#2779=PLANE('',#3129);
#2780=PLANE('',#3130);
#2781=PLANE('',#3131);
#2782=PLANE('',#3132);
#2783=PLANE('',#3133);
#2784=PLANE('',#3134);
#2785=PLANE('',#3135);
#2786=PLANE('',#3136);
#2787=PLANE('',#3137);
#2788=PLANE('',#3138);
#2789=PLANE('',#3139);
#2790=PLANE('',#3140);
#2791=ADVANCED_FACE('',(#91),#2651,.F.);
#2792=ADVANCED_FACE('',(#92),#2652,.F.);
#2793=ADVANCED_FACE('',(#93),#2653,.F.);
#2794=ADVANCED_FACE('',(#94),#2654,.F.);
#2795=ADVANCED_FACE('',(#95),#2655,.F.);
#2796=ADVANCED_FACE('',(#96),#2656,.F.);
#2797=ADVANCED_FACE('',(#97),#2657,.F.);
#2798=ADVANCED_FACE('',(#98),#2658,.F.);
#2799=ADVANCED_FACE('',(#99),#2659,.F.);
#2800=ADVANCED_FACE('',(#100),#2660,.F.);
#2801=ADVANCED_FACE('',(#101),#2661,.F.);
#2802=ADVANCED_FACE('',(#102),#2662,.F.);
#2803=ADVANCED_FACE('',(#103),#2663,.F.);
#2804=ADVANCED_FACE('',(#104),#2664,.F.);
#2805=ADVANCED_FACE('',(#105),#2665,.F.);
#2806=ADVANCED_FACE('',(#106),#2666,.F.);
#2807=ADVANCED_FACE('',(#107),#2667,.F.);
#2808=ADVANCED_FACE('',(#108),#2668,.F.);
#2809=ADVANCED_FACE('',(#109),#2669,.F.);
#2810=ADVANCED_FACE('',(#110),#2670,.T.);
#2811=ADVANCED_FACE('',(#111),#2671,.T.);
#2812=ADVANCED_FACE('',(#112),#2672,.T.);
#2813=ADVANCED_FACE('',(#113),#2673,.F.);
#2814=ADVANCED_FACE('',(#114),#2674,.F.);
#2815=ADVANCED_FACE('',(#115),#2675,.F.);
#2816=ADVANCED_FACE('',(#116),#2676,.F.);
#2817=ADVANCED_FACE('',(#117),#2677,.T.);
#2818=ADVANCED_FACE('',(#118),#2678,.T.);
#2819=ADVANCED_FACE('',(#119),#2679,.T.);
#2820=ADVANCED_FACE('',(#120),#2680,.T.);
#2821=ADVANCED_FACE('',(#121),#2681,.T.);
#2822=ADVANCED_FACE('',(#122),#2682,.T.);
#2823=ADVANCED_FACE('',(#123),#2683,.T.);
#2824=ADVANCED_FACE('',(#124),#2684,.T.);
#2825=ADVANCED_FACE('',(#125),#2685,.F.);
#2826=ADVANCED_FACE('',(#126),#2686,.F.);
#2827=ADVANCED_FACE('',(#127),#2687,.F.);
#2828=ADVANCED_FACE('',(#128),#2688,.F.);
#2829=ADVANCED_FACE('',(#129),#2689,.T.);
#2830=ADVANCED_FACE('',(#130),#2690,.T.);
#2831=ADVANCED_FACE('',(#131),#2691,.T.);
#2832=ADVANCED_FACE('',(#132),#2692,.T.);
#2833=ADVANCED_FACE('',(#133),#2693,.T.);
#2834=ADVANCED_FACE('',(#134),#2694,.T.);
#2835=ADVANCED_FACE('',(#135),#2695,.T.);
#2836=ADVANCED_FACE('',(#136),#2696,.T.);
#2837=ADVANCED_FACE('',(#137),#2697,.T.);
#2838=ADVANCED_FACE('',(#138),#77,.F.);
#2839=ADVANCED_FACE('',(#139),#78,.F.);
#2840=ADVANCED_FACE('',(#140),#79,.F.);
#2841=ADVANCED_FACE('',(#141),#80,.F.);
#2842=ADVANCED_FACE('',(#142),#81,.F.);
#2843=ADVANCED_FACE('',(#143),#2698,.F.);
#2844=ADVANCED_FACE('',(#144),#2699,.F.);
#2845=ADVANCED_FACE('',(#145),#2700,.F.);
#2846=ADVANCED_FACE('',(#146),#2701,.F.);
#2847=ADVANCED_FACE('',(#147),#2702,.F.);
#2848=ADVANCED_FACE('',(#148),#2703,.F.);
#2849=ADVANCED_FACE('',(#149,#15),#2704,.F.);
#2850=ADVANCED_FACE('',(#150),#2705,.F.);
#2851=ADVANCED_FACE('',(#151),#2706,.F.);
#2852=ADVANCED_FACE('',(#152),#2707,.F.);
#2853=ADVANCED_FACE('',(#153),#2708,.F.);
#2854=ADVANCED_FACE('',(#154),#2709,.F.);
#2855=ADVANCED_FACE('',(#155),#2710,.F.);
#2856=ADVANCED_FACE('',(#156,#16),#2711,.F.);
#2857=ADVANCED_FACE('',(#157),#2712,.F.);
#2858=ADVANCED_FACE('',(#158),#2713,.F.);
#2859=ADVANCED_FACE('',(#159),#2714,.F.);
#2860=ADVANCED_FACE('',(#160),#2715,.F.);
#2861=ADVANCED_FACE('',(#161),#2716,.F.);
#2862=ADVANCED_FACE('',(#162),#2717,.F.);
#2863=ADVANCED_FACE('',(#163,#17),#2718,.F.);
#2864=ADVANCED_FACE('',(#164),#2719,.F.);
#2865=ADVANCED_FACE('',(#165),#2720,.F.);
#2866=ADVANCED_FACE('',(#166),#2721,.F.);
#2867=ADVANCED_FACE('',(#167),#2722,.F.);
#2868=ADVANCED_FACE('',(#168),#2723,.F.);
#2869=ADVANCED_FACE('',(#169),#2724,.F.);
#2870=ADVANCED_FACE('',(#170,#18),#2725,.F.);
#2871=ADVANCED_FACE('',(#171),#2726,.F.);
#2872=ADVANCED_FACE('',(#172),#2727,.F.);
#2873=ADVANCED_FACE('',(#173),#2728,.F.);
#2874=ADVANCED_FACE('',(#174),#2729,.F.);
#2875=ADVANCED_FACE('',(#175),#2730,.F.);
#2876=ADVANCED_FACE('',(#176),#2731,.F.);
#2877=ADVANCED_FACE('',(#177,#19),#2732,.F.);
#2878=ADVANCED_FACE('',(#178),#82,.F.);
#2879=ADVANCED_FACE('',(#179),#2733,.F.);
#2880=ADVANCED_FACE('',(#180),#2734,.F.);
#2881=ADVANCED_FACE('',(#181),#2735,.F.);
#2882=ADVANCED_FACE('',(#182),#2736,.F.);
#2883=ADVANCED_FACE('',(#183),#2737,.F.);
#2884=ADVANCED_FACE('',(#184),#2738,.F.);
#2885=ADVANCED_FACE('',(#185,#20),#2739,.F.);
#2886=ADVANCED_FACE('',(#186),#2740,.T.);
#2887=ADVANCED_FACE('',(#187),#2741,.F.);
#2888=ADVANCED_FACE('',(#188),#2742,.F.);
#2889=ADVANCED_FACE('',(#189),#2743,.T.);
#2890=ADVANCED_FACE('',(#190),#2744,.F.);
#2891=ADVANCED_FACE('',(#191),#2745,.T.);
#2892=ADVANCED_FACE('',(#192),#2746,.F.);
#2893=ADVANCED_FACE('',(#193),#2747,.T.);
#2894=ADVANCED_FACE('',(#194),#2748,.F.);
#2895=ADVANCED_FACE('',(#195),#2749,.T.);
#2896=ADVANCED_FACE('',(#196),#2750,.F.);
#2897=ADVANCED_FACE('',(#197,#21,#22),#2751,.F.);
#2898=ADVANCED_FACE('',(#198,#23,#24,#25,#26),#2752,.F.);
#2899=ADVANCED_FACE('',(#199,#27,#28),#2753,.F.);
#2900=ADVANCED_FACE('',(#200,#29,#30,#31,#32,#33,#34),#2754,.F.);
#2901=ADVANCED_FACE('',(#201),#2755,.F.);
#2902=ADVANCED_FACE('',(#202),#2756,.F.);
#2903=ADVANCED_FACE('',(#203),#2757,.F.);
#2904=ADVANCED_FACE('',(#204),#2758,.F.);
#2905=ADVANCED_FACE('',(#205),#2759,.F.);
#2906=ADVANCED_FACE('',(#206),#2760,.F.);
#2907=ADVANCED_FACE('',(#207),#2761,.F.);
#2908=ADVANCED_FACE('',(#208),#2762,.F.);
#2909=ADVANCED_FACE('',(#209),#2763,.F.);
#2910=ADVANCED_FACE('',(#210),#2764,.F.);
#2911=ADVANCED_FACE('',(#211),#2765,.F.);
#2912=ADVANCED_FACE('',(#212),#2766,.F.);
#2913=ADVANCED_FACE('',(#213),#83,.T.);
#2914=ADVANCED_FACE('',(#214),#84,.T.);
#2915=ADVANCED_FACE('',(#215),#85,.T.);
#2916=ADVANCED_FACE('',(#216),#86,.T.);
#2917=ADVANCED_FACE('',(#217,#35),#2767,.F.);
#2918=ADVANCED_FACE('',(#218,#36),#2768,.F.);
#2919=ADVANCED_FACE('',(#219,#37),#2769,.F.);
#2920=ADVANCED_FACE('',(#220,#38),#2770,.F.);
#2921=ADVANCED_FACE('',(#221),#87,.F.);
#2922=ADVANCED_FACE('',(#222),#2771,.F.);
#2923=ADVANCED_FACE('',(#223),#88,.F.);
#2924=ADVANCED_FACE('',(#224),#2772,.F.);
#2925=ADVANCED_FACE('',(#225),#89,.F.);
#2926=ADVANCED_FACE('',(#226),#2773,.F.);
#2927=ADVANCED_FACE('',(#227),#90,.F.);
#2928=ADVANCED_FACE('',(#228),#2774,.F.);
#2929=ADVANCED_FACE('',(#229),#2775,.T.);
#2930=ADVANCED_FACE('',(#230),#2776,.T.);
#2931=ADVANCED_FACE('',(#231),#2777,.T.);
#2932=ADVANCED_FACE('',(#232),#2778,.T.);
#2933=ADVANCED_FACE('',(#233),#2779,.T.);
#2934=ADVANCED_FACE('',(#234),#2780,.T.);
#2935=ADVANCED_FACE('',(#235),#2781,.T.);
#2936=ADVANCED_FACE('',(#236),#2782,.T.);
#2937=ADVANCED_FACE('',(#237),#2783,.T.);
#2938=ADVANCED_FACE('',(#238),#2784,.T.);
#2939=ADVANCED_FACE('',(#239),#2785,.T.);
#2940=ADVANCED_FACE('',(#240),#2786,.T.);
#2941=ADVANCED_FACE('',(#241,#39,#40,#41,#42,#43,#44),#2787,.T.);
#2942=ADVANCED_FACE('',(#242,#45,#46),#2788,.T.);
#2943=ADVANCED_FACE('',(#243),#2789,.T.);
#2944=ADVANCED_FACE('',(#244,#47,#48),#2790,.T.);
#2945=CLOSED_SHELL('',(#2791,#2792,#2793,#2794,#2795,#2796,#2797,#2798,
#2799,#2800,#2801,#2802,#2803,#2804,#2805,#2806,#2807,#2808,#2809,#2810,
#2811,#2812,#2813,#2814,#2815,#2816,#2817,#2818,#2819,#2820,#2821,#2822,
#2823,#2824,#2825,#2826,#2827,#2828,#2829,#2830,#2831,#2832,#2833,#2834,
#2835,#2836,#2837,#2838,#2839,#2840,#2841,#2842,#2843,#2844,#2845,#2846,
#2847,#2848,#2849,#2850,#2851,#2852,#2853,#2854,#2855,#2856,#2857,#2858,
#2859,#2860,#2861,#2862,#2863,#2864,#2865,#2866,#2867,#2868,#2869,#2870,
#2871,#2872,#2873,#2874,#2875,#2876,#2877,#2878,#2879,#2880,#2881,#2882,
#2883,#2884,#2885,#2886,#2887,#2888,#2889,#2890,#2891,#2892,#2893,#2894,
#2895,#2896,#2897,#2898,#2899,#2900,#2901,#2902,#2903,#2904,#2905,#2906,
#2907,#2908,#2909,#2910,#2911,#2912,#2913,#2914,#2915,#2916,#2917,#2918,
#2919,#2920,#2921,#2922,#2923,#2924,#2925,#2926,#2927,#2928,#2929,#2930,
#2931,#2932,#2933,#2934,#2935,#2936,#2937,#2938,#2939,#2940,#2941,#2942,
#2943,#2944));
#2946=DERIVED_UNIT_ELEMENT(#2948,1.);
#2947=DERIVED_UNIT_ELEMENT(#4707,-3.);
#2948=(
MASS_UNIT()
NAMED_UNIT(*)
SI_UNIT(.KILO.,.GRAM.)
);
#2949=DERIVED_UNIT((#2946,#2947));
#2950=MEASURE_REPRESENTATION_ITEM('density measure',
POSITIVE_RATIO_MEASURE(2700.),#2949);
#2951=PROPERTY_DEFINITION_REPRESENTATION(#2956,#2953);
#2952=PROPERTY_DEFINITION_REPRESENTATION(#2957,#2954);
#2953=REPRESENTATION('material name',(#2955),#4704);
#2954=REPRESENTATION('density',(#2950),#4704);
#2955=DESCRIPTIVE_REPRESENTATION_ITEM('Aluminum 6061 T6 80 Hot Formed',
'Aluminum 6061 T6 80 Hot Formed');
#2956=PROPERTY_DEFINITION('material property','material name',#4714);
#2957=PROPERTY_DEFINITION('material property','density of part',#4714);
#2958=AXIS2_PLACEMENT_3D('',#3881,#3141,#3142);
#2959=AXIS2_PLACEMENT_3D('',#3882,#3143,#3144);
#2960=AXIS2_PLACEMENT_3D('',#3891,#3149,#3150);
#2961=AXIS2_PLACEMENT_3D('',#3900,#3155,#3156);
#2962=AXIS2_PLACEMENT_3D('',#3909,#3161,#3162);
#2963=AXIS2_PLACEMENT_3D('',#3915,#3166,#3167);
#2964=AXIS2_PLACEMENT_3D('',#3921,#3171,#3172);
#2965=AXIS2_PLACEMENT_3D('',#3927,#3176,#3177);
#2966=AXIS2_PLACEMENT_3D('',#3933,#3181,#3182);
#2967=AXIS2_PLACEMENT_3D('',#3939,#3186,#3187);
#2968=AXIS2_PLACEMENT_3D('',#3945,#3191,#3192);
#2969=AXIS2_PLACEMENT_3D('',#3948,#3195,#3196);
#2970=AXIS2_PLACEMENT_3D('',#3957,#3201,#3202);
#2971=AXIS2_PLACEMENT_3D('',#3963,#3206,#3207);
#2972=AXIS2_PLACEMENT_3D('',#3969,#3211,#3212);
#2973=AXIS2_PLACEMENT_3D('',#3975,#3216,#3217);
#2974=AXIS2_PLACEMENT_3D('',#3981,#3221,#3222);
#2975=AXIS2_PLACEMENT_3D('',#3984,#3225,#3226);
#2976=AXIS2_PLACEMENT_3D('',#3993,#3231,#3232);
#2977=AXIS2_PLACEMENT_3D('',#3996,#3235,#3236);
#2978=AXIS2_PLACEMENT_3D('',#3999,#3239,#3240);
#2979=AXIS2_PLACEMENT_3D('',#4021,#3252,#3253);
#2980=AXIS2_PLACEMENT_3D('',#4043,#3265,#3266);
#2981=AXIS2_PLACEMENT_3D('',#4049,#3270,#3271);
#2982=AXIS2_PLACEMENT_3D('',#4058,#3276,#3277);
#2983=AXIS2_PLACEMENT_3D('',#4064,#3281,#3282);
#2984=AXIS2_PLACEMENT_3D('',#4070,#3286,#3287);
#2985=AXIS2_PLACEMENT_3D('',#4073,#3290,#3291);
#2986=AXIS2_PLACEMENT_3D('',#4082,#3296,#3297);
#2987=AXIS2_PLACEMENT_3D('',#4088,#3301,#3302);
#2988=AXIS2_PLACEMENT_3D('',#4094,#3306,#3307);
#2989=AXIS2_PLACEMENT_3D('',#4097,#3310,#3311);
#2990=AXIS2_PLACEMENT_3D('',#4106,#3316,#3317);
#2991=AXIS2_PLACEMENT_3D('',#4112,#3321,#3322);
#2992=AXIS2_PLACEMENT_3D('',#4118,#3326,#3327);
#2993=AXIS2_PLACEMENT_3D('',#4121,#3330,#3331);
#2994=AXIS2_PLACEMENT_3D('',#4130,#3336,#3337);
#2995=AXIS2_PLACEMENT_3D('',#4136,#3341,#3342);
#2996=AXIS2_PLACEMENT_3D('',#4142,#3346,#3347);
#2997=AXIS2_PLACEMENT_3D('',#4145,#3350,#3351);
#2998=AXIS2_PLACEMENT_3D('',#4154,#3356,#3357);
#2999=AXIS2_PLACEMENT_3D('',#4163,#3362,#3363);
#3000=AXIS2_PLACEMENT_3D('',#4172,#3368,#3369);
#3001=AXIS2_PLACEMENT_3D('',#4181,#3374,#3375);
#3002=AXIS2_PLACEMENT_3D('',#4187,#3379,#3380);
#3003=AXIS2_PLACEMENT_3D('',#4193,#3384,#3385);
#3004=AXIS2_PLACEMENT_3D('',#4199,#3389,#3390);
#3005=AXIS2_PLACEMENT_3D('',#4222,#3405,#3406);
#3006=AXIS2_PLACEMENT_3D('',#4226,#3409,#3410);
#3007=AXIS2_PLACEMENT_3D('',#4228,#3411,#3412);
#3008=AXIS2_PLACEMENT_3D('',#4231,#3414,#3415);
#3009=AXIS2_PLACEMENT_3D('',#4232,#3416,#3417);
#3010=AXIS2_PLACEMENT_3D('',#4234,#3418,#3419);
#3011=AXIS2_PLACEMENT_3D('',#4237,#3421,#3422);
#3012=AXIS2_PLACEMENT_3D('',#4238,#3423,#3424);
#3013=AXIS2_PLACEMENT_3D('',#4240,#3425,#3426);
#3014=AXIS2_PLACEMENT_3D('',#4243,#3428,#3429);
#3015=AXIS2_PLACEMENT_3D('',#4244,#3430,#3431);
#3016=AXIS2_PLACEMENT_3D('',#4246,#3432,#3433);
#3017=AXIS2_PLACEMENT_3D('',#4249,#3435,#3436);
#3018=AXIS2_PLACEMENT_3D('',#4250,#3437,#3438);
#3019=AXIS2_PLACEMENT_3D('',#4252,#3439,#3440);
#3020=AXIS2_PLACEMENT_3D('',#4255,#3442,#3443);
#3021=AXIS2_PLACEMENT_3D('',#4256,#3444,#3445);
#3022=AXIS2_PLACEMENT_3D('',#4265,#3450,#3451);
#3023=AXIS2_PLACEMENT_3D('',#4271,#3455,#3456);
#3024=AXIS2_PLACEMENT_3D('',#4277,#3460,#3461);
#3025=AXIS2_PLACEMENT_3D('',#4283,#3465,#3466);
#3026=AXIS2_PLACEMENT_3D('',#4289,#3470,#3471);
#3027=AXIS2_PLACEMENT_3D('',#4292,#3474,#3475);
#3028=AXIS2_PLACEMENT_3D('',#4293,#3476,#3477);
#3029=AXIS2_PLACEMENT_3D('',#4302,#3482,#3483);
#3030=AXIS2_PLACEMENT_3D('',#4308,#3487,#3488);
#3031=AXIS2_PLACEMENT_3D('',#4314,#3492,#3493);
#3032=AXIS2_PLACEMENT_3D('',#4320,#3497,#3498);
#3033=AXIS2_PLACEMENT_3D('',#4326,#3502,#3503);
#3034=AXIS2_PLACEMENT_3D('',#4329,#3506,#3507);
#3035=AXIS2_PLACEMENT_3D('',#4330,#3508,#3509);
#3036=AXIS2_PLACEMENT_3D('',#4339,#3514,#3515);
#3037=AXIS2_PLACEMENT_3D('',#4345,#3519,#3520);
#3038=AXIS2_PLACEMENT_3D('',#4351,#3524,#3525);
#3039=AXIS2_PLACEMENT_3D('',#4357,#3529,#3530);
#3040=AXIS2_PLACEMENT_3D('',#4363,#3534,#3535);
#3041=AXIS2_PLACEMENT_3D('',#4366,#3538,#3539);
#3042=AXIS2_PLACEMENT_3D('',#4367,#3540,#3541);
#3043=AXIS2_PLACEMENT_3D('',#4376,#3546,#3547);
#3044=AXIS2_PLACEMENT_3D('',#4382,#3551,#3552);
#3045=AXIS2_PLACEMENT_3D('',#4388,#3556,#3557);
#3046=AXIS2_PLACEMENT_3D('',#4394,#3561,#3562);
#3047=AXIS2_PLACEMENT_3D('',#4400,#3566,#3567);
#3048=AXIS2_PLACEMENT_3D('',#4403,#3570,#3571);
#3049=AXIS2_PLACEMENT_3D('',#4404,#3572,#3573);
#3050=AXIS2_PLACEMENT_3D('',#4413,#3578,#3579);
#3051=AXIS2_PLACEMENT_3D('',#4419,#3583,#3584);
#3052=AXIS2_PLACEMENT_3D('',#4425,#3588,#3589);
#3053=AXIS2_PLACEMENT_3D('',#4431,#3593,#3594);
#3054=AXIS2_PLACEMENT_3D('',#4437,#3598,#3599);
#3055=AXIS2_PLACEMENT_3D('',#4440,#3602,#3603);
#3056=AXIS2_PLACEMENT_3D('',#4441,#3604,#3605);
#3057=AXIS2_PLACEMENT_3D('',#4443,#3606,#3607);
#3058=AXIS2_PLACEMENT_3D('',#4446,#3609,#3610);
#3059=AXIS2_PLACEMENT_3D('',#4447,#3611,#3612);
#3060=AXIS2_PLACEMENT_3D('',#4456,#3617,#3618);
#3061=AXIS2_PLACEMENT_3D('',#4462,#3622,#3623);
#3062=AXIS2_PLACEMENT_3D('',#4468,#3627,#3628);
#3063=AXIS2_PLACEMENT_3D('',#4474,#3632,#3633);
#3064=AXIS2_PLACEMENT_3D('',#4480,#3637,#3638);
#3065=AXIS2_PLACEMENT_3D('',#4483,#3641,#3642);
#3066=AXIS2_PLACEMENT_3D('',#4484,#3643,#3644);
#3067=AXIS2_PLACEMENT_3D('',#4488,#3647,#3648);
#3068=AXIS2_PLACEMENT_3D('',#4490,#3650,#3651);
#3069=AXIS2_PLACEMENT_3D('',#4492,#3653,#3654);
#3070=AXIS2_PLACEMENT_3D('',#4496,#3657,#3658);
#3071=AXIS2_PLACEMENT_3D('',#4500,#3661,#3662);
#3072=AXIS2_PLACEMENT_3D('',#4504,#3665,#3666);
#3073=AXIS2_PLACEMENT_3D('',#4506,#3668,#3669);
#3074=AXIS2_PLACEMENT_3D('',#4508,#3671,#3672);
#3075=AXIS2_PLACEMENT_3D('',#4512,#3675,#3676);
#3076=AXIS2_PLACEMENT_3D('',#4514,#3678,#3679);
#3077=AXIS2_PLACEMENT_3D('',#4520,#3683,#3684);
#3078=AXIS2_PLACEMENT_3D('',#4526,#3688,#3689);
#3079=AXIS2_PLACEMENT_3D('',#4536,#3694,#3695);
#3080=AXIS2_PLACEMENT_3D('',#4538,#3696,#3697);
#3081=AXIS2_PLACEMENT_3D('',#4540,#3698,#3699);
#3082=AXIS2_PLACEMENT_3D('',#4542,#3700,#3701);
#3083=AXIS2_PLACEMENT_3D('',#4543,#3702,#3703);
#3084=AXIS2_PLACEMENT_3D('',#4549,#3707,#3708);
#3085=AXIS2_PLACEMENT_3D('',#4555,#3712,#3713);
#3086=AXIS2_PLACEMENT_3D('',#4561,#3717,#3718);
#3087=AXIS2_PLACEMENT_3D('',#4570,#3724,#3725);
#3088=AXIS2_PLACEMENT_3D('',#4574,#3728,#3729);
#3089=AXIS2_PLACEMENT_3D('',#4581,#3734,#3735);
#3090=AXIS2_PLACEMENT_3D('',#4585,#3738,#3739);
#3091=AXIS2_PLACEMENT_3D('',#4592,#3744,#3745);
#3092=AXIS2_PLACEMENT_3D('',#4593,#3746,#3747);
#3093=AXIS2_PLACEMENT_3D('',#4597,#3750,#3751);
#3094=AXIS2_PLACEMENT_3D('',#4600,#3754,#3755);
#3095=AXIS2_PLACEMENT_3D('',#4601,#3756,#3757);
#3096=AXIS2_PLACEMENT_3D('',#4602,#3758,#3759);
#3097=AXIS2_PLACEMENT_3D('',#4603,#3760,#3761);
#3098=AXIS2_PLACEMENT_3D('',#4606,#3763,#3764);
#3099=AXIS2_PLACEMENT_3D('',#4607,#3765,#3766);
#3100=AXIS2_PLACEMENT_3D('',#4610,#3768,#3769);
#3101=AXIS2_PLACEMENT_3D('',#4611,#3770,#3771);
#3102=AXIS2_PLACEMENT_3D('',#4614,#3773,#3774);
#3103=AXIS2_PLACEMENT_3D('',#4615,#3775,#3776);
#3104=AXIS2_PLACEMENT_3D('',#4618,#3778,#3779);
#3105=AXIS2_PLACEMENT_3D('',#4619,#3780,#3781);
#3106=AXIS2_PLACEMENT_3D('',#4621,#3782,#3783);
#3107=AXIS2_PLACEMENT_3D('',#4622,#3784,#3785);
#3108=AXIS2_PLACEMENT_3D('',#4624,#3786,#3787);
#3109=AXIS2_PLACEMENT_3D('',#4625,#3788,#3789);
#3110=AXIS2_PLACEMENT_3D('',#4627,#3790,#3791);
#3111=AXIS2_PLACEMENT_3D('',#4628,#3792,#3793);
#3112=AXIS2_PLACEMENT_3D('',#4630,#3794,#3795);
#3113=AXIS2_PLACEMENT_3D('',#4631,#3796,#3797);
#3114=AXIS2_PLACEMENT_3D('',#4634,#3799,#3800);
#3115=AXIS2_PLACEMENT_3D('',#4635,#3801,#3802);
#3116=AXIS2_PLACEMENT_3D('',#4636,#3803,#3804);
#3117=AXIS2_PLACEMENT_3D('',#4639,#3806,#3807);
#3118=AXIS2_PLACEMENT_3D('',#4640,#3808,#3809);
#3119=AXIS2_PLACEMENT_3D('',#4641,#3810,#3811);
#3120=AXIS2_PLACEMENT_3D('',#4644,#3813,#3814);
#3121=AXIS2_PLACEMENT_3D('',#4645,#3815,#3816);
#3122=AXIS2_PLACEMENT_3D('',#4646,#3817,#3818);
#3123=AXIS2_PLACEMENT_3D('',#4649,#3820,#3821);
#3124=AXIS2_PLACEMENT_3D('',#4650,#3822,#3823);
#3125=AXIS2_PLACEMENT_3D('',#4651,#3824,#3825);
#3126=AXIS2_PLACEMENT_3D('',#4658,#3829,#3830);
#3127=AXIS2_PLACEMENT_3D('',#4664,#3834,#3835);
#3128=AXIS2_PLACEMENT_3D('',#4671,#3839,#3840);
#3129=AXIS2_PLACEMENT_3D('',#4674,#3843,#3844);
#3130=AXIS2_PLACEMENT_3D('',#4677,#3847,#3848);
#3131=AXIS2_PLACEMENT_3D('',#4683,#3852,#3853);
#3132=AXIS2_PLACEMENT_3D('',#4686,#3856,#3857);
#3133=AXIS2_PLACEMENT_3D('',#4688,#3859,#3860);
#3134=AXIS2_PLACEMENT_3D('',#4690,#3862,#3863);
#3135=AXIS2_PLACEMENT_3D('',#4692,#3865,#3866);
#3136=AXIS2_PLACEMENT_3D('',#4695,#3869,#3870);
#3137=AXIS2_PLACEMENT_3D('',#4698,#3873,#3874);
#3138=AXIS2_PLACEMENT_3D('',#4699,#3875,#3876);
#3139=AXIS2_PLACEMENT_3D('',#4700,#3877,#3878);
#3140=AXIS2_PLACEMENT_3D('',#4701,#3879,#3880);
#3141=DIRECTION('axis',(0.,0.,1.));
#3142=DIRECTION('refdir',(1.,0.,0.));
#3143=DIRECTION('center_axis',(0.,1.,0.));
#3144=DIRECTION('ref_axis',(1.,0.,0.));
#3145=DIRECTION('',(0.,0.,-1.));
#3146=DIRECTION('',(1.,0.,0.));
#3147=DIRECTION('',(0.,0.,-1.));
#3148=DIRECTION('',(1.,0.,0.));
#3149=DIRECTION('center_axis',(0.,1.,0.));
#3150=DIRECTION('ref_axis',(1.,0.,0.));
#3151=DIRECTION('',(0.,0.,1.));
#3152=DIRECTION('',(1.,0.,0.));
#3153=DIRECTION('',(0.,0.,-1.));
#3154=DIRECTION('',(1.,0.,0.));
#3155=DIRECTION('center_axis',(0.,-1.,0.));
#3156=DIRECTION('ref_axis',(-1.,0.,0.));
#3157=DIRECTION('',(0.,0.,1.));
#3158=DIRECTION('',(-1.,0.,0.));
#3159=DIRECTION('',(0.,0.,-1.));
#3160=DIRECTION('',(-1.,0.,0.));
#3161=DIRECTION('center_axis',(0.707106781186563,0.707106781186532,0.));
#3162=DIRECTION('ref_axis',(0.707106781186532,-0.707106781186563,0.));
#3163=DIRECTION('',(0.707106781186532,-0.707106781186563,0.));
#3164=DIRECTION('',(0.,0.,-1.));
#3165=DIRECTION('',(0.707106781186532,-0.707106781186563,0.));
#3166=DIRECTION('center_axis',(1.,-7.92946376009961E-17,0.));
#3167=DIRECTION('ref_axis',(-7.92946376009961E-17,-1.,0.));
#3168=DIRECTION('',(-7.92946376009961E-17,-1.,0.));
#3169=DIRECTION('',(0.,0.,-1.));
#3170=DIRECTION('',(-7.92946376009961E-17,-1.,0.));
#3171=DIRECTION('center_axis',(0.707106781186538,-0.707106781186557,0.));
#3172=DIRECTION('ref_axis',(-0.707106781186557,-0.707106781186538,0.));
#3173=DIRECTION('',(-0.707106781186557,-0.707106781186538,0.));
#3174=DIRECTION('',(0.,0.,-1.));
#3175=DIRECTION('',(-0.707106781186557,-0.707106781186538,0.));
#3176=DIRECTION('center_axis',(-3.85540789326458E-17,-1.,0.));
#3177=DIRECTION('ref_axis',(-1.,3.85540789326458E-17,0.));
#3178=DIRECTION('',(-1.,3.85540789326458E-17,0.));
#3179=DIRECTION('',(0.,0.,-1.));
#3180=DIRECTION('',(-1.,3.85540789326458E-17,0.));
#3181=DIRECTION('center_axis',(-0.707106781186546,-0.707106781186549,0.));
#3182=DIRECTION('ref_axis',(-0.707106781186549,0.707106781186546,0.));
#3183=DIRECTION('',(-0.707106781186549,0.707106781186546,0.));
#3184=DIRECTION('',(0.,0.,-1.));
#3185=DIRECTION('',(-0.707106781186549,0.707106781186546,0.));
#3186=DIRECTION('center_axis',(-1.,0.,0.));
#3187=DIRECTION('ref_axis',(0.,1.,0.));
#3188=DIRECTION('',(0.,1.,0.));
#3189=DIRECTION('',(0.,0.,-1.));
#3190=DIRECTION('',(0.,1.,0.));
#3191=DIRECTION('center_axis',(-0.707106781186551,0.707106781186544,0.));
#3192=DIRECTION('ref_axis',(0.707106781186544,0.707106781186551,0.));
#3193=DIRECTION('',(0.707106781186544,0.707106781186551,0.));
#3194=DIRECTION('',(0.707106781186544,0.707106781186551,0.));
#3195=DIRECTION('center_axis',(1.,0.,0.));
#3196=DIRECTION('ref_axis',(0.,-1.,0.));
#3197=DIRECTION('',(0.,-1.,0.));
#3198=DIRECTION('',(0.,0.,-1.));
#3199=DIRECTION('',(0.,-1.,0.));
#3200=DIRECTION('',(0.,0.,-1.));
#3201=DIRECTION('center_axis',(0.707106781186547,0.707106781186548,0.));
#3202=DIRECTION('ref_axis',(0.707106781186548,-0.707106781186547,0.));
#3203=DIRECTION('',(0.707106781186548,-0.707106781186547,0.));
#3204=DIRECTION('',(0.,0.,-1.));
#3205=DIRECTION('',(0.707106781186548,-0.707106781186547,0.));
#3206=DIRECTION('center_axis',(-9.6039834315959E-18,1.,0.));
#3207=DIRECTION('ref_axis',(1.,9.6039834315959E-18,0.));
#3208=DIRECTION('',(1.,9.6039834315959E-18,0.));
#3209=DIRECTION('',(0.,0.,-1.));
#3210=DIRECTION('',(1.,9.6039834315959E-18,0.));
#3211=DIRECTION('center_axis',(-0.707106781186542,0.707106781186553,0.));
#3212=DIRECTION('ref_axis',(0.707106781186553,0.707106781186542,0.));
#3213=DIRECTION('',(0.707106781186553,0.707106781186542,0.));
#3214=DIRECTION('',(0.,0.,-1.));
#3215=DIRECTION('',(0.707106781186553,0.707106781186542,0.));
#3216=DIRECTION('center_axis',(-1.,0.,0.));
#3217=DIRECTION('ref_axis',(0.,1.,0.));
#3218=DIRECTION('',(0.,1.,0.));
#3219=DIRECTION('',(0.,0.,-1.));
#3220=DIRECTION('',(0.,1.,0.));
#3221=DIRECTION('center_axis',(-0.70710678118655,-0.707106781186545,0.));
#3222=DIRECTION('ref_axis',(-0.707106781186545,0.70710678118655,0.));
#3223=DIRECTION('',(-0.707106781186545,0.70710678118655,0.));
#3224=DIRECTION('',(-0.707106781186545,0.70710678118655,0.));
#3225=DIRECTION('center_axis',(0.,-1.,0.));
#3226=DIRECTION('ref_axis',(-1.,0.,0.));
#3227=DIRECTION('',(0.,0.,-1.));
#3228=DIRECTION('',(-1.,0.,0.));
#3229=DIRECTION('',(0.,0.,-1.));
#3230=DIRECTION('',(-1.,0.,0.));
#3231=DIRECTION('center_axis',(0.707106781186545,-0.70710678118655,0.));
#3232=DIRECTION('ref_axis',(-0.70710678118655,-0.707106781186545,0.));
#3233=DIRECTION('',(-0.70710678118655,-0.707106781186545,0.));
#3234=DIRECTION('',(-0.70710678118655,-0.707106781186545,0.));
#3235=DIRECTION('center_axis',(0.,0.,-1.));
#3236=DIRECTION('ref_axis',(-1.,0.,0.));
#3237=DIRECTION('',(0.,1.,0.));
#3238=DIRECTION('',(0.,-1.,0.));
#3239=DIRECTION('center_axis',(0.,0.,1.));
#3240=DIRECTION('ref_axis',(1.,0.,0.));
#3241=DIRECTION('',(0.,-1.,0.));
#3242=DIRECTION('',(1.,0.,0.));
#3243=DIRECTION('',(0.70710678118655,0.707106781186545,0.));
#3244=DIRECTION('',(0.,1.,0.));
#3245=DIRECTION('',(-0.707106781186548,0.707106781186547,0.));
#3246=DIRECTION('',(-1.,0.,0.));
#3247=DIRECTION('',(-0.707106781186545,-0.70710678118655,0.));
#3248=DIRECTION('',(0.,-1.,0.));
#3249=DIRECTION('',(0.707106781186547,-0.707106781186547,0.));
#3250=DIRECTION('',(1.,0.,0.));
#3251=DIRECTION('',(0.,1.,0.));
#3252=DIRECTION('center_axis',(0.,0.,1.));
#3253=DIRECTION('ref_axis',(1.,0.,0.));
#3254=DIRECTION('',(0.,1.,0.));
#3255=DIRECTION('',(-1.,0.,0.));
#3256=DIRECTION('',(-0.707106781186535,0.70710678118656,0.));
#3257=DIRECTION('',(0.,1.,0.));
#3258=DIRECTION('',(0.707106781186549,0.707106781186546,0.));
#3259=DIRECTION('',(1.,0.,0.));
#3260=DIRECTION('',(0.707106781186552,-0.707106781186543,0.));
#3261=DIRECTION('',(0.,-1.,0.));
#3262=DIRECTION('',(-0.707106781186542,-0.707106781186553,0.));
#3263=DIRECTION('',(-1.,0.,0.));
#3264=DIRECTION('',(0.,-1.,0.));
#3265=DIRECTION('center_axis',(1.,0.,0.));
#3266=DIRECTION('ref_axis',(0.,1.,0.));
#3267=DIRECTION('',(0.,0.,1.));
#3268=DIRECTION('',(0.,-1.,0.));
#3269=DIRECTION('',(0.,0.,1.));
#3270=DIRECTION('center_axis',(0.,0.,-1.));
#3271=DIRECTION('ref_axis',(0.,-1.,0.));
#3272=DIRECTION('',(0.,1.,0.));
#3273=DIRECTION('',(-1.,0.,0.));
#3274=DIRECTION('',(0.,-1.,0.));
#3275=DIRECTION('',(-1.,0.,0.));
#3276=DIRECTION('center_axis',(0.,1.,0.));
#3277=DIRECTION('ref_axis',(0.,0.,-1.));
#3278=DIRECTION('',(0.,0.,1.));
#3279=DIRECTION('',(0.,0.,-1.));
#3280=DIRECTION('',(-1.,0.,0.));
#3281=DIRECTION('center_axis',(0.,0.,1.));
#3282=DIRECTION('ref_axis',(0.,1.,0.));
#3283=DIRECTION('',(0.,-1.,0.));
#3284=DIRECTION('',(0.,1.,0.));
#3285=DIRECTION('',(-1.,0.,0.));
#3286=DIRECTION('center_axis',(0.,-1.,0.));
#3287=DIRECTION('ref_axis',(0.,0.,1.));
#3288=DIRECTION('',(0.,0.,-1.));
#3289=DIRECTION('',(0.,0.,1.));
#3290=DIRECTION('center_axis',(0.,0.,1.));
#3291=DIRECTION('ref_axis',(0.,1.,0.));
#3292=DIRECTION('',(0.,1.,0.));
#3293=DIRECTION('',(-1.,0.,0.));
#3294=DIRECTION('',(0.,-1.,0.));
#3295=DIRECTION('',(-1.,0.,0.));
#3296=DIRECTION('center_axis',(0.,1.,0.));
#3297=DIRECTION('ref_axis',(0.,0.,-1.));
#3298=DIRECTION('',(0.,0.,-1.));
#3299=DIRECTION('',(-1.,0.,0.));
#3300=DIRECTION('',(0.,0.,1.));
#3301=DIRECTION('center_axis',(0.,0.,-1.));
#3302=DIRECTION('ref_axis',(0.,-1.,0.));
#3303=DIRECTION('',(0.,-1.,0.));
#3304=DIRECTION('',(-1.,0.,0.));
#3305=DIRECTION('',(0.,1.,0.));
#3306=DIRECTION('center_axis',(0.,-1.,0.));
#3307=DIRECTION('ref_axis',(0.,0.,1.));
#3308=DIRECTION('',(0.,0.,1.));
#3309=DIRECTION('',(0.,0.,-1.));
#3310=DIRECTION('center_axis',(0.,0.,1.));
#3311=DIRECTION('ref_axis',(0.,-1.,0.));
#3312=DIRECTION('',(0.,-1.,0.));
#3313=DIRECTION('',(1.,0.,0.));
#3314=DIRECTION('',(0.,1.,0.));
#3315=DIRECTION('',(1.,0.,0.));
#3316=DIRECTION('center_axis',(0.,-1.,0.));
#3317=DIRECTION('ref_axis',(0.,0.,-1.));
#3318=DIRECTION('',(0.,0.,-1.));
#3319=DIRECTION('',(1.,0.,0.));
#3320=DIRECTION('',(0.,0.,1.));
#3321=DIRECTION('center_axis',(0.,0.,-1.));
#3322=DIRECTION('ref_axis',(0.,1.,0.));
#3323=DIRECTION('',(0.,1.,0.));
#3324=DIRECTION('',(1.,0.,0.));
#3325=DIRECTION('',(0.,-1.,0.));
#3326=DIRECTION('center_axis',(0.,1.,0.));
#3327=DIRECTION('ref_axis',(0.,0.,1.));
#3328=DIRECTION('',(0.,0.,1.));
#3329=DIRECTION('',(0.,0.,-1.));
#3330=DIRECTION('center_axis',(0.,0.,-1.));
#3331=DIRECTION('ref_axis',(0.,1.,0.));
#3332=DIRECTION('',(0.,-1.,0.));
#3333=DIRECTION('',(1.,0.,0.));
#3334=DIRECTION('',(0.,1.,0.));
#3335=DIRECTION('',(1.,0.,0.));
#3336=DIRECTION('center_axis',(0.,-1.,0.));
#3337=DIRECTION('ref_axis',(0.,0.,-1.));
#3338=DIRECTION('',(0.,0.,1.));
#3339=DIRECTION('',(0.,0.,-1.));
#3340=DIRECTION('',(1.,0.,0.));
#3341=DIRECTION('center_axis',(0.,0.,1.));
#3342=DIRECTION('ref_axis',(0.,-1.,0.));
#3343=DIRECTION('',(0.,1.,0.));
#3344=DIRECTION('',(0.,-1.,0.));
#3345=DIRECTION('',(1.,0.,0.));
#3346=DIRECTION('center_axis',(0.,1.,0.));
#3347=DIRECTION('ref_axis',(0.,0.,1.));
#3348=DIRECTION('',(0.,0.,-1.));
#3349=DIRECTION('',(0.,0.,1.));
#3350=DIRECTION('center_axis',(0.,0.,1.));
#3351=DIRECTION('ref_axis',(1.,0.,0.));
#3352=DIRECTION('',(0.,-1.,0.));
#3353=DIRECTION('',(1.,0.,0.));
#3354=DIRECTION('',(0.,1.,0.));
#3355=DIRECTION('',(-1.,0.,0.));
#3356=DIRECTION('center_axis',(0.,0.,1.));
#3357=DIRECTION('ref_axis',(1.,0.,0.));
#3358=DIRECTION('',(1.,0.,0.));
#3359=DIRECTION('',(0.,1.,0.));
#3360=DIRECTION('',(-1.,0.,0.));
#3361=DIRECTION('',(0.,-1.,0.));
#3362=DIRECTION('center_axis',(0.,0.,1.));
#3363=DIRECTION('ref_axis',(1.,0.,0.));
#3364=DIRECTION('',(0.,-1.,0.));
#3365=DIRECTION('',(1.,0.,0.));
#3366=DIRECTION('',(0.,1.,0.));
#3367=DIRECTION('',(-1.,0.,0.));
#3368=DIRECTION('center_axis',(0.,0.,1.));
#3369=DIRECTION('ref_axis',(1.,0.,0.));
#3370=DIRECTION('',(0.,-1.,0.));
#3371=DIRECTION('',(1.,0.,0.));
#3372=DIRECTION('',(0.,1.,0.));
#3373=DIRECTION('',(-1.,0.,0.));
#3374=DIRECTION('center_axis',(-1.,0.,0.));
#3375=DIRECTION('ref_axis',(0.,-1.,0.));
#3376=DIRECTION('',(0.,0.,1.));
#3377=DIRECTION('',(0.,1.,0.));
#3378=DIRECTION('',(0.,0.,1.));
#3379=DIRECTION('center_axis',(-1.,0.,0.));
#3380=DIRECTION('ref_axis',(0.,-1.,0.));
#3381=DIRECTION('',(0.,0.,1.));
#3382=DIRECTION('',(0.,1.,0.));
#3383=DIRECTION('',(0.,0.,1.));
#3384=DIRECTION('center_axis',(-1.,0.,0.));
#3385=DIRECTION('ref_axis',(0.,-1.,0.));
#3386=DIRECTION('',(0.,0.,1.));
#3387=DIRECTION('',(0.,1.,0.));
#3388=DIRECTION('',(0.,0.,1.));
#3389=DIRECTION('center_axis',(0.,-1.,0.));
#3390=DIRECTION('ref_axis',(1.,0.,0.));
#3391=DIRECTION('',(1.,0.,0.));
#3392=DIRECTION('',(0.,0.,1.));
#3393=DIRECTION('',(1.,0.,0.));
#3394=DIRECTION('',(0.,0.,1.));
#3395=DIRECTION('',(1.,0.,0.));
#3396=DIRECTION('',(0.,0.,1.));
#3397=DIRECTION('',(-1.,0.,0.));
#3398=DIRECTION('',(0.,0.,-1.));
#3399=DIRECTION('',(0.,0.,1.));
#3400=DIRECTION('',(1.,0.,0.));
#3401=DIRECTION('',(0.,0.,1.));
#3402=DIRECTION('',(0.,0.,1.));
#3403=DIRECTION('',(1.,0.,0.));
#3404=DIRECTION('',(0.,0.,1.));
#3405=DIRECTION('center_axis',(-1.,0.,0.));
#3406=DIRECTION('ref_axis',(0.,-1.,0.));
#3407=DIRECTION('',(0.,0.,1.));
#3408=DIRECTION('',(0.,1.,0.));
#3409=DIRECTION('center_axis',(0.,1.,0.));
#3410=DIRECTION('ref_axis',(0.,0.,-1.));
#3411=DIRECTION('center_axis',(0.,1.,0.));
#3412=DIRECTION('ref_axis',(0.,0.,-1.));
#3413=DIRECTION('',(0.,1.,0.));
#3414=DIRECTION('center_axis',(0.,-1.,0.));
#3415=DIRECTION('ref_axis',(0.,0.,-1.));
#3416=DIRECTION('center_axis',(0.,1.,0.));
#3417=DIRECTION('ref_axis',(0.,0.,-1.));
#3418=DIRECTION('center_axis',(0.,1.,0.));
#3419=DIRECTION('ref_axis',(0.,0.,-1.));
#3420=DIRECTION('',(0.,1.,0.));
#3421=DIRECTION('center_axis',(0.,-1.,0.));
#3422=DIRECTION('ref_axis',(0.,0.,-1.));
#3423=DIRECTION('center_axis',(0.,1.,0.));
#3424=DIRECTION('ref_axis',(0.,0.,-1.));
#3425=DIRECTION('center_axis',(0.,1.,0.));
#3426=DIRECTION('ref_axis',(0.,0.,-1.));
#3427=DIRECTION('',(0.,1.,0.));
#3428=DIRECTION('center_axis',(0.,-1.,0.));
#3429=DIRECTION('ref_axis',(0.,0.,-1.));
#3430=DIRECTION('center_axis',(0.,1.,0.));
#3431=DIRECTION('ref_axis',(0.,0.,-1.));
#3432=DIRECTION('center_axis',(0.,1.,0.));
#3433=DIRECTION('ref_axis',(0.,0.,-1.));
#3434=DIRECTION('',(0.,1.,0.));
#3435=DIRECTION('center_axis',(0.,-1.,0.));
#3436=DIRECTION('ref_axis',(0.,0.,-1.));
#3437=DIRECTION('center_axis',(0.,1.,0.));
#3438=DIRECTION('ref_axis',(0.,0.,-1.));
#3439=DIRECTION('center_axis',(0.,1.,0.));
#3440=DIRECTION('ref_axis',(0.,0.,-1.));
#3441=DIRECTION('',(0.,1.,0.));
#3442=DIRECTION('center_axis',(0.,-1.,0.));
#3443=DIRECTION('ref_axis',(0.,0.,-1.));
#3444=DIRECTION('center_axis',(-0.866025403784439,0.,0.5));
#3445=DIRECTION('ref_axis',(0.5,0.,0.866025403784439));
#3446=DIRECTION('',(0.5,0.,0.866025403784439));
#3447=DIRECTION('',(0.,1.,0.));
#3448=DIRECTION('',(0.5,0.,0.866025403784439));
#3449=DIRECTION('',(0.,1.,0.));
#3450=DIRECTION('center_axis',(-0.866025403784439,0.,-0.5));
#3451=DIRECTION('ref_axis',(-0.5,0.,0.866025403784439));
#3452=DIRECTION('',(-0.5,0.,0.866025403784439));
#3453=DIRECTION('',(0.,1.,0.));
#3454=DIRECTION('',(-0.5,0.,0.866025403784439));
#3455=DIRECTION('center_axis',(1.74814789671233E-16,0.,-1.));
#3456=DIRECTION('ref_axis',(-1.,0.,-1.74814789671233E-16));
#3457=DIRECTION('',(-1.,0.,-1.74814789671233E-16));
#3458=DIRECTION('',(0.,1.,0.));
#3459=DIRECTION('',(-1.,0.,-1.74814789671233E-16));
#3460=DIRECTION('center_axis',(0.866025403784439,0.,-0.5));
#3461=DIRECTION('ref_axis',(-0.5,0.,-0.866025403784439));
#3462=DIRECTION('',(-0.5,0.,-0.866025403784439));
#3463=DIRECTION('',(0.,1.,0.));
#3464=DIRECTION('',(-0.5,0.,-0.866025403784439));
#3465=DIRECTION('center_axis',(0.866025403784439,0.,0.499999999999999));
#3466=DIRECTION('ref_axis',(0.499999999999999,0.,-0.866025403784439));
#3467=DIRECTION('',(0.499999999999999,0.,-0.866025403784439));
#3468=DIRECTION('',(0.,1.,0.));
#3469=DIRECTION('',(0.499999999999999,0.,-0.866025403784439));
#3470=DIRECTION('center_axis',(0.,0.,1.));
#3471=DIRECTION('ref_axis',(1.,0.,0.));
#3472=DIRECTION('',(1.,0.,0.));
#3473=DIRECTION('',(1.,0.,0.));
#3474=DIRECTION('center_axis',(0.,1.,0.));
#3475=DIRECTION('ref_axis',(0.,0.,1.));
#3476=DIRECTION('center_axis',(-0.866025403784439,0.,0.5));
#3477=DIRECTION('ref_axis',(0.5,0.,0.866025403784439));
#3478=DIRECTION('',(0.5,0.,0.866025403784439));
#3479=DIRECTION('',(0.,1.,0.));
#3480=DIRECTION('',(0.5,0.,0.866025403784439));
#3481=DIRECTION('',(0.,1.,0.));
#3482=DIRECTION('center_axis',(-0.866025403784439,0.,-0.5));
#3483=DIRECTION('ref_axis',(-0.5,0.,0.866025403784439));
#3484=DIRECTION('',(-0.5,0.,0.866025403784439));
#3485=DIRECTION('',(0.,1.,0.));
#3486=DIRECTION('',(-0.5,0.,0.866025403784439));
#3487=DIRECTION('center_axis',(1.74814789671233E-16,0.,-1.));
#3488=DIRECTION('ref_axis',(-1.,0.,-1.74814789671233E-16));
#3489=DIRECTION('',(-1.,0.,-1.74814789671233E-16));
#3490=DIRECTION('',(0.,1.,0.));
#3491=DIRECTION('',(-1.,0.,-1.74814789671233E-16));
#3492=DIRECTION('center_axis',(0.866025403784439,0.,-0.5));
#3493=DIRECTION('ref_axis',(-0.5,0.,-0.866025403784439));
#3494=DIRECTION('',(-0.5,0.,-0.866025403784439));
#3495=DIRECTION('',(0.,1.,0.));
#3496=DIRECTION('',(-0.5,0.,-0.866025403784439));
#3497=DIRECTION('center_axis',(0.866025403784439,0.,0.499999999999999));
#3498=DIRECTION('ref_axis',(0.499999999999999,0.,-0.866025403784439));
#3499=DIRECTION('',(0.499999999999999,0.,-0.866025403784439));
#3500=DIRECTION('',(0.,1.,0.));
#3501=DIRECTION('',(0.499999999999999,0.,-0.866025403784439));
#3502=DIRECTION('center_axis',(0.,0.,1.));
#3503=DIRECTION('ref_axis',(1.,0.,0.));
#3504=DIRECTION('',(1.,0.,0.));
#3505=DIRECTION('',(1.,0.,0.));
#3506=DIRECTION('center_axis',(0.,1.,0.));
#3507=DIRECTION('ref_axis',(0.,0.,1.));
#3508=DIRECTION('center_axis',(-0.866025403784439,0.,0.5));
#3509=DIRECTION('ref_axis',(0.5,0.,0.866025403784439));
#3510=DIRECTION('',(0.5,0.,0.866025403784439));
#3511=DIRECTION('',(0.,1.,0.));
#3512=DIRECTION('',(0.5,0.,0.866025403784439));
#3513=DIRECTION('',(0.,1.,0.));
#3514=DIRECTION('center_axis',(-0.866025403784439,0.,-0.5));
#3515=DIRECTION('ref_axis',(-0.5,0.,0.866025403784439));
#3516=DIRECTION('',(-0.5,0.,0.866025403784439));
#3517=DIRECTION('',(0.,1.,0.));
#3518=DIRECTION('',(-0.5,0.,0.866025403784439));
#3519=DIRECTION('center_axis',(1.74814789671233E-16,0.,-1.));
#3520=DIRECTION('ref_axis',(-1.,0.,-1.74814789671233E-16));
#3521=DIRECTION('',(-1.,0.,-1.74814789671233E-16));
#3522=DIRECTION('',(0.,1.,0.));
#3523=DIRECTION('',(-1.,0.,-1.74814789671233E-16));
#3524=DIRECTION('center_axis',(0.866025403784439,0.,-0.5));
#3525=DIRECTION('ref_axis',(-0.5,0.,-0.866025403784439));
#3526=DIRECTION('',(-0.5,0.,-0.866025403784439));
#3527=DIRECTION('',(0.,1.,0.));
#3528=DIRECTION('',(-0.5,0.,-0.866025403784439));
#3529=DIRECTION('center_axis',(0.866025403784439,0.,0.499999999999999));
#3530=DIRECTION('ref_axis',(0.499999999999999,0.,-0.866025403784439));
#3531=DIRECTION('',(0.499999999999999,0.,-0.866025403784439));
#3532=DIRECTION('',(0.,1.,0.));
#3533=DIRECTION('',(0.499999999999999,0.,-0.866025403784439));
#3534=DIRECTION('center_axis',(0.,0.,1.));
#3535=DIRECTION('ref_axis',(1.,0.,0.));
#3536=DIRECTION('',(1.,0.,0.));
#3537=DIRECTION('',(1.,0.,0.));
#3538=DIRECTION('center_axis',(0.,1.,0.));
#3539=DIRECTION('ref_axis',(0.,0.,1.));
#3540=DIRECTION('center_axis',(-0.866025403784439,0.,0.5));
#3541=DIRECTION('ref_axis',(0.5,0.,0.866025403784439));
#3542=DIRECTION('',(0.5,0.,0.866025403784439));
#3543=DIRECTION('',(0.,1.,0.));
#3544=DIRECTION('',(0.5,0.,0.866025403784439));
#3545=DIRECTION('',(0.,1.,0.));
#3546=DIRECTION('center_axis',(-0.866025403784439,0.,-0.5));
#3547=DIRECTION('ref_axis',(-0.5,0.,0.866025403784439));
#3548=DIRECTION('',(-0.5,0.,0.866025403784439));
#3549=DIRECTION('',(0.,1.,0.));
#3550=DIRECTION('',(-0.5,0.,0.866025403784439));
#3551=DIRECTION('center_axis',(1.74814789671233E-16,0.,-1.));
#3552=DIRECTION('ref_axis',(-1.,0.,-1.74814789671233E-16));
#3553=DIRECTION('',(-1.,0.,-1.74814789671233E-16));
#3554=DIRECTION('',(0.,1.,0.));
#3555=DIRECTION('',(-1.,0.,-1.74814789671233E-16));
#3556=DIRECTION('center_axis',(0.866025403784439,0.,-0.5));
#3557=DIRECTION('ref_axis',(-0.5,0.,-0.866025403784439));
#3558=DIRECTION('',(-0.5,0.,-0.866025403784439));
#3559=DIRECTION('',(0.,1.,0.));
#3560=DIRECTION('',(-0.5,0.,-0.866025403784439));
#3561=DIRECTION('center_axis',(0.866025403784439,0.,0.499999999999999));
#3562=DIRECTION('ref_axis',(0.499999999999999,0.,-0.866025403784439));
#3563=DIRECTION('',(0.499999999999999,0.,-0.866025403784439));
#3564=DIRECTION('',(0.,1.,0.));
#3565=DIRECTION('',(0.499999999999999,0.,-0.866025403784439));
#3566=DIRECTION('center_axis',(0.,0.,1.));
#3567=DIRECTION('ref_axis',(1.,0.,0.));
#3568=DIRECTION('',(1.,0.,0.));
#3569=DIRECTION('',(1.,0.,0.));
#3570=DIRECTION('center_axis',(0.,1.,0.));
#3571=DIRECTION('ref_axis',(0.,0.,1.));
#3572=DIRECTION('center_axis',(-0.866025403784439,0.,0.5));
#3573=DIRECTION('ref_axis',(0.5,0.,0.866025403784439));
#3574=DIRECTION('',(0.5,0.,0.866025403784439));
#3575=DIRECTION('',(0.,1.,0.));
#3576=DIRECTION('',(0.5,0.,0.866025403784439));
#3577=DIRECTION('',(0.,1.,0.));
#3578=DIRECTION('center_axis',(-0.866025403784439,0.,-0.5));
#3579=DIRECTION('ref_axis',(-0.5,0.,0.866025403784439));
#3580=DIRECTION('',(-0.5,0.,0.866025403784439));
#3581=DIRECTION('',(0.,1.,0.));
#3582=DIRECTION('',(-0.5,0.,0.866025403784439));
#3583=DIRECTION('center_axis',(1.74814789671233E-16,0.,-1.));
#3584=DIRECTION('ref_axis',(-1.,0.,-1.74814789671233E-16));
#3585=DIRECTION('',(-1.,0.,-1.74814789671233E-16));
#3586=DIRECTION('',(0.,1.,0.));
#3587=DIRECTION('',(-1.,0.,-1.74814789671233E-16));
#3588=DIRECTION('center_axis',(0.866025403784439,0.,-0.5));
#3589=DIRECTION('ref_axis',(-0.5,0.,-0.866025403784439));
#3590=DIRECTION('',(-0.5,0.,-0.866025403784439));
#3591=DIRECTION('',(0.,1.,0.));
#3592=DIRECTION('',(-0.5,0.,-0.866025403784439));
#3593=DIRECTION('center_axis',(0.866025403784439,0.,0.499999999999999));
#3594=DIRECTION('ref_axis',(0.499999999999999,0.,-0.866025403784439));
#3595=DIRECTION('',(0.499999999999999,0.,-0.866025403784439));
#3596=DIRECTION('',(0.,1.,0.));
#3597=DIRECTION('',(0.499999999999999,0.,-0.866025403784439));
#3598=DIRECTION('center_axis',(0.,0.,1.));
#3599=DIRECTION('ref_axis',(1.,0.,0.));
#3600=DIRECTION('',(1.,0.,0.));
#3601=DIRECTION('',(1.,0.,0.));
#3602=DIRECTION('center_axis',(0.,1.,0.));
#3603=DIRECTION('ref_axis',(0.,0.,1.));
#3604=DIRECTION('center_axis',(0.,1.,0.));
#3605=DIRECTION('ref_axis',(0.,0.,-1.));
#3606=DIRECTION('center_axis',(0.,1.,0.));
#3607=DIRECTION('ref_axis',(0.,0.,-1.));
#3608=DIRECTION('',(0.,1.,0.));
#3609=DIRECTION('center_axis',(0.,-1.,0.));
#3610=DIRECTION('ref_axis',(0.,0.,-1.));
#3611=DIRECTION('center_axis',(-0.866025403784439,0.,0.5));
#3612=DIRECTION('ref_axis',(0.5,0.,0.866025403784439));
#3613=DIRECTION('',(0.5,0.,0.866025403784439));
#3614=DIRECTION('',(0.,1.,0.));
#3615=DIRECTION('',(0.5,0.,0.866025403784439));
#3616=DIRECTION('',(0.,1.,0.));
#3617=DIRECTION('center_axis',(-0.866025403784439,0.,-0.5));
#3618=DIRECTION('ref_axis',(-0.5,0.,0.866025403784439));
#3619=DIRECTION('',(-0.5,0.,0.866025403784439));
#3620=DIRECTION('',(0.,1.,0.));
#3621=DIRECTION('',(-0.5,0.,0.866025403784439));
#3622=DIRECTION('center_axis',(1.74814789671233E-16,0.,-1.));
#3623=DIRECTION('ref_axis',(-1.,0.,-1.74814789671233E-16));
#3624=DIRECTION('',(-1.,0.,-1.74814789671233E-16));
#3625=DIRECTION('',(0.,1.,0.));
#3626=DIRECTION('',(-1.,0.,-1.74814789671233E-16));
#3627=DIRECTION('center_axis',(0.866025403784439,0.,-0.5));
#3628=DIRECTION('ref_axis',(-0.5,0.,-0.866025403784439));
#3629=DIRECTION('',(-0.5,0.,-0.866025403784439));
#3630=DIRECTION('',(0.,1.,0.));
#3631=DIRECTION('',(-0.5,0.,-0.866025403784439));
#3632=DIRECTION('center_axis',(0.866025403784439,0.,0.499999999999999));
#3633=DIRECTION('ref_axis',(0.499999999999999,0.,-0.866025403784439));
#3634=DIRECTION('',(0.499999999999999,0.,-0.866025403784439));
#3635=DIRECTION('',(0.,1.,0.));
#3636=DIRECTION('',(0.499999999999999,0.,-0.866025403784439));
#3637=DIRECTION('center_axis',(0.,0.,1.));
#3638=DIRECTION('ref_axis',(1.,0.,0.));
#3639=DIRECTION('',(1.,0.,0.));
#3640=DIRECTION('',(1.,0.,0.));
#3641=DIRECTION('center_axis',(0.,1.,0.));
#3642=DIRECTION('ref_axis',(0.,0.,1.));
#3643=DIRECTION('center_axis',(1.,0.,0.));
#3644=DIRECTION('ref_axis',(0.,1.,0.));
#3645=DIRECTION('',(0.,-1.,0.));
#3646=DIRECTION('',(0.,0.,1.));
#3647=DIRECTION('center_axis',(0.,0.,-1.));
#3648=DIRECTION('ref_axis',(-1.,0.,0.));
#3649=DIRECTION('',(-1.,0.,0.));
#3650=DIRECTION('center_axis',(0.,0.,-1.));
#3651=DIRECTION('ref_axis',(-1.,0.,0.));
#3652=DIRECTION('',(-1.,0.,0.));
#3653=DIRECTION('center_axis',(-1.,0.,0.));
#3654=DIRECTION('ref_axis',(0.,-1.,0.));
#3655=DIRECTION('',(0.,0.,1.));
#3656=DIRECTION('',(0.,1.,0.));
#3657=DIRECTION('center_axis',(0.,0.,-1.));
#3658=DIRECTION('ref_axis',(-1.,0.,0.));
#3659=DIRECTION('',(-1.,0.,0.));
#3660=DIRECTION('',(0.,-1.,0.));
#3661=DIRECTION('center_axis',(1.,0.,0.));
#3662=DIRECTION('ref_axis',(0.,1.,0.));
#3663=DIRECTION('',(0.,-1.,0.));
#3664=DIRECTION('',(0.,0.,1.));
#3665=DIRECTION('center_axis',(0.,0.,-1.));
#3666=DIRECTION('ref_axis',(-1.,0.,0.));
#3667=DIRECTION('',(-1.,0.,0.));
#3668=DIRECTION('center_axis',(1.,0.,0.));
#3669=DIRECTION('ref_axis',(0.,1.,0.));
#3670=DIRECTION('',(0.,0.,1.));
#3671=DIRECTION('center_axis',(0.,0.,-1.));
#3672=DIRECTION('ref_axis',(-1.,0.,0.));
#3673=DIRECTION('',(-1.,0.,0.));
#3674=DIRECTION('',(0.,-1.,0.));
#3675=DIRECTION('center_axis',(1.,0.,0.));
#3676=DIRECTION('ref_axis',(0.,1.,0.));
#3677=DIRECTION('',(0.,0.,1.));
#3678=DIRECTION('center_axis',(0.,-1.,0.));
#3679=DIRECTION('ref_axis',(1.,0.,0.));
#3680=DIRECTION('',(0.,0.,-1.));
#3681=DIRECTION('',(-1.,0.,0.));
#3682=DIRECTION('',(0.,0.,1.));
#3683=DIRECTION('center_axis',(1.,0.,0.));
#3684=DIRECTION('ref_axis',(0.,1.,0.));
#3685=DIRECTION('',(0.,0.,-1.));
#3686=DIRECTION('',(0.,-1.,0.));
#3687=DIRECTION('',(0.,0.,1.));
#3688=DIRECTION('center_axis',(0.,0.,-1.));
#3689=DIRECTION('ref_axis',(-1.,0.,0.));
#3690=DIRECTION('',(0.,-1.,0.));
#3691=DIRECTION('',(1.,0.,0.));
#3692=DIRECTION('',(0.,1.,0.));
#3693=DIRECTION('',(-1.,0.,0.));
#3694=DIRECTION('center_axis',(0.,0.,1.));
#3695=DIRECTION('ref_axis',(1.,0.,0.));
#3696=DIRECTION('center_axis',(0.,0.,1.));
#3697=DIRECTION('ref_axis',(1.,0.,0.));
#3698=DIRECTION('center_axis',(0.,0.,1.));
#3699=DIRECTION('ref_axis',(1.,0.,0.));
#3700=DIRECTION('center_axis',(0.,0.,1.));
#3701=DIRECTION('ref_axis',(1.,0.,0.));
#3702=DIRECTION('center_axis',(-1.,0.,0.));
#3703=DIRECTION('ref_axis',(0.,-1.,0.));
#3704=DIRECTION('',(0.,0.,-1.));
#3705=DIRECTION('',(0.,1.,0.));
#3706=DIRECTION('',(0.,0.,1.));
#3707=DIRECTION('center_axis',(0.,1.,0.));
#3708=DIRECTION('ref_axis',(-1.,0.,0.));
#3709=DIRECTION('',(0.,0.,-1.));
#3710=DIRECTION('',(1.,0.,0.));
#3711=DIRECTION('',(0.,0.,1.));
#3712=DIRECTION('center_axis',(-0.707106781186549,0.707106781186547,0.));
#3713=DIRECTION('ref_axis',(0.,0.,1.));
#3714=DIRECTION('',(0.577350269189625,0.577350269189627,-0.577350269189626));
#3715=DIRECTION('',(0.707106781186546,0.707106781186548,-6.44192499938492E-15));
#3716=DIRECTION('',(0.577350269189625,0.577350269189626,0.577350269189627));
#3717=DIRECTION('center_axis',(-0.707106781186548,0.,-0.707106781186547));
#3718=DIRECTION('ref_axis',(-0.707106781186547,0.,0.707106781186548));
#3719=DIRECTION('',(0.707106781186547,-9.61481343191784E-17,-0.707106781186548));
#3720=DIRECTION('',(0.577350269189625,0.577350269189627,-0.577350269189626));
#3721=DIRECTION('',(-0.577350269189626,0.577350269189626,0.577350269189626));
#3722=DIRECTION('',(-0.707106781186547,0.,0.707106781186548));
#3723=DIRECTION('',(0.577350269189625,-0.577350269189627,-0.577350269189626));
#3724=DIRECTION('center_axis',(-0.707106781186549,-0.707106781186546,0.));
#3725=DIRECTION('ref_axis',(0.,0.,1.));
#3726=DIRECTION('',(-0.577350269189625,0.577350269189627,-0.577350269189626));
#3727=DIRECTION('',(-0.707106781186546,0.707106781186549,0.));
#3728=DIRECTION('center_axis',(0.,-0.707106781186547,-0.707106781186548));
#3729=DIRECTION('ref_axis',(-1.,0.,0.));
#3730=DIRECTION('',(0.577350269189626,0.577350269189626,-0.577350269189625));
#3731=DIRECTION('',(-9.61481343191783E-17,0.707106781186548,-0.707106781186547));
#3732=DIRECTION('',(-0.577350269189626,0.577350269189626,-0.577350269189625));
#3733=DIRECTION('',(-9.6148134319178E-17,-0.707106781186548,0.707106781186547));
#3734=DIRECTION('center_axis',(0.707106781186548,-0.707106781186548,0.));
#3735=DIRECTION('ref_axis',(0.,0.,-1.));
#3736=DIRECTION('',(-0.577350269189626,-0.577350269189626,-0.577350269189625));
#3737=DIRECTION('',(-0.707106781186548,-0.707106781186548,0.));
#3738=DIRECTION('center_axis',(0.707106781186547,0.,-0.707106781186548));
#3739=DIRECTION('ref_axis',(-0.707106781186548,0.,-0.707106781186547));
#3740=DIRECTION('',(0.707106781186548,-9.61481343191783E-17,0.707106781186547));
#3741=DIRECTION('',(-0.577350269189627,0.577350269189625,-0.577350269189626));
#3742=DIRECTION('',(-0.707106781186548,-9.6148134319178E-17,-0.707106781186547));
#3743=DIRECTION('',(-0.577350269189627,-0.577350269189625,-0.577350269189626));
#3744=DIRECTION('center_axis',(0.577350269189625,-0.577350269189625,-0.577350269189627));
#3745=DIRECTION('ref_axis',(-0.707106781186548,0.,-0.707106781186547));
#3746=DIRECTION('center_axis',(0.707106781186546,0.707106781186549,0.));
#3747=DIRECTION('ref_axis',(0.,0.,-1.));
#3748=DIRECTION('',(0.577350269189627,-0.577350269189625,-0.577350269189626));
#3749=DIRECTION('',(0.707106781186549,-0.707106781186546,9.61481343191781E-17));
#3750=DIRECTION('center_axis',(0.,0.707106781186548,-0.707106781186547));
#3751=DIRECTION('ref_axis',(-1.,0.,0.));
#3752=DIRECTION('',(9.61481343191784E-17,0.707106781186547,0.707106781186548));
#3753=DIRECTION('',(8.46103582008765E-15,-0.707106781186547,-0.707106781186548));
#3754=DIRECTION('center_axis',(0.577350269189625,0.577350269189627,-0.577350269189626));
#3755=DIRECTION('ref_axis',(-0.707106781186548,0.,-0.707106781186547));
#3756=DIRECTION('center_axis',(-0.577350269189627,-0.577350269189625,-0.577350269189626));
#3757=DIRECTION('ref_axis',(-0.707106781186547,0.,0.707106781186548));
#3758=DIRECTION('center_axis',(-0.577350269189628,0.577350269189621,-0.577350269189628));
#3759=DIRECTION('ref_axis',(-0.707106781186547,0.,0.707106781186548));
#3760=DIRECTION('center_axis',(0.,0.,-1.));
#3761=DIRECTION('ref_axis',(1.,0.,0.));
#3762=DIRECTION('',(0.,0.,1.));
#3763=DIRECTION('center_axis',(0.,0.,1.));
#3764=DIRECTION('ref_axis',(-1.,0.,0.));
#3765=DIRECTION('center_axis',(0.,0.,-1.));
#3766=DIRECTION('ref_axis',(1.,0.,0.));
#3767=DIRECTION('',(0.,0.,1.));
#3768=DIRECTION('center_axis',(0.,0.,1.));
#3769=DIRECTION('ref_axis',(-1.,0.,0.));
#3770=DIRECTION('center_axis',(0.,0.,-1.));
#3771=DIRECTION('ref_axis',(1.,0.,0.));
#3772=DIRECTION('',(0.,0.,1.));
#3773=DIRECTION('center_axis',(0.,0.,1.));
#3774=DIRECTION('ref_axis',(-1.,0.,0.));
#3775=DIRECTION('center_axis',(0.,0.,-1.));
#3776=DIRECTION('ref_axis',(1.,0.,0.));
#3777=DIRECTION('',(0.,0.,1.));
#3778=DIRECTION('center_axis',(0.,0.,1.));
#3779=DIRECTION('ref_axis',(-1.,0.,0.));
#3780=DIRECTION('center_axis',(0.,0.,-1.));
#3781=DIRECTION('ref_axis',(-1.,0.,0.));
#3782=DIRECTION('center_axis',(0.,0.,-1.));
#3783=DIRECTION('ref_axis',(1.,0.,0.));
#3784=DIRECTION('center_axis',(0.,0.,-1.));
#3785=DIRECTION('ref_axis',(-1.,0.,0.));
#3786=DIRECTION('center_axis',(0.,0.,-1.));
#3787=DIRECTION('ref_axis',(1.,0.,0.));
#3788=DIRECTION('center_axis',(0.,0.,-1.));
#3789=DIRECTION('ref_axis',(-1.,0.,0.));
#3790=DIRECTION('center_axis',(0.,0.,-1.));
#3791=DIRECTION('ref_axis',(1.,0.,0.));
#3792=DIRECTION('center_axis',(0.,0.,-1.));
#3793=DIRECTION('ref_axis',(-1.,0.,0.));
#3794=DIRECTION('center_axis',(0.,0.,-1.));
#3795=DIRECTION('ref_axis',(1.,0.,0.));
#3796=DIRECTION('center_axis',(0.,0.,-1.));
#3797=DIRECTION('ref_axis',(1.,0.,0.));
#3798=DIRECTION('',(0.,0.,-1.));
#3799=DIRECTION('center_axis',(0.,0.,-1.));
#3800=DIRECTION('ref_axis',(1.,0.,0.));
#3801=DIRECTION('center_axis',(0.,0.,-1.));
#3802=DIRECTION('ref_axis',(1.,0.,0.));
#3803=DIRECTION('center_axis',(0.,0.,-1.));
#3804=DIRECTION('ref_axis',(1.,0.,0.));
#3805=DIRECTION('',(0.,0.,-1.));
#3806=DIRECTION('center_axis',(0.,0.,-1.));
#3807=DIRECTION('ref_axis',(1.,0.,0.));
#3808=DIRECTION('center_axis',(0.,0.,-1.));
#3809=DIRECTION('ref_axis',(1.,0.,0.));
#3810=DIRECTION('center_axis',(0.,0.,-1.));
#3811=DIRECTION('ref_axis',(1.,0.,0.));
#3812=DIRECTION('',(0.,0.,-1.));
#3813=DIRECTION('center_axis',(0.,0.,-1.));
#3814=DIRECTION('ref_axis',(1.,0.,0.));
#3815=DIRECTION('center_axis',(0.,0.,-1.));
#3816=DIRECTION('ref_axis',(1.,0.,0.));
#3817=DIRECTION('center_axis',(0.,0.,-1.));
#3818=DIRECTION('ref_axis',(1.,0.,0.));
#3819=DIRECTION('',(0.,0.,-1.));
#3820=DIRECTION('center_axis',(0.,0.,-1.));
#3821=DIRECTION('ref_axis',(1.,0.,0.));
#3822=DIRECTION('center_axis',(0.,0.,-1.));
#3823=DIRECTION('ref_axis',(1.,0.,0.));
#3824=DIRECTION('center_axis',(-0.577350269189628,0.577350269189621,-0.577350269189628));
#3825=DIRECTION('ref_axis',(-0.707106781186547,0.,0.707106781186548));
#3826=DIRECTION('',(-0.707106781186547,-0.707106781186549,0.));
#3827=DIRECTION('',(-8.37382644631347E-15,0.707106781186547,0.707106781186548));
#3828=DIRECTION('',(0.707106781186547,0.,-0.707106781186548));
#3829=DIRECTION('center_axis',(-0.577350269189627,-0.577350269189625,-0.577350269189626));
#3830=DIRECTION('ref_axis',(-0.707106781186547,0.,0.707106781186548));
#3831=DIRECTION('',(-0.707106781186547,0.,0.707106781186548));
#3832=DIRECTION('',(0.,0.707106781186548,-0.707106781186547));
#3833=DIRECTION('',(0.707106781186546,-0.707106781186549,0.));
#3834=DIRECTION('center_axis',(0.577350269189625,0.577350269189627,-0.577350269189626));
#3835=DIRECTION('ref_axis',(-0.707106781186548,0.,-0.707106781186547));
#3836=DIRECTION('',(0.707106781186548,0.,0.707106781186547));
#3837=DIRECTION('',(0.,-0.707106781186547,-0.707106781186548));
#3838=DIRECTION('',(-0.707106781186549,0.707106781186546,0.));
#3839=DIRECTION('center_axis',(0.,0.707106781186548,-0.707106781186547));
#3840=DIRECTION('ref_axis',(-1.,0.,0.));
#3841=DIRECTION('',(1.,0.,0.));
#3842=DIRECTION('',(-1.,0.,0.));
#3843=DIRECTION('center_axis',(0.707106781186546,0.707106781186549,0.));
#3844=DIRECTION('ref_axis',(0.,0.,-1.));
#3845=DIRECTION('',(0.,0.,-1.));
#3846=DIRECTION('',(0.,0.,1.));
#3847=DIRECTION('center_axis',(0.577350269189625,-0.577350269189625,-0.577350269189627));
#3848=DIRECTION('ref_axis',(-0.707106781186548,0.,-0.707106781186547));
#3849=DIRECTION('',(0.,-0.707106781186548,0.707106781186547));
#3850=DIRECTION('',(-0.707106781186548,0.,-0.707106781186547));
#3851=DIRECTION('',(0.707106781186548,0.707106781186548,0.));
#3852=DIRECTION('center_axis',(0.707106781186547,0.,-0.707106781186548));
#3853=DIRECTION('ref_axis',(-0.707106781186548,0.,-0.707106781186547));
#3854=DIRECTION('',(0.,-1.,0.));
#3855=DIRECTION('',(0.,1.,0.));
#3856=DIRECTION('center_axis',(0.707106781186548,-0.707106781186548,0.));
#3857=DIRECTION('ref_axis',(0.,0.,-1.));
#3858=DIRECTION('',(0.,0.,1.));
#3859=DIRECTION('center_axis',(0.,-0.707106781186547,-0.707106781186548));
#3860=DIRECTION('ref_axis',(-1.,0.,0.));
#3861=DIRECTION('',(1.,0.,0.));
#3862=DIRECTION('center_axis',(-0.707106781186549,-0.707106781186546,0.));
#3863=DIRECTION('ref_axis',(0.,0.,1.));
#3864=DIRECTION('',(0.,0.,-1.));
#3865=DIRECTION('center_axis',(-0.707106781186548,0.,-0.707106781186547));
#3866=DIRECTION('ref_axis',(-0.707106781186547,0.,0.707106781186548));
#3867=DIRECTION('',(0.,1.,0.));
#3868=DIRECTION('',(0.,-1.,0.));
#3869=DIRECTION('center_axis',(-0.707106781186549,0.707106781186547,0.));
#3870=DIRECTION('ref_axis',(0.,0.,1.));
#3871=DIRECTION('',(0.,0.,-1.));
#3872=DIRECTION('',(0.,0.,1.));
#3873=DIRECTION('center_axis',(0.,1.,0.));
#3874=DIRECTION('ref_axis',(-1.,0.,0.));
#3875=DIRECTION('center_axis',(-1.,0.,0.));
#3876=DIRECTION('ref_axis',(0.,-1.,0.));
#3877=DIRECTION('center_axis',(0.,0.,-1.));
#3878=DIRECTION('ref_axis',(-1.,0.,0.));
#3879=DIRECTION('center_axis',(1.,0.,0.));
#3880=DIRECTION('ref_axis',(0.,1.,0.));
#3881=CARTESIAN_POINT('',(0.,0.,0.));
#3882=CARTESIAN_POINT('Origin',(-73.5629876580839,-128.2255524511,25.));
#3883=CARTESIAN_POINT('',(-54.870078740157,-128.2255524511,25.));
#3884=CARTESIAN_POINT('',(-54.870078740157,-128.2255524511,23.5));
#3885=CARTESIAN_POINT('',(-54.870078740157,-128.2255524511,12.5));
#3886=CARTESIAN_POINT('',(-73.5629876580839,-128.2255524511,25.));
#3887=CARTESIAN_POINT('',(-15.9699622059794,-128.2255524511,25.));
#3888=CARTESIAN_POINT('',(-73.5629876580839,-128.2255524511,23.5));
#3889=CARTESIAN_POINT('',(-73.5629876580839,-128.2255524511,25.));
#3890=CARTESIAN_POINT('',(-55.870078740157,-128.2255524511,23.5));
#3891=CARTESIAN_POINT('Origin',(-73.5629876580839,-128.2255524511,25.));
#3892=CARTESIAN_POINT('',(117.100203200405,-128.2255524511,23.5));
#3893=CARTESIAN_POINT('',(117.100203200405,-128.2255524511,25.));
#3894=CARTESIAN_POINT('',(117.100203200405,-128.2255524511,12.5));
#3895=CARTESIAN_POINT('',(156.809114150334,-128.2255524511,23.5));
#3896=CARTESIAN_POINT('',(-55.870078740157,-128.2255524511,23.5));
#3897=CARTESIAN_POINT('',(156.809114150334,-128.2255524511,25.));
#3898=CARTESIAN_POINT('',(156.809114150334,-128.2255524511,25.));
#3899=CARTESIAN_POINT('',(-15.9699622059794,-128.2255524511,25.));
#3900=CARTESIAN_POINT('Origin',(157.223327712707,-129.2255524511,25.));
#3901=CARTESIAN_POINT('',(-54.870078740157,-129.2255524511,23.5));
#3902=CARTESIAN_POINT('',(-54.870078740157,-129.2255524511,25.));
#3903=CARTESIAN_POINT('',(-54.870078740157,-129.2255524511,12.5));
#3904=CARTESIAN_POINT('',(-73.9772012204569,-129.2255524511,23.5));
#3905=CARTESIAN_POINT('',(-73.9772012204569,-129.2255524511,23.5));
#3906=CARTESIAN_POINT('',(-73.9772012204569,-129.2255524511,25.));
#3907=CARTESIAN_POINT('',(-73.9772012204569,-129.2255524511,25.));
#3908=CARTESIAN_POINT('',(99.4231954794159,-129.2255524511,25.));
#3909=CARTESIAN_POINT('Origin',(-75.39141478283,-126.397125326354,25.));
#3910=CARTESIAN_POINT('',(-75.39141478283,-126.397125326354,25.));
#3911=CARTESIAN_POINT('',(-60.1390324110935,-141.649507698091,25.));
#3912=CARTESIAN_POINT('',(-75.39141478283,-126.397125326354,23.5));
#3913=CARTESIAN_POINT('',(-75.39141478283,-126.397125326354,25.));
#3914=CARTESIAN_POINT('',(-73.5629876580839,-128.2255524511,23.5));
#3915=CARTESIAN_POINT('Origin',(-75.39141478283,-14.3872282423462,25.));
#3916=CARTESIAN_POINT('',(-75.39141478283,-14.3872282423462,25.));
#3917=CARTESIAN_POINT('',(-75.39141478283,-42.3897025133481,25.));
#3918=CARTESIAN_POINT('',(-75.39141478283,-14.3872282423462,23.5));
#3919=CARTESIAN_POINT('',(-75.39141478283,-14.3872282423462,25.));
#3920=CARTESIAN_POINT('',(-75.39141478283,-126.397125326354,23.5));
#3921=CARTESIAN_POINT('Origin',(-73.5629876580838,-12.5588011176,25.));
#3922=CARTESIAN_POINT('',(-73.5629876580838,-12.5588011176,25.));
#3923=CARTESIAN_POINT('',(-59.2248188487183,1.77936769176508,25.));
#3924=CARTESIAN_POINT('',(-73.5629876580838,-12.5588011176,23.5));
#3925=CARTESIAN_POINT('',(-73.5629876580838,-12.5588011176,25.));
#3926=CARTESIAN_POINT('',(-75.39141478283,-14.3872282423462,23.5));
#3927=CARTESIAN_POINT('Origin',(156.809114150334,-12.5588011176,25.));
#3928=CARTESIAN_POINT('',(156.809114150334,-12.5588011176,25.));
#3929=CARTESIAN_POINT('',(99.2160886982294,-12.5588011176,25.));
#3930=CARTESIAN_POINT('',(156.809114150334,-12.5588011176,23.5));
#3931=CARTESIAN_POINT('',(156.809114150334,-12.5588011176,25.));
#3932=CARTESIAN_POINT('',(-73.5629876580838,-12.5588011176,23.5));
#3933=CARTESIAN_POINT('Origin',(158.63754127508,-14.3872282423462,25.));
#3934=CARTESIAN_POINT('',(158.63754127508,-14.3872282423462,25.));
#3935=CARTESIAN_POINT('',(143.385158903342,0.865154129391659,25.));
#3936=CARTESIAN_POINT('',(158.63754127508,-14.3872282423462,23.5));
#3937=CARTESIAN_POINT('',(158.63754127508,-14.3872282423462,25.));
#3938=CARTESIAN_POINT('',(156.809114150334,-12.5588011176,23.5));
#3939=CARTESIAN_POINT('Origin',(158.63754127508,-126.397125326354,25.));
#3940=CARTESIAN_POINT('',(158.63754127508,-126.397125326354,25.));
#3941=CARTESIAN_POINT('',(158.63754127508,-98.3946510553519,25.));
#3942=CARTESIAN_POINT('',(158.63754127508,-126.397125326354,23.5));
#3943=CARTESIAN_POINT('',(158.63754127508,-126.397125326354,25.));
#3944=CARTESIAN_POINT('',(158.63754127508,-14.3872282423462,23.5));
#3945=CARTESIAN_POINT('Origin',(156.809114150334,-128.2255524511,25.));
#3946=CARTESIAN_POINT('',(142.470945340969,-142.563721260465,25.));
#3947=CARTESIAN_POINT('',(158.63754127508,-126.397125326354,23.5));
#3948=CARTESIAN_POINT('Origin',(159.63754127508,-13.9730146799731,25.));
#3949=CARTESIAN_POINT('',(159.63754127508,-13.9730146799731,25.));
#3950=CARTESIAN_POINT('',(159.63754127508,-126.811338888727,25.));
#3951=CARTESIAN_POINT('',(159.63754127508,-42.1825957321616,25.));
#3952=CARTESIAN_POINT('',(159.63754127508,-13.9730146799731,23.5));
#3953=CARTESIAN_POINT('',(159.63754127508,-13.9730146799731,25.));
#3954=CARTESIAN_POINT('',(159.63754127508,-126.811338888727,23.5));
#3955=CARTESIAN_POINT('',(159.63754127508,-126.811338888727,23.5));
#3956=CARTESIAN_POINT('',(159.63754127508,-126.811338888727,25.));
#3957=CARTESIAN_POINT('Origin',(157.223327712707,-11.5588011176,25.));
#3958=CARTESIAN_POINT('',(157.223327712707,-11.5588011176,25.));
#3959=CARTESIAN_POINT('',(143.031605512749,2.63292108235798,25.));
#3960=CARTESIAN_POINT('',(157.223327712707,-11.5588011176,23.5));
#3961=CARTESIAN_POINT('',(157.223327712707,-11.5588011176,25.));
#3962=CARTESIAN_POINT('',(159.63754127508,-13.9730146799731,23.5));
#3963=CARTESIAN_POINT('Origin',(-73.9772012204568,-11.5588011176,25.));
#3964=CARTESIAN_POINT('',(-73.9772012204568,-11.5588011176,25.));
#3965=CARTESIAN_POINT('',(-16.1770689871659,-11.5588011176,25.));
#3966=CARTESIAN_POINT('',(-73.9772012204568,-11.5588011176,23.5));
#3967=CARTESIAN_POINT('',(-73.9772012204568,-11.5588011176,25.));
#3968=CARTESIAN_POINT('',(157.223327712707,-11.5588011176,23.5));
#3969=CARTESIAN_POINT('Origin',(-76.39141478283,-13.9730146799731,25.));
#3970=CARTESIAN_POINT('',(-76.39141478283,-13.9730146799731,25.));
#3971=CARTESIAN_POINT('',(-60.992585801685,1.42581430117162,25.));
#3972=CARTESIAN_POINT('',(-76.39141478283,-13.9730146799731,23.5));
#3973=CARTESIAN_POINT('',(-76.39141478283,-13.9730146799731,25.));
#3974=CARTESIAN_POINT('',(-73.9772012204568,-11.5588011176,23.5));
#3975=CARTESIAN_POINT('Origin',(-76.39141478283,-126.811338888727,25.));
#3976=CARTESIAN_POINT('',(-76.39141478283,-126.811338888727,25.));
#3977=CARTESIAN_POINT('',(-76.39141478283,-98.6017578365385,25.));
#3978=CARTESIAN_POINT('',(-76.39141478283,-126.811338888727,23.5));
#3979=CARTESIAN_POINT('',(-76.39141478283,-126.811338888727,25.));
#3980=CARTESIAN_POINT('',(-76.39141478283,-13.9730146799731,23.5));
#3981=CARTESIAN_POINT('Origin',(-73.9772012204569,-129.2255524511,25.));
#3982=CARTESIAN_POINT('',(-59.7854790204991,-143.417274651058,25.));
#3983=CARTESIAN_POINT('',(-76.39141478283,-126.811338888727,23.5));
#3984=CARTESIAN_POINT('Origin',(157.223327712707,-129.2255524511,25.));
#3985=CARTESIAN_POINT('',(117.100203200405,-129.2255524511,25.));
#3986=CARTESIAN_POINT('',(117.100203200405,-129.2255524511,23.5));
#3987=CARTESIAN_POINT('',(117.100203200405,-129.2255524511,12.5));
#3988=CARTESIAN_POINT('',(157.223327712707,-129.2255524511,25.));
#3989=CARTESIAN_POINT('',(99.4231954794159,-129.2255524511,25.));
#3990=CARTESIAN_POINT('',(157.223327712707,-129.2255524511,23.5));
#3991=CARTESIAN_POINT('',(157.223327712707,-129.2255524511,25.));
#3992=CARTESIAN_POINT('',(-73.9772012204569,-129.2255524511,23.5));
#3993=CARTESIAN_POINT('Origin',(159.63754127508,-126.811338888727,25.));
#3994=CARTESIAN_POINT('',(144.238712293935,-142.210167869872,25.));
#3995=CARTESIAN_POINT('',(157.223327712707,-129.2255524511,23.5));
#3996=CARTESIAN_POINT('Origin',(41.623063246125,-70.39217678435,23.5));
#3997=CARTESIAN_POINT('',(117.100203200405,-98.808864617725,23.5));
#3998=CARTESIAN_POINT('',(-54.870078740157,-100.308864617725,23.5));
#3999=CARTESIAN_POINT('Origin',(41.623063246125,-70.39217678435,25.));
#4000=CARTESIAN_POINT('',(117.100203200405,-130.2255524511,25.));
#4001=CARTESIAN_POINT('',(117.100203200405,-130.2255524511,25.));
#4002=CARTESIAN_POINT('',(157.63754127508,-130.2255524511,25.));
#4003=CARTESIAN_POINT('',(-74.39141478283,-130.2255524511,25.));
#4004=CARTESIAN_POINT('',(160.63754127508,-127.2255524511,25.));
#4005=CARTESIAN_POINT('',(157.63754127508,-130.2255524511,25.));
#4006=CARTESIAN_POINT('',(160.63754127508,-13.5588011176,25.));
#4007=CARTESIAN_POINT('',(160.63754127508,-127.2255524511,25.));
#4008=CARTESIAN_POINT('',(157.63754127508,-10.5588011176,25.));
#4009=CARTESIAN_POINT('',(160.63754127508,-13.5588011176,25.));
#4010=CARTESIAN_POINT('',(-74.39141478283,-10.5588011176,25.));
#4011=CARTESIAN_POINT('',(157.63754127508,-10.5588011176,25.));
#4012=CARTESIAN_POINT('',(-77.39141478283,-13.5588011176,25.));
#4013=CARTESIAN_POINT('',(-74.39141478283,-10.5588011176,25.));
#4014=CARTESIAN_POINT('',(-77.39141478283,-127.2255524511,25.));
#4015=CARTESIAN_POINT('',(-77.39141478283,-13.5588011176,25.));
#4016=CARTESIAN_POINT('',(-74.39141478283,-130.2255524511,25.));
#4017=CARTESIAN_POINT('',(-77.39141478283,-127.2255524511,25.));
#4018=CARTESIAN_POINT('',(-54.870078740157,-130.2255524511,25.));
#4019=CARTESIAN_POINT('',(-74.39141478283,-130.2255524511,25.));
#4020=CARTESIAN_POINT('',(-54.870078740157,-130.2255524511,25.));
#4021=CARTESIAN_POINT('Origin',(41.623063246125,-70.39217678435,25.));
#4022=CARTESIAN_POINT('',(-54.870078740157,-127.2255524511,25.));
#4023=CARTESIAN_POINT('',(-54.870078740157,-130.2255524511,25.));
#4024=CARTESIAN_POINT('',(-73.1487740957108,-127.2255524511,25.));
#4025=CARTESIAN_POINT('',(156.394900587961,-127.2255524511,25.));
#4026=CARTESIAN_POINT('',(-74.39141478283,-125.982911763981,25.));
#4027=CARTESIAN_POINT('',(-73.1487740957107,-127.2255524511,25.));
#4028=CARTESIAN_POINT('',(-74.39141478283,-14.8014418047193,25.));
#4029=CARTESIAN_POINT('',(-74.39141478283,-125.982911763981,25.));
#4030=CARTESIAN_POINT('',(-73.1487740957107,-13.5588011176,25.));
#4031=CARTESIAN_POINT('',(-74.39141478283,-14.8014418047193,25.));
#4032=CARTESIAN_POINT('',(156.394900587961,-13.5588011176,25.));
#4033=CARTESIAN_POINT('',(-73.1487740957107,-13.5588011176,25.));
#4034=CARTESIAN_POINT('',(157.63754127508,-14.8014418047193,25.));
#4035=CARTESIAN_POINT('',(156.394900587961,-13.5588011176,25.));
#4036=CARTESIAN_POINT('',(157.63754127508,-125.982911763981,25.));
#4037=CARTESIAN_POINT('',(157.63754127508,-14.8014418047193,25.));
#4038=CARTESIAN_POINT('',(156.394900587961,-127.2255524511,25.));
#4039=CARTESIAN_POINT('',(157.63754127508,-125.982911763981,25.));
#4040=CARTESIAN_POINT('',(117.100203200405,-127.2255524511,25.));
#4041=CARTESIAN_POINT('',(156.394900587961,-127.2255524511,25.));
#4042=CARTESIAN_POINT('',(117.100203200405,-130.2255524511,25.));
#4043=CARTESIAN_POINT('Origin',(-54.870078740157,-130.2255524511,0.));
#4044=CARTESIAN_POINT('',(-54.870078740157,-130.2255524511,0.));
#4045=CARTESIAN_POINT('',(-54.870078740157,-130.2255524511,0.));
#4046=CARTESIAN_POINT('',(-54.870078740157,-127.2255524511,0.));
#4047=CARTESIAN_POINT('',(-54.870078740157,-100.308864617725,0.));
#4048=CARTESIAN_POINT('',(-54.870078740157,-127.2255524511,0.));
#4049=CARTESIAN_POINT('Origin',(160.63754127508,-23.5588011176,0.));
#4050=CARTESIAN_POINT('',(157.63754127508,-38.5588011176,0.));
#4051=CARTESIAN_POINT('',(157.63754127508,-23.5588011176,0.));
#4052=CARTESIAN_POINT('',(157.63754127508,-76.89217678435,0.));
#4053=CARTESIAN_POINT('',(160.63754127508,-38.5588011176,0.));
#4054=CARTESIAN_POINT('',(160.63754127508,-38.5588011176,0.));
#4055=CARTESIAN_POINT('',(160.63754127508,-23.5588011176,0.));
#4056=CARTESIAN_POINT('',(160.63754127508,-76.89217678435,0.));
#4057=CARTESIAN_POINT('',(160.63754127508,-23.5588011176,0.));
#4058=CARTESIAN_POINT('Origin',(160.63754127508,-23.5588011176,6.));
#4059=CARTESIAN_POINT('',(157.63754127508,-23.5588011176,6.));
#4060=CARTESIAN_POINT('',(157.63754127508,-23.5588011176,-1.));
#4061=CARTESIAN_POINT('',(160.63754127508,-23.5588011176,6.));
#4062=CARTESIAN_POINT('',(160.63754127508,-23.5588011176,-1.));
#4063=CARTESIAN_POINT('',(160.63754127508,-23.5588011176,6.));
#4064=CARTESIAN_POINT('Origin',(160.63754127508,-38.5588011176,6.));
#4065=CARTESIAN_POINT('',(157.63754127508,-38.5588011176,6.));
#4066=CARTESIAN_POINT('',(157.63754127508,-84.39217678435,6.));
#4067=CARTESIAN_POINT('',(160.63754127508,-38.5588011176,6.));
#4068=CARTESIAN_POINT('',(160.63754127508,-84.39217678435,6.));
#4069=CARTESIAN_POINT('',(160.63754127508,-38.5588011176,6.));
#4070=CARTESIAN_POINT('Origin',(160.63754127508,-38.5588011176,0.));
#4071=CARTESIAN_POINT('',(157.63754127508,-38.5588011176,-4.));
#4072=CARTESIAN_POINT('',(160.63754127508,-38.5588011176,-4.));
#4073=CARTESIAN_POINT('Origin',(160.63754127508,-117.2255524511,0.));
#4074=CARTESIAN_POINT('',(157.63754127508,-117.2255524511,0.));
#4075=CARTESIAN_POINT('',(157.63754127508,-102.2255524511,0.));
#4076=CARTESIAN_POINT('',(157.63754127508,-123.7255524511,0.));
#4077=CARTESIAN_POINT('',(160.63754127508,-117.2255524511,0.));
#4078=CARTESIAN_POINT('',(160.63754127508,-117.2255524511,0.));
#4079=CARTESIAN_POINT('',(160.63754127508,-102.2255524511,0.));
#4080=CARTESIAN_POINT('',(160.63754127508,-123.7255524511,0.));
#4081=CARTESIAN_POINT('',(160.63754127508,-102.2255524511,0.));
#4082=CARTESIAN_POINT('Origin',(160.63754127508,-117.2255524511,6.));
#4083=CARTESIAN_POINT('',(157.63754127508,-117.2255524511,6.));
#4084=CARTESIAN_POINT('',(157.63754127508,-117.2255524511,-1.));
#4085=CARTESIAN_POINT('',(160.63754127508,-117.2255524511,6.));
#4086=CARTESIAN_POINT('',(160.63754127508,-117.2255524511,6.));
#4087=CARTESIAN_POINT('',(160.63754127508,-117.2255524511,-1.));
#4088=CARTESIAN_POINT('Origin',(160.63754127508,-102.2255524511,6.));
#4089=CARTESIAN_POINT('',(157.63754127508,-102.2255524511,6.));
#4090=CARTESIAN_POINT('',(157.63754127508,-116.2255524511,6.));
#4091=CARTESIAN_POINT('',(160.63754127508,-102.2255524511,6.));
#4092=CARTESIAN_POINT('',(160.63754127508,-102.2255524511,6.));
#4093=CARTESIAN_POINT('',(160.63754127508,-116.2255524511,6.));
#4094=CARTESIAN_POINT('Origin',(160.63754127508,-102.2255524511,0.));
#4095=CARTESIAN_POINT('',(157.63754127508,-102.2255524511,-4.));
#4096=CARTESIAN_POINT('',(160.63754127508,-102.2255524511,-4.));
#4097=CARTESIAN_POINT('Origin',(-77.39141478283,-23.5588011176,0.));
#4098=CARTESIAN_POINT('',(-74.39141478283,-23.5588011176,0.));
#4099=CARTESIAN_POINT('',(-74.39141478283,-38.5588011176,0.));
#4100=CARTESIAN_POINT('',(-74.39141478283,-17.0588011176,0.));
#4101=CARTESIAN_POINT('',(-77.39141478283,-23.5588011176,0.));
#4102=CARTESIAN_POINT('',(-77.39141478283,-23.5588011176,0.));
#4103=CARTESIAN_POINT('',(-77.39141478283,-38.5588011176,0.));
#4104=CARTESIAN_POINT('',(-77.39141478283,-17.0588011176,0.));
#4105=CARTESIAN_POINT('',(-77.39141478283,-38.5588011176,0.));
#4106=CARTESIAN_POINT('Origin',(-77.39141478283,-23.5588011176,6.));
#4107=CARTESIAN_POINT('',(-74.39141478283,-23.5588011176,6.));
#4108=CARTESIAN_POINT('',(-74.39141478283,-23.5588011176,-1.));
#4109=CARTESIAN_POINT('',(-77.39141478283,-23.5588011176,6.));
#4110=CARTESIAN_POINT('',(-77.39141478283,-23.5588011176,6.));
#4111=CARTESIAN_POINT('',(-77.39141478283,-23.5588011176,-1.));
#4112=CARTESIAN_POINT('Origin',(-77.39141478283,-38.5588011176,6.));
#4113=CARTESIAN_POINT('',(-74.39141478283,-38.5588011176,6.));
#4114=CARTESIAN_POINT('',(-74.39141478283,-24.5588011176,6.));
#4115=CARTESIAN_POINT('',(-77.39141478283,-38.5588011176,6.));
#4116=CARTESIAN_POINT('',(-77.39141478283,-38.5588011176,6.));
#4117=CARTESIAN_POINT('',(-77.39141478283,-24.5588011176,6.));
#4118=CARTESIAN_POINT('Origin',(-77.39141478283,-38.5588011176,0.));
#4119=CARTESIAN_POINT('',(-74.39141478283,-38.5588011176,-4.));
#4120=CARTESIAN_POINT('',(-77.39141478283,-38.5588011176,-4.));
#4121=CARTESIAN_POINT('Origin',(-77.39141478283,-117.2255524511,0.));
#4122=CARTESIAN_POINT('',(-74.39141478283,-102.2255524511,0.));
#4123=CARTESIAN_POINT('',(-74.39141478283,-117.2255524511,0.));
#4124=CARTESIAN_POINT('',(-74.39141478283,-63.89217678435,0.));
#4125=CARTESIAN_POINT('',(-77.39141478283,-102.2255524511,0.));
#4126=CARTESIAN_POINT('',(-77.39141478283,-102.2255524511,0.));
#4127=CARTESIAN_POINT('',(-77.39141478283,-117.2255524511,0.));
#4128=CARTESIAN_POINT('',(-77.39141478283,-63.89217678435,0.));
#4129=CARTESIAN_POINT('',(-77.39141478283,-117.2255524511,0.));
#4130=CARTESIAN_POINT('Origin',(-77.39141478283,-117.2255524511,6.));
#4131=CARTESIAN_POINT('',(-74.39141478283,-117.2255524511,6.));
#4132=CARTESIAN_POINT('',(-74.39141478283,-117.2255524511,-1.));
#4133=CARTESIAN_POINT('',(-77.39141478283,-117.2255524511,6.));
#4134=CARTESIAN_POINT('',(-77.39141478283,-117.2255524511,-1.));
#4135=CARTESIAN_POINT('',(-77.39141478283,-117.2255524511,6.));
#4136=CARTESIAN_POINT('Origin',(-77.39141478283,-102.2255524511,6.));
#4137=CARTESIAN_POINT('',(-74.39141478283,-102.2255524511,6.));
#4138=CARTESIAN_POINT('',(-74.39141478283,-56.39217678435,6.));
#4139=CARTESIAN_POINT('',(-77.39141478283,-102.2255524511,6.));
#4140=CARTESIAN_POINT('',(-77.39141478283,-56.39217678435,6.));
#4141=CARTESIAN_POINT('',(-77.39141478283,-102.2255524511,6.));
#4142=CARTESIAN_POINT('Origin',(-77.39141478283,-102.2255524511,0.));
#4143=CARTESIAN_POINT('',(-74.39141478283,-102.2255524511,-4.));
#4144=CARTESIAN_POINT('',(-77.39141478283,-102.2255524511,-4.));
#4145=CARTESIAN_POINT('Origin',(31.115062230124,-128.7255524511,13.887624974534));
#4146=CARTESIAN_POINT('',(50.857632715265,-127.2255524511,13.887624974534));
#4147=CARTESIAN_POINT('',(50.857632715265,-130.2255524511,13.887624974534));
#4148=CARTESIAN_POINT('',(50.857632715265,-129.4755524511,13.887624974534));
#4149=CARTESIAN_POINT('',(46.615062230123,-127.2255524511,13.887624974534));
#4150=CARTESIAN_POINT('',(-23.138176276353,-127.2255524511,13.887624974534));
#4151=CARTESIAN_POINT('',(46.615062230123,-130.2255524511,13.887624974534));
#4152=CARTESIAN_POINT('',(46.615062230123,-127.9755524511,13.887624974534));
#4153=CARTESIAN_POINT('',(-23.138176276353,-130.2255524511,13.887624974534));
#4154=CARTESIAN_POINT('Origin',(31.115062230124,-128.7255524511,13.887624974534));
#4155=CARTESIAN_POINT('',(-23.870078740158,-127.2255524511,13.887624974534));
#4156=CARTESIAN_POINT('',(-19.627508255017,-127.2255524511,13.887624974534));
#4157=CARTESIAN_POINT('',(-23.138176276353,-127.2255524511,13.887624974534));
#4158=CARTESIAN_POINT('',(-23.870078740158,-130.2255524511,13.887624974534));
#4159=CARTESIAN_POINT('',(-23.870078740158,-127.9755524511,13.887624974534));
#4160=CARTESIAN_POINT('',(-19.627508255017,-130.2255524511,13.887624974534));
#4161=CARTESIAN_POINT('',(-23.138176276353,-130.2255524511,13.887624974534));
#4162=CARTESIAN_POINT('',(-19.627508255017,-129.4755524511,13.887624974534));
#4163=CARTESIAN_POINT('Origin',(31.115062230124,-128.7255524511,13.887624974534));
#4164=CARTESIAN_POINT('',(15.615062230124,-127.2255524511,13.887624974534));
#4165=CARTESIAN_POINT('',(15.615062230124,-130.2255524511,13.887624974534));
#4166=CARTESIAN_POINT('',(15.615062230124,-129.4755524511,13.887624974534));
#4167=CARTESIAN_POINT('',(11.372491744982,-127.2255524511,13.887624974534));
#4168=CARTESIAN_POINT('',(-23.138176276353,-127.2255524511,13.887624974534));
#4169=CARTESIAN_POINT('',(11.372491744982,-130.2255524511,13.887624974534));
#4170=CARTESIAN_POINT('',(11.372491744982,-127.9755524511,13.887624974534));
#4171=CARTESIAN_POINT('',(-23.138176276353,-130.2255524511,13.887624974534));
#4172=CARTESIAN_POINT('Origin',(31.115062230124,-128.7255524511,13.887624974534));
#4173=CARTESIAN_POINT('',(86.100203200406,-127.2255524511,13.887624974534));
#4174=CARTESIAN_POINT('',(86.100203200406,-130.2255524511,13.887624974534));
#4175=CARTESIAN_POINT('',(86.100203200406,-129.4755524511,13.887624974534));
#4176=CARTESIAN_POINT('',(81.857632715264,-127.2255524511,13.887624974534));
#4177=CARTESIAN_POINT('',(-23.138176276353,-127.2255524511,13.887624974534));
#4178=CARTESIAN_POINT('',(81.857632715264,-130.2255524511,13.887624974534));
#4179=CARTESIAN_POINT('',(81.857632715264,-127.9755524511,13.887624974534));
#4180=CARTESIAN_POINT('',(-23.138176276353,-130.2255524511,13.887624974534));
#4181=CARTESIAN_POINT('Origin',(46.615062230123,-127.2255524511,0.));
#4182=CARTESIAN_POINT('',(46.615062230123,-127.2255524511,0.));
#4183=CARTESIAN_POINT('',(46.615062230123,-127.2255524511,0.));
#4184=CARTESIAN_POINT('',(46.615062230123,-130.2255524511,0.));
#4185=CARTESIAN_POINT('',(46.615062230123,-98.808864617725,0.));
#4186=CARTESIAN_POINT('',(46.615062230123,-130.2255524511,0.));
#4187=CARTESIAN_POINT('Origin',(-23.870078740158,-127.2255524511,0.));
#4188=CARTESIAN_POINT('',(-23.870078740158,-127.2255524511,0.));
#4189=CARTESIAN_POINT('',(-23.870078740158,-127.2255524511,0.));
#4190=CARTESIAN_POINT('',(-23.870078740158,-130.2255524511,0.));
#4191=CARTESIAN_POINT('',(-23.870078740158,-98.808864617725,0.));
#4192=CARTESIAN_POINT('',(-23.870078740158,-130.2255524511,0.));
#4193=CARTESIAN_POINT('Origin',(11.372491744982,-127.2255524511,0.));
#4194=CARTESIAN_POINT('',(11.372491744982,-127.2255524511,0.));
#4195=CARTESIAN_POINT('',(11.372491744982,-127.2255524511,0.));
#4196=CARTESIAN_POINT('',(11.372491744982,-130.2255524511,0.));
#4197=CARTESIAN_POINT('',(11.372491744982,-98.808864617725,0.));
#4198=CARTESIAN_POINT('',(11.372491744982,-130.2255524511,0.));
#4199=CARTESIAN_POINT('Origin',(-77.39141478283,-130.2255524511,-8.));
#4200=CARTESIAN_POINT('',(15.615062230124,-130.2255524511,0.));
#4201=CARTESIAN_POINT('',(-17.8841757683525,-130.2255524511,0.));
#4202=CARTESIAN_POINT('',(15.615062230124,-130.2255524511,0.));
#4203=CARTESIAN_POINT('',(-19.627508255017,-130.2255524511,0.));
#4204=CARTESIAN_POINT('',(-17.8841757683525,-130.2255524511,0.));
#4205=CARTESIAN_POINT('',(-19.627508255017,-130.2255524511,0.));
#4206=CARTESIAN_POINT('',(-17.8841757683525,-130.2255524511,0.));
#4207=CARTESIAN_POINT('',(-74.39141478283,-130.2255524511,-5.));
#4208=CARTESIAN_POINT('',(-74.39141478283,-130.2255524511,-8.));
#4209=CARTESIAN_POINT('',(157.63754127508,-130.2255524511,-5.));
#4210=CARTESIAN_POINT('',(-17.8841757683525,-130.2255524511,-5.));
#4211=CARTESIAN_POINT('',(157.63754127508,-130.2255524511,-8.));
#4212=CARTESIAN_POINT('',(117.100203200405,-130.2255524511,0.));
#4213=CARTESIAN_POINT('',(117.100203200405,-130.2255524511,0.));
#4214=CARTESIAN_POINT('',(86.100203200406,-130.2255524511,0.));
#4215=CARTESIAN_POINT('',(-17.8841757683525,-130.2255524511,0.));
#4216=CARTESIAN_POINT('',(86.100203200406,-130.2255524511,0.));
#4217=CARTESIAN_POINT('',(81.857632715264,-130.2255524511,0.));
#4218=CARTESIAN_POINT('',(81.857632715264,-130.2255524511,0.));
#4219=CARTESIAN_POINT('',(50.857632715265,-130.2255524511,0.));
#4220=CARTESIAN_POINT('',(-17.8841757683525,-130.2255524511,0.));
#4221=CARTESIAN_POINT('',(50.857632715265,-130.2255524511,0.));
#4222=CARTESIAN_POINT('Origin',(81.857632715264,-127.2255524511,0.));
#4223=CARTESIAN_POINT('',(81.857632715264,-127.2255524511,0.));
#4224=CARTESIAN_POINT('',(81.857632715264,-127.2255524511,0.));
#4225=CARTESIAN_POINT('',(81.857632715264,-98.808864617725,0.));
#4226=CARTESIAN_POINT('Origin',(123.602947061742,-11.9088011176,10.6213203435596));
#4227=CARTESIAN_POINT('',(123.602947061742,-12.5588011176,18.6213203435596));
#4228=CARTESIAN_POINT('Origin',(123.602947061742,-12.5588011176,10.6213203435596));
#4229=CARTESIAN_POINT('',(123.602947061742,-10.5588011176,18.6213203435596));
#4230=CARTESIAN_POINT('',(123.602947061742,-11.9088011176,18.6213203435596));
#4231=CARTESIAN_POINT('Origin',(123.602947061742,-10.5588011176,10.6213203435596));
#4232=CARTESIAN_POINT('Origin',(90.8109935354995,-11.9088011176,10.6213203435596));
#4233=CARTESIAN_POINT('',(90.8109935354995,-12.5588011176,18.6213203435596));
#4234=CARTESIAN_POINT('Origin',(90.8109935354995,-12.5588011176,10.6213203435596));
#4235=CARTESIAN_POINT('',(90.8109935354995,-10.5588011176,18.6213203435596));
#4236=CARTESIAN_POINT('',(90.8109935354995,-11.9088011176,18.6213203435596));
#4237=CARTESIAN_POINT('Origin',(90.8109935354995,-10.5588011176,10.6213203435596));
#4238=CARTESIAN_POINT('Origin',(58.0190400092566,-11.9088011176,10.6213203435596));
#4239=CARTESIAN_POINT('',(58.0190400092566,-12.5588011176,18.6213203435596));
#4240=CARTESIAN_POINT('Origin',(58.0190400092566,-12.5588011176,10.6213203435596));
#4241=CARTESIAN_POINT('',(58.0190400092566,-10.5588011176,18.6213203435596));
#4242=CARTESIAN_POINT('',(58.0190400092566,-11.9088011176,18.6213203435596));
#4243=CARTESIAN_POINT('Origin',(58.0190400092566,-10.5588011176,10.6213203435596));
#4244=CARTESIAN_POINT('Origin',(25.2270864830138,-11.9088011176,10.6213203435596));
#4245=CARTESIAN_POINT('',(25.2270864830138,-12.5588011176,18.6213203435596));
#4246=CARTESIAN_POINT('Origin',(25.2270864830138,-12.5588011176,10.6213203435596));
#4247=CARTESIAN_POINT('',(25.2270864830138,-10.5588011176,18.6213203435596));
#4248=CARTESIAN_POINT('',(25.2270864830138,-11.9088011176,18.6213203435596));
#4249=CARTESIAN_POINT('Origin',(25.2270864830138,-10.5588011176,10.6213203435596));
#4250=CARTESIAN_POINT('Origin',(-7.56486704322909,-11.9088011176,10.6213203435596));
#4251=CARTESIAN_POINT('',(-7.56486704322909,-12.5588011176,18.6213203435596));
#4252=CARTESIAN_POINT('Origin',(-7.56486704322909,-12.5588011176,10.6213203435596));
#4253=CARTESIAN_POINT('',(-7.56486704322909,-10.5588011176,18.6213203435596));
#4254=CARTESIAN_POINT('',(-7.56486704322909,-11.9088011176,18.6213203435596));
#4255=CARTESIAN_POINT('Origin',(-7.56486704322909,-10.5588011176,10.6213203435596));
#4256=CARTESIAN_POINT('Origin',(110.901241139571,-13.5588011176,10.6213203435596));
#4257=CARTESIAN_POINT('',(110.901241139571,-13.5588011176,10.6213203435596));
#4258=CARTESIAN_POINT('',(117.252094100656,-13.5588011176,21.6213203435596));
#4259=CARTESIAN_POINT('',(113.086644539127,-13.5588011176,14.4065500666244));
#4260=CARTESIAN_POINT('',(110.901241139571,-12.5588011176,10.6213203435596));
#4261=CARTESIAN_POINT('',(110.901241139571,-13.5588011176,10.6213203435596));
#4262=CARTESIAN_POINT('',(117.252094100656,-12.5588011176,21.6213203435596));
#4263=CARTESIAN_POINT('',(117.252094100656,-12.5588011176,21.6213203435596));
#4264=CARTESIAN_POINT('',(117.252094100656,-13.5588011176,21.6213203435596));
#4265=CARTESIAN_POINT('Origin',(117.252094100656,-13.5588011176,-0.378679656440364));
#4266=CARTESIAN_POINT('',(117.252094100656,-13.5588011176,-0.378679656440363));
#4267=CARTESIAN_POINT('',(124.325339254435,-13.5588011176,-12.6298996371749));
#4268=CARTESIAN_POINT('',(117.252094100656,-12.5588011176,-0.378679656440362));
#4269=CARTESIAN_POINT('',(117.252094100656,-13.5588011176,-0.378679656440363));
#4270=CARTESIAN_POINT('',(110.901241139571,-12.5588011176,10.6213203435596));
#4271=CARTESIAN_POINT('Origin',(129.953800022828,-13.5588011176,-0.378679656440361));
#4272=CARTESIAN_POINT('',(129.953800022828,-13.5588011176,-0.378679656440361));
#4273=CARTESIAN_POINT('',(145.295670648954,-13.5588011176,-0.378679656440358));
#4274=CARTESIAN_POINT('',(129.953800022828,-12.5588011176,-0.378679656440362));
#4275=CARTESIAN_POINT('',(129.953800022828,-13.5588011176,-0.378679656440361));
#4276=CARTESIAN_POINT('',(117.252094100656,-12.5588011176,-0.378679656440363));
#4277=CARTESIAN_POINT('Origin',(136.304652983914,-13.5588011176,10.6213203435596));
#4278=CARTESIAN_POINT('',(136.304652983914,-13.5588011176,10.6213203435596));
#4279=CARTESIAN_POINT('',(135.314629902927,-13.5588011176,8.9065500666244));
#4280=CARTESIAN_POINT('',(136.304652983914,-12.5588011176,10.6213203435596));
#4281=CARTESIAN_POINT('',(136.304652983914,-13.5588011176,10.6213203435596));
#4282=CARTESIAN_POINT('',(129.953800022828,-12.5588011176,-0.378679656440361));
#4283=CARTESIAN_POINT('Origin',(129.953800022828,-13.5588011176,21.6213203435596));
#4284=CARTESIAN_POINT('',(129.953800022828,-13.5588011176,21.6213203435596));
#4285=CARTESIAN_POINT('',(140.20247165715,-13.5588011176,3.87010036282514));
#4286=CARTESIAN_POINT('',(129.953800022828,-12.5588011176,21.6213203435596));
#4287=CARTESIAN_POINT('',(129.953800022828,-13.5588011176,21.6213203435596));
#4288=CARTESIAN_POINT('',(136.304652983914,-12.5588011176,10.6213203435596));
#4289=CARTESIAN_POINT('Origin',(117.252094100656,-13.5588011176,21.6213203435596));
#4290=CARTESIAN_POINT('',(138.944817687868,-13.5588011176,21.6213203435596));
#4291=CARTESIAN_POINT('',(129.953800022828,-12.5588011176,21.6213203435596));
#4292=CARTESIAN_POINT('Origin',(123.602947061742,-12.5588011176,10.6213203435596));
#4293=CARTESIAN_POINT('Origin',(78.1092876133277,-13.5588011176,10.6213203435596));
#4294=CARTESIAN_POINT('',(78.1092876133277,-13.5588011176,10.6213203435596));
#4295=CARTESIAN_POINT('',(84.4601405744136,-13.5588011176,21.6213203435596));
#4296=CARTESIAN_POINT('',(84.3936852036641,-13.5588011176,21.5062162649857));
#4297=CARTESIAN_POINT('',(78.1092876133277,-12.5588011176,10.6213203435596));
#4298=CARTESIAN_POINT('',(78.1092876133277,-13.5588011176,10.6213203435596));
#4299=CARTESIAN_POINT('',(84.4601405744136,-12.5588011176,21.6213203435596));
#4300=CARTESIAN_POINT('',(84.4601405744136,-12.5588011176,21.6213203435596));
#4301=CARTESIAN_POINT('',(84.4601405744136,-13.5588011176,21.6213203435596));
#4302=CARTESIAN_POINT('Origin',(84.4601405744136,-13.5588011176,-0.378679656440364));
#4303=CARTESIAN_POINT('',(84.4601405744136,-13.5588011176,-0.378679656440363));
#4304=CARTESIAN_POINT('',(95.6323799189723,-13.5588011176,-19.7295658355361));
#4305=CARTESIAN_POINT('',(84.4601405744136,-12.5588011176,-0.378679656440362));
#4306=CARTESIAN_POINT('',(84.4601405744136,-13.5588011176,-0.378679656440363));
#4307=CARTESIAN_POINT('',(78.1092876133277,-12.5588011176,10.6213203435596));
#4308=CARTESIAN_POINT('Origin',(97.1618464965854,-13.5588011176,-0.378679656440361));
#4309=CARTESIAN_POINT('',(97.1618464965854,-13.5588011176,-0.378679656440361));
#4310=CARTESIAN_POINT('',(128.899693885833,-13.5588011176,-0.378679656440355));
#4311=CARTESIAN_POINT('',(97.1618464965854,-12.5588011176,-0.378679656440362));
#4312=CARTESIAN_POINT('',(97.1618464965854,-13.5588011176,-0.378679656440361));
#4313=CARTESIAN_POINT('',(84.4601405744136,-12.5588011176,-0.378679656440363));
#4314=CARTESIAN_POINT('Origin',(103.512699457671,-13.5588011176,10.6213203435596));
#4315=CARTESIAN_POINT('',(103.512699457671,-13.5588011176,10.6213203435596));
#4316=CARTESIAN_POINT('',(106.621670567465,-13.5588011176,16.0062162649857));
#4317=CARTESIAN_POINT('',(103.512699457671,-12.5588011176,10.6213203435596));
#4318=CARTESIAN_POINT('',(103.512699457671,-13.5588011176,10.6213203435596));
#4319=CARTESIAN_POINT('',(97.1618464965854,-12.5588011176,-0.378679656440361));
#4320=CARTESIAN_POINT('Origin',(97.1618464965854,-13.5588011176,21.6213203435596));
#4321=CARTESIAN_POINT('',(97.1618464965854,-13.5588011176,21.6213203435596));
#4322=CARTESIAN_POINT('',(111.509512321687,-13.5588011176,-3.22956583553611));
#4323=CARTESIAN_POINT('',(97.1618464965854,-12.5588011176,21.6213203435596));
#4324=CARTESIAN_POINT('',(97.1618464965854,-13.5588011176,21.6213203435596));
#4325=CARTESIAN_POINT('',(103.512699457671,-12.5588011176,10.6213203435596));
#4326=CARTESIAN_POINT('Origin',(84.4601405744136,-13.5588011176,21.6213203435596));
#4327=CARTESIAN_POINT('',(122.548840924747,-13.5588011176,21.6213203435596));
#4328=CARTESIAN_POINT('',(97.1618464965854,-12.5588011176,21.6213203435596));
#4329=CARTESIAN_POINT('Origin',(90.8109935354995,-12.5588011176,10.6213203435596));
#4330=CARTESIAN_POINT('Origin',(45.3173340870849,-13.5588011176,10.6213203435596));
#4331=CARTESIAN_POINT('',(45.3173340870849,-13.5588011176,10.6213203435596));
#4332=CARTESIAN_POINT('',(51.6681870481708,-13.5588011176,21.6213203435596));
#4333=CARTESIAN_POINT('',(55.7007258682016,-13.5588011176,28.6058824633469));
#4334=CARTESIAN_POINT('',(45.3173340870849,-12.5588011176,10.6213203435596));
#4335=CARTESIAN_POINT('',(45.3173340870849,-13.5588011176,10.6213203435596));
#4336=CARTESIAN_POINT('',(51.6681870481708,-12.5588011176,21.6213203435596));
#4337=CARTESIAN_POINT('',(51.6681870481708,-12.5588011176,21.6213203435596));
#4338=CARTESIAN_POINT('',(51.6681870481708,-13.5588011176,21.6213203435596));
#4339=CARTESIAN_POINT('Origin',(51.6681870481708,-13.5588011176,-0.378679656440364));
#4340=CARTESIAN_POINT('',(51.6681870481708,-13.5588011176,-0.378679656440363));
#4341=CARTESIAN_POINT('',(66.9394205835098,-13.5588011176,-26.8292320338974));
#4342=CARTESIAN_POINT('',(51.6681870481708,-12.5588011176,-0.378679656440362));
#4343=CARTESIAN_POINT('',(51.6681870481708,-13.5588011176,-0.378679656440363));
#4344=CARTESIAN_POINT('',(45.3173340870849,-12.5588011176,10.6213203435596));
#4345=CARTESIAN_POINT('Origin',(64.3698929703425,-13.5588011176,-0.378679656440361));
#4346=CARTESIAN_POINT('',(64.3698929703425,-13.5588011176,-0.378679656440361));
#4347=CARTESIAN_POINT('',(112.503717122711,-13.5588011176,-0.378679656440352));
#4348=CARTESIAN_POINT('',(64.3698929703425,-12.5588011176,-0.378679656440362));
#4349=CARTESIAN_POINT('',(64.3698929703425,-13.5588011176,-0.378679656440361));
#4350=CARTESIAN_POINT('',(51.6681870481708,-12.5588011176,-0.378679656440363));
#4351=CARTESIAN_POINT('Origin',(70.7207459314284,-13.5588011176,10.6213203435596));
#4352=CARTESIAN_POINT('',(70.7207459314284,-13.5588011176,10.6213203435596));
#4353=CARTESIAN_POINT('',(77.9287112320022,-13.5588011176,23.1058824633469));
#4354=CARTESIAN_POINT('',(70.7207459314284,-12.5588011176,10.6213203435596));
#4355=CARTESIAN_POINT('',(70.7207459314284,-13.5588011176,10.6213203435596));
#4356=CARTESIAN_POINT('',(64.3698929703425,-12.5588011176,-0.378679656440361));
#4357=CARTESIAN_POINT('Origin',(64.3698929703425,-13.5588011176,21.6213203435596));
#4358=CARTESIAN_POINT('',(64.3698929703425,-13.5588011176,21.6213203435596));
#4359=CARTESIAN_POINT('',(82.8165529862245,-13.5588011176,-10.3292320338974));
#4360=CARTESIAN_POINT('',(64.3698929703425,-12.5588011176,21.6213203435596));
#4361=CARTESIAN_POINT('',(64.3698929703425,-13.5588011176,21.6213203435596));
#4362=CARTESIAN_POINT('',(70.7207459314284,-12.5588011176,10.6213203435596));
#4363=CARTESIAN_POINT('Origin',(51.6681870481708,-13.5588011176,21.6213203435596));
#4364=CARTESIAN_POINT('',(106.152864161625,-13.5588011176,21.6213203435596));
#4365=CARTESIAN_POINT('',(64.3698929703425,-12.5588011176,21.6213203435596));
#4366=CARTESIAN_POINT('Origin',(58.0190400092566,-12.5588011176,10.6213203435596));
#4367=CARTESIAN_POINT('Origin',(12.525380560842,-13.5588011176,10.6213203435596));
#4368=CARTESIAN_POINT('',(12.525380560842,-13.5588011176,10.6213203435596));
#4369=CARTESIAN_POINT('',(18.8762335219279,-13.5588011176,21.6213203435596));
#4370=CARTESIAN_POINT('',(27.0077665327391,-13.5588011176,35.7055486617082));
#4371=CARTESIAN_POINT('',(12.525380560842,-12.5588011176,10.6213203435596));
#4372=CARTESIAN_POINT('',(12.525380560842,-13.5588011176,10.6213203435596));
#4373=CARTESIAN_POINT('',(18.8762335219279,-12.5588011176,21.6213203435596));
#4374=CARTESIAN_POINT('',(18.8762335219279,-12.5588011176,21.6213203435596));
#4375=CARTESIAN_POINT('',(18.8762335219279,-13.5588011176,21.6213203435596));
#4376=CARTESIAN_POINT('Origin',(18.8762335219279,-13.5588011176,-0.378679656440364));
#4377=CARTESIAN_POINT('',(18.8762335219279,-13.5588011176,-0.378679656440363));
#4378=CARTESIAN_POINT('',(38.2464612480473,-13.5588011176,-33.9288982322586));
#4379=CARTESIAN_POINT('',(18.8762335219279,-12.5588011176,-0.378679656440362));
#4380=CARTESIAN_POINT('',(18.8762335219279,-13.5588011176,-0.378679656440363));
#4381=CARTESIAN_POINT('',(12.525380560842,-12.5588011176,10.6213203435596));
#4382=CARTESIAN_POINT('Origin',(31.5779394440997,-13.5588011176,-0.378679656440361));
#4383=CARTESIAN_POINT('',(31.5779394440997,-13.5588011176,-0.378679656440361));
#4384=CARTESIAN_POINT('',(96.1077403595898,-13.5588011176,-0.378679656440349));
#4385=CARTESIAN_POINT('',(31.5779394440997,-12.5588011176,-0.378679656440362));
#4386=CARTESIAN_POINT('',(31.5779394440997,-13.5588011176,-0.378679656440361));
#4387=CARTESIAN_POINT('',(18.8762335219279,-12.5588011176,-0.378679656440363));
#4388=CARTESIAN_POINT('Origin',(37.9287924051855,-13.5588011176,10.6213203435596));
#4389=CARTESIAN_POINT('',(37.9287924051855,-13.5588011176,10.6213203435596));
#4390=CARTESIAN_POINT('',(49.2357518965397,-13.5588011176,30.2055486617082));
#4391=CARTESIAN_POINT('',(37.9287924051855,-12.5588011176,10.6213203435596));
#4392=CARTESIAN_POINT('',(37.9287924051855,-13.5588011176,10.6213203435596));
#4393=CARTESIAN_POINT('',(31.5779394440997,-12.5588011176,-0.378679656440361));
#4394=CARTESIAN_POINT('Origin',(31.5779394440997,-13.5588011176,21.6213203435596));
#4395=CARTESIAN_POINT('',(31.5779394440997,-13.5588011176,21.6213203435596));
#4396=CARTESIAN_POINT('',(54.123593650762,-13.5588011176,-17.4288982322586));
#4397=CARTESIAN_POINT('',(31.5779394440997,-12.5588011176,21.6213203435596));
#4398=CARTESIAN_POINT('',(31.5779394440997,-13.5588011176,21.6213203435596));
#4399=CARTESIAN_POINT('',(37.9287924051855,-12.5588011176,10.6213203435596));
#4400=CARTESIAN_POINT('Origin',(18.8762335219279,-13.5588011176,21.6213203435596));
#4401=CARTESIAN_POINT('',(89.7568873985039,-13.5588011176,21.6213203435596));
#4402=CARTESIAN_POINT('',(31.5779394440997,-12.5588011176,21.6213203435596));
#4403=CARTESIAN_POINT('Origin',(25.2270864830138,-12.5588011176,10.6213203435596));
#4404=CARTESIAN_POINT('Origin',(-20.2665729654009,-13.5588011176,10.6213203435596));
#4405=CARTESIAN_POINT('',(-20.2665729654009,-13.5588011176,10.6213203435596));
#4406=CARTESIAN_POINT('',(-13.915720004315,-13.5588011176,21.6213203435596));
#4407=CARTESIAN_POINT('',(-1.68519280272343,-13.5588011176,42.8052148600694));
#4408=CARTESIAN_POINT('',(-20.2665729654009,-12.5588011176,10.6213203435596));
#4409=CARTESIAN_POINT('',(-20.2665729654009,-13.5588011176,10.6213203435596));
#4410=CARTESIAN_POINT('',(-13.915720004315,-12.5588011176,21.6213203435596));
#4411=CARTESIAN_POINT('',(-13.915720004315,-12.5588011176,21.6213203435596));
#4412=CARTESIAN_POINT('',(-13.915720004315,-13.5588011176,21.6213203435596));
#4413=CARTESIAN_POINT('Origin',(-13.915720004315,-13.5588011176,-0.378679656440364));
#4414=CARTESIAN_POINT('',(-13.915720004315,-13.5588011176,-0.378679656440363));
#4415=CARTESIAN_POINT('',(9.55350191258482,-13.5588011176,-41.0285644306199));
#4416=CARTESIAN_POINT('',(-13.915720004315,-12.5588011176,-0.378679656440362));
#4417=CARTESIAN_POINT('',(-13.915720004315,-13.5588011176,-0.378679656440363));
#4418=CARTESIAN_POINT('',(-20.2665729654009,-12.5588011176,10.6213203435596));
#4419=CARTESIAN_POINT('Origin',(-1.21401408214321,-13.5588011176,-0.378679656440361));
#4420=CARTESIAN_POINT('',(-1.21401408214321,-13.5588011176,-0.378679656440361));
#4421=CARTESIAN_POINT('',(79.7117635964684,-13.5588011176,-0.378679656440347));
#4422=CARTESIAN_POINT('',(-1.21401408214321,-12.5588011176,-0.378679656440362));
#4423=CARTESIAN_POINT('',(-1.21401408214321,-13.5588011176,-0.378679656440361));
#4424=CARTESIAN_POINT('',(-13.915720004315,-12.5588011176,-0.378679656440363));
#4425=CARTESIAN_POINT('Origin',(5.13683887894267,-13.5588011176,10.6213203435596));
#4426=CARTESIAN_POINT('',(5.13683887894267,-13.5588011176,10.6213203435596));
#4427=CARTESIAN_POINT('',(20.5427925610772,-13.5588011176,37.3052148600694));
#4428=CARTESIAN_POINT('',(5.13683887894267,-12.5588011176,10.6213203435596));
#4429=CARTESIAN_POINT('',(5.13683887894267,-13.5588011176,10.6213203435596));
#4430=CARTESIAN_POINT('',(-1.21401408214321,-12.5588011176,-0.378679656440361));
#4431=CARTESIAN_POINT('Origin',(-1.2140140821432,-13.5588011176,21.6213203435596));
#4432=CARTESIAN_POINT('',(-1.2140140821432,-13.5588011176,21.6213203435596));
#4433=CARTESIAN_POINT('',(25.4306343152995,-13.5588011176,-24.5285644306199));
#4434=CARTESIAN_POINT('',(-1.2140140821432,-12.5588011176,21.6213203435596));
#4435=CARTESIAN_POINT('',(-1.2140140821432,-13.5588011176,21.6213203435596));
#4436=CARTESIAN_POINT('',(5.13683887894267,-12.5588011176,10.6213203435596));
#4437=CARTESIAN_POINT('Origin',(-13.915720004315,-13.5588011176,21.6213203435596));
#4438=CARTESIAN_POINT('',(73.3609106353825,-13.5588011176,21.6213203435596));
#4439=CARTESIAN_POINT('',(-1.2140140821432,-12.5588011176,21.6213203435596));
#4440=CARTESIAN_POINT('Origin',(-7.56486704322909,-12.5588011176,10.6213203435596));
#4441=CARTESIAN_POINT('Origin',(-40.3568205694719,-11.9088011176,10.6213203435596));
#4442=CARTESIAN_POINT('',(-40.3568205694719,-12.5588011176,18.6213203435596));
#4443=CARTESIAN_POINT('Origin',(-40.3568205694719,-12.5588011176,10.6213203435596));
#4444=CARTESIAN_POINT('',(-40.3568205694719,-10.5588011176,18.6213203435596));
#4445=CARTESIAN_POINT('',(-40.3568205694719,-11.9088011176,18.6213203435596));
#4446=CARTESIAN_POINT('Origin',(-40.3568205694719,-10.5588011176,10.6213203435596));
#4447=CARTESIAN_POINT('Origin',(-53.0585264916437,-13.5588011176,10.6213203435596));
#4448=CARTESIAN_POINT('',(-53.0585264916437,-13.5588011176,10.6213203435596));
#4449=CARTESIAN_POINT('',(-46.7076735305578,-13.5588011176,21.6213203435596));
#4450=CARTESIAN_POINT('',(-30.3781521381859,-13.5588011176,49.9048810584307));
#4451=CARTESIAN_POINT('',(-53.0585264916437,-12.5588011176,10.6213203435596));
#4452=CARTESIAN_POINT('',(-53.0585264916437,-13.5588011176,10.6213203435596));
#4453=CARTESIAN_POINT('',(-46.7076735305578,-12.5588011176,21.6213203435596));
#4454=CARTESIAN_POINT('',(-46.7076735305578,-12.5588011176,21.6213203435596));
#4455=CARTESIAN_POINT('',(-46.7076735305578,-13.5588011176,21.6213203435596));
#4456=CARTESIAN_POINT('Origin',(-46.7076735305578,-13.5588011176,-0.378679656440364));
#4457=CARTESIAN_POINT('',(-46.7076735305578,-13.5588011176,-0.378679656440363));
#4458=CARTESIAN_POINT('',(-19.1394574228777,-13.5588011176,-48.1282306289811));
#4459=CARTESIAN_POINT('',(-46.7076735305578,-12.5588011176,-0.378679656440362));
#4460=CARTESIAN_POINT('',(-46.7076735305578,-13.5588011176,-0.378679656440363));
#4461=CARTESIAN_POINT('',(-53.0585264916437,-12.5588011176,10.6213203435596));
#4462=CARTESIAN_POINT('Origin',(-34.0059676083861,-13.5588011176,-0.378679656440361));
#4463=CARTESIAN_POINT('',(-34.0059676083861,-13.5588011176,-0.378679656440361));
#4464=CARTESIAN_POINT('',(63.3157868333469,-13.5588011176,-0.378679656440343));
#4465=CARTESIAN_POINT('',(-34.0059676083861,-12.5588011176,-0.378679656440362));
#4466=CARTESIAN_POINT('',(-34.0059676083861,-13.5588011176,-0.378679656440361));
#4467=CARTESIAN_POINT('',(-46.7076735305578,-12.5588011176,-0.378679656440363));
#4468=CARTESIAN_POINT('Origin',(-27.6551146473002,-13.5588011176,10.6213203435596));
#4469=CARTESIAN_POINT('',(-27.6551146473002,-13.5588011176,10.6213203435596));
#4470=CARTESIAN_POINT('',(-8.15016677438535,-13.5588011176,44.4048810584307));
#4471=CARTESIAN_POINT('',(-27.6551146473002,-12.5588011176,10.6213203435596));
#4472=CARTESIAN_POINT('',(-27.6551146473002,-13.5588011176,10.6213203435596));
#4473=CARTESIAN_POINT('',(-34.0059676083861,-12.5588011176,-0.378679656440361));
#4474=CARTESIAN_POINT('Origin',(-34.0059676083861,-13.5588011176,21.6213203435596));
#4475=CARTESIAN_POINT('',(-34.0059676083861,-13.5588011176,21.6213203435596));
#4476=CARTESIAN_POINT('',(-3.26232502016303,-13.5588011176,-31.6282306289811));
#4477=CARTESIAN_POINT('',(-34.0059676083861,-12.5588011176,21.6213203435596));
#4478=CARTESIAN_POINT('',(-34.0059676083861,-13.5588011176,21.6213203435596));
#4479=CARTESIAN_POINT('',(-27.6551146473002,-12.5588011176,10.6213203435596));
#4480=CARTESIAN_POINT('Origin',(-46.7076735305578,-13.5588011176,21.6213203435596));
#4481=CARTESIAN_POINT('',(56.9649338722611,-13.5588011176,21.6213203435596));
#4482=CARTESIAN_POINT('',(-34.0059676083861,-12.5588011176,21.6213203435596));
#4483=CARTESIAN_POINT('Origin',(-40.3568205694719,-12.5588011176,10.6213203435596));
#4484=CARTESIAN_POINT('Origin',(-19.627508255017,-130.2255524511,0.));
#4485=CARTESIAN_POINT('',(-19.627508255017,-127.2255524511,0.));
#4486=CARTESIAN_POINT('',(-19.627508255017,-100.308864617725,0.));
#4487=CARTESIAN_POINT('',(-19.627508255017,-127.2255524511,0.));
#4488=CARTESIAN_POINT('Origin',(41.623063246125,-70.39217678435,0.));
#4489=CARTESIAN_POINT('',(-17.8841757683525,-127.2255524511,0.));
#4490=CARTESIAN_POINT('Origin',(41.623063246125,-70.39217678435,0.));
#4491=CARTESIAN_POINT('',(-17.8841757683525,-127.2255524511,0.));
#4492=CARTESIAN_POINT('Origin',(117.100203200405,-127.2255524511,0.));
#4493=CARTESIAN_POINT('',(117.100203200405,-127.2255524511,0.));
#4494=CARTESIAN_POINT('',(117.100203200405,-127.2255524511,0.));
#4495=CARTESIAN_POINT('',(117.100203200405,-98.808864617725,0.));
#4496=CARTESIAN_POINT('Origin',(41.623063246125,-70.39217678435,0.));
#4497=CARTESIAN_POINT('',(86.100203200406,-127.2255524511,0.));
#4498=CARTESIAN_POINT('',(-17.8841757683525,-127.2255524511,0.));
#4499=CARTESIAN_POINT('',(86.100203200406,-100.308864617725,0.));
#4500=CARTESIAN_POINT('Origin',(15.615062230124,-130.2255524511,0.));
#4501=CARTESIAN_POINT('',(15.615062230124,-127.2255524511,0.));
#4502=CARTESIAN_POINT('',(15.615062230124,-100.308864617725,0.));
#4503=CARTESIAN_POINT('',(15.615062230124,-127.2255524511,0.));
#4504=CARTESIAN_POINT('Origin',(41.623063246125,-70.39217678435,0.));
#4505=CARTESIAN_POINT('',(-17.8841757683525,-127.2255524511,0.));
#4506=CARTESIAN_POINT('Origin',(86.100203200406,-130.2255524511,0.));
#4507=CARTESIAN_POINT('',(86.100203200406,-127.2255524511,0.));
#4508=CARTESIAN_POINT('Origin',(41.623063246125,-70.39217678435,0.));
#4509=CARTESIAN_POINT('',(50.857632715265,-127.2255524511,0.));
#4510=CARTESIAN_POINT('',(-17.8841757683525,-127.2255524511,0.));
#4511=CARTESIAN_POINT('',(50.857632715265,-100.308864617725,0.));
#4512=CARTESIAN_POINT('Origin',(50.857632715265,-130.2255524511,0.));
#4513=CARTESIAN_POINT('',(50.857632715265,-127.2255524511,0.));
#4514=CARTESIAN_POINT('Origin',(-77.39141478283,-127.2255524511,-8.));
#4515=CARTESIAN_POINT('',(156.394900587961,-127.2255524511,-3.75735931288072));
#4516=CARTESIAN_POINT('',(156.394900587961,-127.2255524511,-8.));
#4517=CARTESIAN_POINT('',(-73.1487740957107,-127.2255524511,-3.75735931288072));
#4518=CARTESIAN_POINT('',(-47.6377952755913,-127.2255524511,-3.75735931288071));
#4519=CARTESIAN_POINT('',(-73.1487740957107,-127.2255524511,0.));
#4520=CARTESIAN_POINT('Origin',(157.63754127508,-130.2255524511,-8.));
#4521=CARTESIAN_POINT('',(157.63754127508,-14.8014418047193,-3.75735931288072));
#4522=CARTESIAN_POINT('',(157.63754127508,-14.8014418047193,-8.));
#4523=CARTESIAN_POINT('',(157.63754127508,-125.982911763981,-3.7573593128807));
#4524=CARTESIAN_POINT('',(157.63754127508,-115.267208534413,-3.75735931288073));
#4525=CARTESIAN_POINT('',(157.63754127508,-125.982911763981,0.));
#4526=CARTESIAN_POINT('Origin',(41.623063246125,-70.39217678435,-5.));
#4527=CARTESIAN_POINT('',(-73.1487740957107,-14.8014418047193,-5.));
#4528=CARTESIAN_POINT('',(-73.1487740957107,-125.982911763981,-5.));
#4529=CARTESIAN_POINT('',(-73.1487740957107,-55.4338328676625,-5.));
#4530=CARTESIAN_POINT('',(156.394900587961,-125.982911763981,-5.));
#4531=CARTESIAN_POINT('',(11.8694437388862,-125.982911763981,-5.));
#4532=CARTESIAN_POINT('',(156.394900587961,-14.8014418047193,-5.));
#4533=CARTESIAN_POINT('',(156.394900587961,-85.3505207010375,-5.));
#4534=CARTESIAN_POINT('',(71.3766827533637,-14.8014418047193,-5.));
#4535=CARTESIAN_POINT('',(111.07023114046,-107.9502159004,-5.));
#4536=CARTESIAN_POINT('Origin',(115.57023114046,-107.9502159004,-5.));
#4537=CARTESIAN_POINT('',(-56.5701041402,-107.9502159004,-5.));
#4538=CARTESIAN_POINT('Origin',(-52.0701041402,-107.9502159004,-5.));
#4539=CARTESIAN_POINT('',(111.07023114046,-55.88011176022,-5.));
#4540=CARTESIAN_POINT('Origin',(115.57023114046,-55.88011176022,-5.));
#4541=CARTESIAN_POINT('',(-56.5701041402,-55.88011176022,-5.));
#4542=CARTESIAN_POINT('Origin',(-52.0701041402,-55.88011176022,-5.));
#4543=CARTESIAN_POINT('Origin',(-74.39141478283,-10.5588011176,-8.));
#4544=CARTESIAN_POINT('',(-74.39141478283,-125.982911763981,-3.75735931288072));
#4545=CARTESIAN_POINT('',(-74.39141478283,-125.982911763981,-8.));
#4546=CARTESIAN_POINT('',(-74.39141478283,-14.8014418047193,-3.75735931288072));
#4547=CARTESIAN_POINT('',(-74.39141478283,-25.5171450342875,-3.75735931288071));
#4548=CARTESIAN_POINT('',(-74.39141478283,-14.8014418047193,0.));
#4549=CARTESIAN_POINT('Origin',(160.63754127508,-13.5588011176,-8.));
#4550=CARTESIAN_POINT('',(-73.1487740957107,-13.5588011176,-3.75735931288071));
#4551=CARTESIAN_POINT('',(-73.1487740957107,-13.5588011176,-8.));
#4552=CARTESIAN_POINT('',(156.394900587961,-13.5588011176,-3.75735931288072));
#4553=CARTESIAN_POINT('',(130.883921767841,-13.5588011176,-3.75735931288072));
#4554=CARTESIAN_POINT('',(156.394900587961,-13.5588011176,0.));
#4555=CARTESIAN_POINT('Origin',(-73.7700944392704,-14.1801214611596,-8.));
#4556=CARTESIAN_POINT('',(-74.1022858312981,-14.5123128531874,-4.04648826441265));
#4557=CARTESIAN_POINT('',(-77.5491022969797,-17.9591293188689,-0.599671798731067));
#4558=CARTESIAN_POINT('',(-73.4379030472427,-13.847930069132,-4.04648826441267));
#4559=CARTESIAN_POINT('',(-73.7700944392703,-14.1801214611596,-4.04648826441265));
#4560=CARTESIAN_POINT('',(-45.2235817132183,14.3663912648925,24.1678330696118));
#4561=CARTESIAN_POINT('Origin',(-73.7700944392704,-40.475488950975,-4.37867965644036));
#4562=CARTESIAN_POINT('',(-74.1022858312981,-126.272040715513,-4.04648826441266));
#4563=CARTESIAN_POINT('',(-73.4379030472427,-126.272040715513,-4.71087104846805));
#4564=CARTESIAN_POINT('',(-73.7700944392704,-126.272040715513,-4.37867965644036));
#4565=CARTESIAN_POINT('',(-50.1009841346898,-102.93512180296,-28.0477899610209));
#4566=CARTESIAN_POINT('',(-73.4379030472427,-14.5123128531873,-4.71087104846804));
#4567=CARTESIAN_POINT('',(-40.2374670743223,-47.7127488261077,-37.9113070213884));
#4568=CARTESIAN_POINT('',(-73.0200944392704,-14.5123128531874,-5.12867965644037));
#4569=CARTESIAN_POINT('',(-87.5213315747713,-112.852994972039,9.37255747906061));
#4570=CARTESIAN_POINT('Origin',(-73.7700944392704,-126.60423210754,-8.));
#4571=CARTESIAN_POINT('',(-73.4379030472427,-126.936423499568,-4.04648826441267));
#4572=CARTESIAN_POINT('',(-65.0593280513773,-135.314998495433,4.33208673145267));
#4573=CARTESIAN_POINT('',(-73.0200944392704,-127.35423210754,-4.04648826441266));
#4574=CARTESIAN_POINT('Origin',(-17.8841757683525,-126.60423210754,-4.37867965644036));
#4575=CARTESIAN_POINT('',(156.684029539493,-126.936423499568,-4.04648826441263));
#4576=CARTESIAN_POINT('',(128.469708205468,-155.150744833593,24.1678330696118));
#4577=CARTESIAN_POINT('',(156.684029539493,-126.272040715513,-4.71087104846808));
#4578=CARTESIAN_POINT('',(156.684029539493,-126.60423210754,-4.37867965644037));
#4579=CARTESIAN_POINT('',(123.483593566572,-93.0716047425923,-37.9113070213884));
#4580=CARTESIAN_POINT('',(-73.4379030472427,-127.35423210754,-3.62867965644035));
#4581=CARTESIAN_POINT('Origin',(157.01622093152,-126.60423210754,-8.));
#4582=CARTESIAN_POINT('',(157.348412323548,-126.272040715513,-4.04648826441263));
#4583=CARTESIAN_POINT('',(160.79522878923,-122.825224249831,-0.59967179873107));
#4584=CARTESIAN_POINT('',(157.76622093152,-125.85423210754,-4.04648826441263));
#4585=CARTESIAN_POINT('Origin',(157.01622093152,-100.308864617725,-4.37867965644036));
#4586=CARTESIAN_POINT('',(157.76622093152,-126.272040715513,-3.62867965644035));
#4587=CARTESIAN_POINT('',(157.348412323548,-14.5123128531873,-4.04648826441266));
#4588=CARTESIAN_POINT('',(170.767458067021,-27.9313585966606,9.37255747906057));
#4589=CARTESIAN_POINT('',(156.684029539493,-14.5123128531873,-4.71087104846803));
#4590=CARTESIAN_POINT('',(157.01622093152,-14.5123128531873,-4.37867965644035));
#4591=CARTESIAN_POINT('',(133.34711062694,-37.8492317657402,-28.0477899610209));
#4592=CARTESIAN_POINT('Origin',(158.905490467511,-125.493501643531,-3.26794919243112));
#4593=CARTESIAN_POINT('Origin',(157.01622093152,-14.1801214611597,-8.));
#4594=CARTESIAN_POINT('',(156.684029539493,-13.847930069132,-4.04648826441266));
#4595=CARTESIAN_POINT('',(148.305454543627,-5.46935507326662,4.33208673145268));
#4596=CARTESIAN_POINT('',(156.26622093152,-13.4301214611597,-4.04648826441266));
#4597=CARTESIAN_POINT('Origin',(101.130302260602,-14.1801214611596,-4.37867965644036));
#4598=CARTESIAN_POINT('',(156.684029539493,-13.4301214611596,-3.62867965644036));
#4599=CARTESIAN_POINT('',(-73.4379030472427,-14.9301214611602,-5.12867965644087));
#4600=CARTESIAN_POINT('Origin',(155.905490467511,-12.2908519251689,-3.26794919243112));
#4601=CARTESIAN_POINT('Origin',(-72.6593639752611,-128.493501643531,-3.26794919243112));
#4602=CARTESIAN_POINT('Origin',(-72.6593639752611,-15.2908519251689,-6.26794919243112));
#4603=CARTESIAN_POINT('Origin',(-52.0701041402,-107.9502159004,-3.5));
#4604=CARTESIAN_POINT('',(-56.5701041402,-107.9502159004,0.));
#4605=CARTESIAN_POINT('',(-56.5701041402,-107.9502159004,-3.5));
#4606=CARTESIAN_POINT('Origin',(-52.0701041402,-107.9502159004,0.));
#4607=CARTESIAN_POINT('Origin',(115.57023114046,-55.88011176022,-3.5));
#4608=CARTESIAN_POINT('',(111.07023114046,-55.88011176022,0.));
#4609=CARTESIAN_POINT('',(111.07023114046,-55.88011176022,-3.5));
#4610=CARTESIAN_POINT('Origin',(115.57023114046,-55.88011176022,0.));
#4611=CARTESIAN_POINT('Origin',(115.57023114046,-107.9502159004,-3.5));
#4612=CARTESIAN_POINT('',(111.07023114046,-107.9502159004,0.));
#4613=CARTESIAN_POINT('',(111.07023114046,-107.9502159004,-3.5));
#4614=CARTESIAN_POINT('Origin',(115.57023114046,-107.9502159004,0.));
#4615=CARTESIAN_POINT('Origin',(-52.0701041402,-55.88011176022,-3.5));
#4616=CARTESIAN_POINT('',(-56.5701041402,-55.88011176022,0.));
#4617=CARTESIAN_POINT('',(-56.5701041402,-55.88011176022,-3.5));
#4618=CARTESIAN_POINT('Origin',(-52.0701041402,-55.88011176022,0.));
#4619=CARTESIAN_POINT('Origin',(41.623063246125,-70.39217678435,0.));
#4620=CARTESIAN_POINT('',(-53.5701041402,-55.88011176022,0.));
#4621=CARTESIAN_POINT('Origin',(-52.0701041402,-55.88011176022,0.));
#4622=CARTESIAN_POINT('Origin',(41.623063246125,-70.39217678435,0.));
#4623=CARTESIAN_POINT('',(114.07023114046,-107.9502159004,0.));
#4624=CARTESIAN_POINT('Origin',(115.57023114046,-107.9502159004,0.));
#4625=CARTESIAN_POINT('Origin',(41.623063246125,-70.39217678435,0.));
#4626=CARTESIAN_POINT('',(114.07023114046,-55.88011176022,0.));
#4627=CARTESIAN_POINT('Origin',(115.57023114046,-55.88011176022,0.));
#4628=CARTESIAN_POINT('Origin',(41.623063246125,-70.39217678435,0.));
#4629=CARTESIAN_POINT('',(-53.5701041402,-107.9502159004,0.));
#4630=CARTESIAN_POINT('Origin',(-52.0701041402,-107.9502159004,0.));
#4631=CARTESIAN_POINT('Origin',(-52.0701041402,-55.88011176022,-3.5));
#4632=CARTESIAN_POINT('',(-53.5701041402,-55.88011176022,-7.));
#4633=CARTESIAN_POINT('',(-53.5701041402,-55.88011176022,-3.5));
#4634=CARTESIAN_POINT('Origin',(-52.0701041402,-55.88011176022,-7.));
#4635=CARTESIAN_POINT('Origin',(-52.0701041402,-55.88011176022,-7.));
#4636=CARTESIAN_POINT('Origin',(115.57023114046,-107.9502159004,-3.5));
#4637=CARTESIAN_POINT('',(114.07023114046,-107.9502159004,-7.));
#4638=CARTESIAN_POINT('',(114.07023114046,-107.9502159004,-3.5));
#4639=CARTESIAN_POINT('Origin',(115.57023114046,-107.9502159004,-7.));
#4640=CARTESIAN_POINT('Origin',(115.57023114046,-107.9502159004,-7.));
#4641=CARTESIAN_POINT('Origin',(115.57023114046,-55.88011176022,-3.5));
#4642=CARTESIAN_POINT('',(114.07023114046,-55.88011176022,-7.));
#4643=CARTESIAN_POINT('',(114.07023114046,-55.88011176022,-3.5));
#4644=CARTESIAN_POINT('Origin',(115.57023114046,-55.88011176022,-7.));
#4645=CARTESIAN_POINT('Origin',(115.57023114046,-55.88011176022,-7.));
#4646=CARTESIAN_POINT('Origin',(-52.0701041402,-107.9502159004,-3.5));
#4647=CARTESIAN_POINT('',(-53.5701041402,-107.9502159004,-7.));
#4648=CARTESIAN_POINT('',(-53.5701041402,-107.9502159004,-3.5));
#4649=CARTESIAN_POINT('Origin',(-52.0701041402,-107.9502159004,-7.));
#4650=CARTESIAN_POINT('Origin',(-52.0701041402,-107.9502159004,-7.));
#4651=CARTESIAN_POINT('Origin',(-74.39141478283,-13.5588011176,-8.));
#4652=CARTESIAN_POINT('',(-74.39141478283,-10.5588011176,-5.));
#4653=CARTESIAN_POINT('',(-77.39141478283,-13.5588011176,-5.));
#4654=CARTESIAN_POINT('',(-74.39141478283,-10.5588011176,-5.));
#4655=CARTESIAN_POINT('',(-74.39141478283,-13.5588011176,-8.));
#4656=CARTESIAN_POINT('',(-74.39141478283,-13.5588011176,-8.));
#4657=CARTESIAN_POINT('',(-77.39141478283,-13.5588011176,-5.));
#4658=CARTESIAN_POINT('Origin',(-74.39141478283,-130.2255524511,-5.));
#4659=CARTESIAN_POINT('',(-74.39141478283,-127.2255524511,-8.));
#4660=CARTESIAN_POINT('',(-77.39141478283,-127.2255524511,-5.));
#4661=CARTESIAN_POINT('',(-74.39141478283,-127.2255524511,-8.));
#4662=CARTESIAN_POINT('',(-74.39141478283,-130.2255524511,-5.));
#4663=CARTESIAN_POINT('',(-77.39141478283,-127.2255524511,-5.));
#4664=CARTESIAN_POINT('Origin',(157.63754127508,-10.5588011176,-5.));
#4665=CARTESIAN_POINT('',(157.63754127508,-13.5588011176,-8.));
#4666=CARTESIAN_POINT('',(160.63754127508,-13.5588011176,-5.));
#4667=CARTESIAN_POINT('',(157.63754127508,-13.5588011176,-8.));
#4668=CARTESIAN_POINT('',(157.63754127508,-10.5588011176,-5.));
#4669=CARTESIAN_POINT('',(157.63754127508,-10.5588011176,-5.));
#4670=CARTESIAN_POINT('',(160.63754127508,-13.5588011176,-5.));
#4671=CARTESIAN_POINT('Origin',(101.130302260602,-12.0588011176,-6.5));
#4672=CARTESIAN_POINT('',(101.130302260602,-10.5588011176,-5.));
#4673=CARTESIAN_POINT('',(101.130302260602,-13.5588011176,-8.));
#4674=CARTESIAN_POINT('Origin',(159.13754127508,-12.0588011176,-8.));
#4675=CARTESIAN_POINT('',(160.63754127508,-13.5588011176,-8.));
#4676=CARTESIAN_POINT('',(157.63754127508,-10.5588011176,-8.));
#4677=CARTESIAN_POINT('Origin',(160.63754127508,-127.2255524511,-5.));
#4678=CARTESIAN_POINT('',(157.63754127508,-127.2255524511,-8.));
#4679=CARTESIAN_POINT('',(157.63754127508,-127.2255524511,-8.));
#4680=CARTESIAN_POINT('',(160.63754127508,-127.2255524511,-5.));
#4681=CARTESIAN_POINT('',(160.63754127508,-127.2255524511,-5.));
#4682=CARTESIAN_POINT('',(157.63754127508,-130.2255524511,-5.));
#4683=CARTESIAN_POINT('Origin',(159.13754127508,-100.308864617725,-6.5));
#4684=CARTESIAN_POINT('',(160.63754127508,-100.308864617725,-5.));
#4685=CARTESIAN_POINT('',(157.63754127508,-100.308864617725,-8.));
#4686=CARTESIAN_POINT('Origin',(159.13754127508,-128.7255524511,-8.));
#4687=CARTESIAN_POINT('',(160.63754127508,-127.2255524511,-8.));
#4688=CARTESIAN_POINT('Origin',(-17.8841757683525,-128.7255524511,-6.5));
#4689=CARTESIAN_POINT('',(-17.8841757683525,-127.2255524511,-8.));
#4690=CARTESIAN_POINT('Origin',(-75.89141478283,-128.7255524511,-8.));
#4691=CARTESIAN_POINT('',(-77.39141478283,-127.2255524511,-8.));
#4692=CARTESIAN_POINT('Origin',(-75.89141478283,-40.475488950975,-6.5));
#4693=CARTESIAN_POINT('',(-77.39141478283,-40.475488950975,-5.));
#4694=CARTESIAN_POINT('',(-74.39141478283,-40.475488950975,-8.));
#4695=CARTESIAN_POINT('Origin',(-75.89141478283,-12.0588011176,-8.));
#4696=CARTESIAN_POINT('',(-74.39141478283,-10.5588011176,-8.));
#4697=CARTESIAN_POINT('',(-77.39141478283,-13.5588011176,-8.));
#4698=CARTESIAN_POINT('Origin',(160.63754127508,-10.5588011176,-8.));
#4699=CARTESIAN_POINT('Origin',(-77.39141478283,-10.5588011176,-8.));
#4700=CARTESIAN_POINT('Origin',(41.623063246125,-70.39217678435,-8.));
#4701=CARTESIAN_POINT('Origin',(160.63754127508,-130.2255524511,-8.));
#4702=UNCERTAINTY_MEASURE_WITH_UNIT(LENGTH_MEASURE(0.01),#4706,
'DISTANCE_ACCURACY_VALUE',
'Maximum model space distance between geometric entities at asserted c
onnectivities');
#4703=UNCERTAINTY_MEASURE_WITH_UNIT(LENGTH_MEASURE(0.01),#4706,
'DISTANCE_ACCURACY_VALUE',
'Maximum model space distance between geometric entities at asserted c
onnectivities');
#4704=(
GEOMETRIC_REPRESENTATION_CONTEXT(3)
GLOBAL_UNCERTAINTY_ASSIGNED_CONTEXT((#4702))
GLOBAL_UNIT_ASSIGNED_CONTEXT((#4706,#4708,#4709))
REPRESENTATION_CONTEXT('','3D')
);
#4705=(
GEOMETRIC_REPRESENTATION_CONTEXT(3)
GLOBAL_UNCERTAINTY_ASSIGNED_CONTEXT((#4703))
GLOBAL_UNIT_ASSIGNED_CONTEXT((#4706,#4708,#4709))
REPRESENTATION_CONTEXT('','3D')
);
#4706=(
LENGTH_UNIT()
NAMED_UNIT(*)
SI_UNIT(.MILLI.,.METRE.)
);
#4707=(
LENGTH_UNIT()
NAMED_UNIT(*)
SI_UNIT($,.METRE.)
);
#4708=(
NAMED_UNIT(*)
PLANE_ANGLE_UNIT()
SI_UNIT($,.RADIAN.)
);
#4709=(
NAMED_UNIT(*)
SI_UNIT($,.STERADIAN.)
SOLID_ANGLE_UNIT()
);
#4710=SHAPE_DEFINITION_REPRESENTATION(#4711,#4712);
#4711=PRODUCT_DEFINITION_SHAPE('',$,#4714);
#4712=SHAPE_REPRESENTATION('',(#2958),#4704);
#4713=PRODUCT_DEFINITION_CONTEXT('part definition',#4718,'design');
#4714=PRODUCT_DEFINITION('2026-07-27-22-41-47-563','bottom-shell',#4715,
#4713);
#4715=PRODUCT_DEFINITION_FORMATION('',$,#4720);
#4716=PRODUCT_RELATED_PRODUCT_CATEGORY('bottom-shell','bottom-shell',(#4720));
#4717=APPLICATION_PROTOCOL_DEFINITION('international standard',
'automotive_design',2009,#4718);
#4718=APPLICATION_CONTEXT(
'Core Data for Automotive Mechanical Design Process');
#4719=PRODUCT_CONTEXT('part definition',#4718,'mechanical');
#4720=PRODUCT('2026-07-27-22-41-47-563','bottom-shell',$,(#4719));
#4721=PRESENTATION_STYLE_ASSIGNMENT((#4722));
#4722=SURFACE_STYLE_USAGE(.BOTH.,#4723);
#4723=SURFACE_SIDE_STYLE('',(#4724));
#4724=SURFACE_STYLE_FILL_AREA(#4725);
#4725=FILL_AREA_STYLE('Aluminum - Satin',(#4726));
#4726=FILL_AREA_STYLE_COLOUR('Aluminum - Satin',#4727);
#4727=COLOUR_RGB('Aluminum - Satin',0.96078431372549,0.96078431372549,0.964705882352941);
ENDSEC;
END-ISO-10303-21;
