ISO-10303-21;
HEADER;
/* Generated by software containing ST-Developer
 * from STEP Tools, Inc. (www.steptools.com) 
 */

FILE_DESCRIPTION(
/* description */ (''),
/* implementation_level */ '2;1');

FILE_NAME(
/* name */ 'top-cover.step',
/* time_stamp */ '2026-07-28T00:24:52-05:00',
/* author */ (''),
/* organization */ (''),
/* preprocessor_version */ 'ST-DEVELOPER v20.1',
/* originating_system */ 'Autodesk Translation Framework v15.8.0.0',
/* authorisation */ '');

FILE_SCHEMA (('AUTOMOTIVE_DESIGN { 1 0 10303 214 3 1 1 }'));
ENDSEC;

DATA;
#10=MECHANICAL_DESIGN_GEOMETRIC_PRESENTATION_REPRESENTATION('',(#13),#2729);
#11=SHAPE_REPRESENTATION_RELATIONSHIP('SRR','None',#2736,#12);
#12=ADVANCED_BREP_SHAPE_REPRESENTATION('',(#14),#2728);
#13=STYLED_ITEM('',(#2745),#14);
#14=MANIFOLD_SOLID_BREP('Body1',#1693);
#15=FACE_BOUND('',#224,.T.);
#16=FACE_BOUND('',#225,.T.);
#17=FACE_BOUND('',#226,.T.);
#18=FACE_BOUND('',#227,.T.);
#19=CIRCLE('',#1730,3.);
#20=CIRCLE('',#1731,3.);
#21=CIRCLE('',#1733,3.);
#22=CIRCLE('',#1736,3.);
#23=CIRCLE('',#1746,3.);
#24=CIRCLE('',#1747,3.);
#25=CIRCLE('',#1750,3.);
#26=CIRCLE('',#1752,3.);
#27=CIRCLE('',#1762,3.);
#28=CIRCLE('',#1763,3.);
#29=CIRCLE('',#1766,3.);
#30=CIRCLE('',#1768,3.);
#31=CIRCLE('',#1778,3.);
#32=CIRCLE('',#1779,3.);
#33=CIRCLE('',#1781,3.);
#34=CIRCLE('',#1784,3.);
#35=CYLINDRICAL_SURFACE('',#1729,3.);
#36=CYLINDRICAL_SURFACE('',#1735,3.);
#37=CYLINDRICAL_SURFACE('',#1745,3.);
#38=CYLINDRICAL_SURFACE('',#1751,3.);
#39=CYLINDRICAL_SURFACE('',#1761,3.);
#40=CYLINDRICAL_SURFACE('',#1767,3.);
#41=CYLINDRICAL_SURFACE('',#1777,3.);
#42=CYLINDRICAL_SURFACE('',#1783,3.);
#43=FACE_OUTER_BOUND('',#135,.T.);
#44=FACE_OUTER_BOUND('',#136,.T.);
#45=FACE_OUTER_BOUND('',#137,.T.);
#46=FACE_OUTER_BOUND('',#138,.T.);
#47=FACE_OUTER_BOUND('',#139,.T.);
#48=FACE_OUTER_BOUND('',#140,.T.);
#49=FACE_OUTER_BOUND('',#141,.T.);
#50=FACE_OUTER_BOUND('',#142,.T.);
#51=FACE_OUTER_BOUND('',#143,.T.);
#52=FACE_OUTER_BOUND('',#144,.T.);
#53=FACE_OUTER_BOUND('',#145,.T.);
#54=FACE_OUTER_BOUND('',#146,.T.);
#55=FACE_OUTER_BOUND('',#147,.T.);
#56=FACE_OUTER_BOUND('',#148,.T.);
#57=FACE_OUTER_BOUND('',#149,.T.);
#58=FACE_OUTER_BOUND('',#150,.T.);
#59=FACE_OUTER_BOUND('',#151,.T.);
#60=FACE_OUTER_BOUND('',#152,.T.);
#61=FACE_OUTER_BOUND('',#153,.T.);
#62=FACE_OUTER_BOUND('',#154,.T.);
#63=FACE_OUTER_BOUND('',#155,.T.);
#64=FACE_OUTER_BOUND('',#156,.T.);
#65=FACE_OUTER_BOUND('',#157,.T.);
#66=FACE_OUTER_BOUND('',#158,.T.);
#67=FACE_OUTER_BOUND('',#159,.T.);
#68=FACE_OUTER_BOUND('',#160,.T.);
#69=FACE_OUTER_BOUND('',#161,.T.);
#70=FACE_OUTER_BOUND('',#162,.T.);
#71=FACE_OUTER_BOUND('',#163,.T.);
#72=FACE_OUTER_BOUND('',#164,.T.);
#73=FACE_OUTER_BOUND('',#165,.T.);
#74=FACE_OUTER_BOUND('',#166,.T.);
#75=FACE_OUTER_BOUND('',#167,.T.);
#76=FACE_OUTER_BOUND('',#168,.T.);
#77=FACE_OUTER_BOUND('',#169,.T.);
#78=FACE_OUTER_BOUND('',#170,.T.);
#79=FACE_OUTER_BOUND('',#171,.T.);
#80=FACE_OUTER_BOUND('',#172,.T.);
#81=FACE_OUTER_BOUND('',#173,.T.);
#82=FACE_OUTER_BOUND('',#174,.T.);
#83=FACE_OUTER_BOUND('',#175,.T.);
#84=FACE_OUTER_BOUND('',#176,.T.);
#85=FACE_OUTER_BOUND('',#177,.T.);
#86=FACE_OUTER_BOUND('',#178,.T.);
#87=FACE_OUTER_BOUND('',#179,.T.);
#88=FACE_OUTER_BOUND('',#180,.T.);
#89=FACE_OUTER_BOUND('',#181,.T.);
#90=FACE_OUTER_BOUND('',#182,.T.);
#91=FACE_OUTER_BOUND('',#183,.T.);
#92=FACE_OUTER_BOUND('',#184,.T.);
#93=FACE_OUTER_BOUND('',#185,.T.);
#94=FACE_OUTER_BOUND('',#186,.T.);
#95=FACE_OUTER_BOUND('',#187,.T.);
#96=FACE_OUTER_BOUND('',#188,.T.);
#97=FACE_OUTER_BOUND('',#189,.T.);
#98=FACE_OUTER_BOUND('',#190,.T.);
#99=FACE_OUTER_BOUND('',#191,.T.);
#100=FACE_OUTER_BOUND('',#192,.T.);
#101=FACE_OUTER_BOUND('',#193,.T.);
#102=FACE_OUTER_BOUND('',#194,.T.);
#103=FACE_OUTER_BOUND('',#195,.T.);
#104=FACE_OUTER_BOUND('',#196,.T.);
#105=FACE_OUTER_BOUND('',#197,.T.);
#106=FACE_OUTER_BOUND('',#198,.T.);
#107=FACE_OUTER_BOUND('',#199,.T.);
#108=FACE_OUTER_BOUND('',#200,.T.);
#109=FACE_OUTER_BOUND('',#201,.T.);
#110=FACE_OUTER_BOUND('',#202,.T.);
#111=FACE_OUTER_BOUND('',#203,.T.);
#112=FACE_OUTER_BOUND('',#204,.T.);
#113=FACE_OUTER_BOUND('',#205,.T.);
#114=FACE_OUTER_BOUND('',#206,.T.);
#115=FACE_OUTER_BOUND('',#207,.T.);
#116=FACE_OUTER_BOUND('',#208,.T.);
#117=FACE_OUTER_BOUND('',#209,.T.);
#118=FACE_OUTER_BOUND('',#210,.T.);
#119=FACE_OUTER_BOUND('',#211,.T.);
#120=FACE_OUTER_BOUND('',#212,.T.);
#121=FACE_OUTER_BOUND('',#213,.T.);
#122=FACE_OUTER_BOUND('',#214,.T.);
#123=FACE_OUTER_BOUND('',#215,.T.);
#124=FACE_OUTER_BOUND('',#216,.T.);
#125=FACE_OUTER_BOUND('',#217,.T.);
#126=FACE_OUTER_BOUND('',#218,.T.);
#127=FACE_OUTER_BOUND('',#219,.T.);
#128=FACE_OUTER_BOUND('',#220,.T.);
#129=FACE_OUTER_BOUND('',#221,.T.);
#130=FACE_OUTER_BOUND('',#222,.T.);
#131=FACE_OUTER_BOUND('',#223,.T.);
#132=FACE_OUTER_BOUND('',#228,.T.);
#133=FACE_OUTER_BOUND('',#229,.T.);
#134=FACE_OUTER_BOUND('',#230,.T.);
#135=EDGE_LOOP('',(#1049,#1050,#1051,#1052));
#136=EDGE_LOOP('',(#1053,#1054,#1055,#1056));
#137=EDGE_LOOP('',(#1057,#1058,#1059,#1060));
#138=EDGE_LOOP('',(#1061,#1062,#1063,#1064));
#139=EDGE_LOOP('',(#1065,#1066,#1067,#1068));
#140=EDGE_LOOP('',(#1069,#1070,#1071,#1072));
#141=EDGE_LOOP('',(#1073,#1074,#1075,#1076));
#142=EDGE_LOOP('',(#1077,#1078,#1079,#1080));
#143=EDGE_LOOP('',(#1081,#1082,#1083,#1084));
#144=EDGE_LOOP('',(#1085,#1086,#1087,#1088));
#145=EDGE_LOOP('',(#1089,#1090,#1091,#1092));
#146=EDGE_LOOP('',(#1093,#1094,#1095,#1096));
#147=EDGE_LOOP('',(#1097,#1098,#1099,#1100));
#148=EDGE_LOOP('',(#1101,#1102,#1103,#1104));
#149=EDGE_LOOP('',(#1105,#1106,#1107,#1108));
#150=EDGE_LOOP('',(#1109,#1110,#1111,#1112));
#151=EDGE_LOOP('',(#1113,#1114,#1115,#1116));
#152=EDGE_LOOP('',(#1117,#1118,#1119,#1120));
#153=EDGE_LOOP('',(#1121,#1122,#1123,#1124));
#154=EDGE_LOOP('',(#1125,#1126,#1127,#1128));
#155=EDGE_LOOP('',(#1129,#1130,#1131,#1132,#1133,#1134,#1135,#1136,#1137,
#1138,#1139,#1140,#1141,#1142,#1143,#1144,#1145,#1146,#1147,#1148));
#156=EDGE_LOOP('',(#1149,#1150,#1151,#1152,#1153,#1154,#1155,#1156,#1157,
#1158,#1159,#1160,#1161,#1162,#1163,#1164,#1165,#1166,#1167,#1168));
#157=EDGE_LOOP('',(#1169,#1170,#1171,#1172));
#158=EDGE_LOOP('',(#1173,#1174,#1175,#1176,#1177,#1178,#1179,#1180,#1181,
#1182));
#159=EDGE_LOOP('',(#1183,#1184,#1185,#1186,#1187,#1188));
#160=EDGE_LOOP('',(#1189,#1190,#1191,#1192));
#161=EDGE_LOOP('',(#1193,#1194,#1195,#1196));
#162=EDGE_LOOP('',(#1197,#1198,#1199,#1200));
#163=EDGE_LOOP('',(#1201,#1202,#1203,#1204));
#164=EDGE_LOOP('',(#1205,#1206,#1207,#1208));
#165=EDGE_LOOP('',(#1209,#1210,#1211,#1212));
#166=EDGE_LOOP('',(#1213,#1214,#1215,#1216,#1217,#1218));
#167=EDGE_LOOP('',(#1219,#1220,#1221,#1222));
#168=EDGE_LOOP('',(#1223,#1224,#1225,#1226));
#169=EDGE_LOOP('',(#1227,#1228,#1229,#1230));
#170=EDGE_LOOP('',(#1231,#1232,#1233,#1234));
#171=EDGE_LOOP('',(#1235,#1236,#1237,#1238,#1239,#1240));
#172=EDGE_LOOP('',(#1241,#1242,#1243,#1244));
#173=EDGE_LOOP('',(#1245,#1246,#1247,#1248));
#174=EDGE_LOOP('',(#1249,#1250,#1251,#1252,#1253,#1254,#1255,#1256,#1257,
#1258));
#175=EDGE_LOOP('',(#1259,#1260,#1261,#1262));
#176=EDGE_LOOP('',(#1263,#1264,#1265,#1266));
#177=EDGE_LOOP('',(#1267,#1268,#1269,#1270));
#178=EDGE_LOOP('',(#1271,#1272,#1273,#1274));
#179=EDGE_LOOP('',(#1275,#1276,#1277,#1278));
#180=EDGE_LOOP('',(#1279,#1280,#1281,#1282,#1283,#1284));
#181=EDGE_LOOP('',(#1285,#1286,#1287,#1288));
#182=EDGE_LOOP('',(#1289,#1290,#1291,#1292));
#183=EDGE_LOOP('',(#1293,#1294,#1295,#1296,#1297,#1298));
#184=EDGE_LOOP('',(#1299,#1300,#1301,#1302));
#185=EDGE_LOOP('',(#1303,#1304,#1305,#1306));
#186=EDGE_LOOP('',(#1307,#1308,#1309,#1310,#1311,#1312,#1313,#1314,#1315,
#1316));
#187=EDGE_LOOP('',(#1317,#1318,#1319,#1320));
#188=EDGE_LOOP('',(#1321,#1322,#1323,#1324));
#189=EDGE_LOOP('',(#1325,#1326,#1327,#1328));
#190=EDGE_LOOP('',(#1329,#1330,#1331,#1332));
#191=EDGE_LOOP('',(#1333,#1334,#1335,#1336));
#192=EDGE_LOOP('',(#1337,#1338,#1339,#1340,#1341,#1342));
#193=EDGE_LOOP('',(#1343,#1344,#1345,#1346));
#194=EDGE_LOOP('',(#1347,#1348,#1349,#1350,#1351,#1352,#1353,#1354,#1355,
#1356));
#195=EDGE_LOOP('',(#1357,#1358,#1359,#1360,#1361,#1362));
#196=EDGE_LOOP('',(#1363,#1364,#1365,#1366));
#197=EDGE_LOOP('',(#1367,#1368,#1369,#1370));
#198=EDGE_LOOP('',(#1371,#1372,#1373,#1374));
#199=EDGE_LOOP('',(#1375,#1376,#1377,#1378));
#200=EDGE_LOOP('',(#1379,#1380,#1381,#1382));
#201=EDGE_LOOP('',(#1383,#1384,#1385,#1386));
#202=EDGE_LOOP('',(#1387,#1388,#1389,#1390,#1391,#1392));
#203=EDGE_LOOP('',(#1393,#1394,#1395,#1396));
#204=EDGE_LOOP('',(#1397,#1398,#1399,#1400));
#205=EDGE_LOOP('',(#1401,#1402,#1403,#1404));
#206=EDGE_LOOP('',(#1405,#1406,#1407,#1408,#1409,#1410));
#207=EDGE_LOOP('',(#1411,#1412,#1413,#1414,#1415,#1416));
#208=EDGE_LOOP('',(#1417,#1418,#1419,#1420));
#209=EDGE_LOOP('',(#1421,#1422,#1423));
#210=EDGE_LOOP('',(#1424,#1425,#1426,#1427));
#211=EDGE_LOOP('',(#1428,#1429,#1430));
#212=EDGE_LOOP('',(#1431,#1432,#1433,#1434));
#213=EDGE_LOOP('',(#1435,#1436,#1437));
#214=EDGE_LOOP('',(#1438,#1439,#1440,#1441));
#215=EDGE_LOOP('',(#1442,#1443,#1444,#1445));
#216=EDGE_LOOP('',(#1446,#1447,#1448));
#217=EDGE_LOOP('',(#1449,#1450,#1451,#1452));
#218=EDGE_LOOP('',(#1453,#1454,#1455,#1456));
#219=EDGE_LOOP('',(#1457,#1458,#1459,#1460));
#220=EDGE_LOOP('',(#1461,#1462,#1463,#1464));
#221=EDGE_LOOP('',(#1465,#1466,#1467,#1468));
#222=EDGE_LOOP('',(#1469,#1470,#1471,#1472,#1473,#1474,#1475,#1476));
#223=EDGE_LOOP('',(#1477,#1478,#1479,#1480,#1481,#1482,#1483,#1484,#1485,
#1486,#1487,#1488));
#224=EDGE_LOOP('',(#1489,#1490,#1491,#1492));
#225=EDGE_LOOP('',(#1493,#1494,#1495,#1496));
#226=EDGE_LOOP('',(#1497,#1498,#1499,#1500));
#227=EDGE_LOOP('',(#1501,#1502,#1503,#1504));
#228=EDGE_LOOP('',(#1505,#1506,#1507,#1508));
#229=EDGE_LOOP('',(#1509,#1510,#1511,#1512));
#230=EDGE_LOOP('',(#1513,#1514,#1515,#1516));
#231=LINE('',#2255,#449);
#232=LINE('',#2257,#450);
#233=LINE('',#2259,#451);
#234=LINE('',#2260,#452);
#235=LINE('',#2263,#453);
#236=LINE('',#2265,#454);
#237=LINE('',#2266,#455);
#238=LINE('',#2269,#456);
#239=LINE('',#2271,#457);
#240=LINE('',#2272,#458);
#241=LINE('',#2275,#459);
#242=LINE('',#2277,#460);
#243=LINE('',#2278,#461);
#244=LINE('',#2281,#462);
#245=LINE('',#2283,#463);
#246=LINE('',#2284,#464);
#247=LINE('',#2287,#465);
#248=LINE('',#2289,#466);
#249=LINE('',#2290,#467);
#250=LINE('',#2293,#468);
#251=LINE('',#2295,#469);
#252=LINE('',#2296,#470);
#253=LINE('',#2299,#471);
#254=LINE('',#2301,#472);
#255=LINE('',#2302,#473);
#256=LINE('',#2305,#474);
#257=LINE('',#2307,#475);
#258=LINE('',#2308,#476);
#259=LINE('',#2311,#477);
#260=LINE('',#2313,#478);
#261=LINE('',#2314,#479);
#262=LINE('',#2317,#480);
#263=LINE('',#2319,#481);
#264=LINE('',#2320,#482);
#265=LINE('',#2323,#483);
#266=LINE('',#2325,#484);
#267=LINE('',#2326,#485);
#268=LINE('',#2329,#486);
#269=LINE('',#2331,#487);
#270=LINE('',#2332,#488);
#271=LINE('',#2335,#489);
#272=LINE('',#2337,#490);
#273=LINE('',#2338,#491);
#274=LINE('',#2341,#492);
#275=LINE('',#2343,#493);
#276=LINE('',#2344,#494);
#277=LINE('',#2347,#495);
#278=LINE('',#2349,#496);
#279=LINE('',#2350,#497);
#280=LINE('',#2353,#498);
#281=LINE('',#2355,#499);
#282=LINE('',#2356,#500);
#283=LINE('',#2359,#501);
#284=LINE('',#2361,#502);
#285=LINE('',#2362,#503);
#286=LINE('',#2365,#504);
#287=LINE('',#2367,#505);
#288=LINE('',#2368,#506);
#289=LINE('',#2370,#507);
#290=LINE('',#2371,#508);
#291=LINE('',#2375,#509);
#292=LINE('',#2377,#510);
#293=LINE('',#2379,#511);
#294=LINE('',#2381,#512);
#295=LINE('',#2383,#513);
#296=LINE('',#2385,#514);
#297=LINE('',#2387,#515);
#298=LINE('',#2389,#516);
#299=LINE('',#2391,#517);
#300=LINE('',#2393,#518);
#301=LINE('',#2394,#519);
#302=LINE('',#2400,#520);
#303=LINE('',#2403,#521);
#304=LINE('',#2406,#522);
#305=LINE('',#2408,#523);
#306=LINE('',#2410,#524);
#307=LINE('',#2412,#525);
#308=LINE('',#2414,#526);
#309=LINE('',#2418,#527);
#310=LINE('',#2420,#528);
#311=LINE('',#2421,#529);
#312=LINE('',#2424,#530);
#313=LINE('',#2425,#531);
#314=LINE('',#2426,#532);
#315=LINE('',#2430,#533);
#316=LINE('',#2433,#534);
#317=LINE('',#2435,#535);
#318=LINE('',#2436,#536);
#319=LINE('',#2439,#537);
#320=LINE('',#2441,#538);
#321=LINE('',#2442,#539);
#322=LINE('',#2444,#540);
#323=LINE('',#2445,#541);
#324=LINE('',#2450,#542);
#325=LINE('',#2452,#543);
#326=LINE('',#2453,#544);
#327=LINE('',#2455,#545);
#328=LINE('',#2457,#546);
#329=LINE('',#2463,#547);
#330=LINE('',#2466,#548);
#331=LINE('',#2469,#549);
#332=LINE('',#2471,#550);
#333=LINE('',#2472,#551);
#334=LINE('',#2475,#552);
#335=LINE('',#2479,#553);
#336=LINE('',#2480,#554);
#337=LINE('',#2485,#555);
#338=LINE('',#2486,#556);
#339=LINE('',#2489,#557);
#340=LINE('',#2490,#558);
#341=LINE('',#2492,#559);
#342=LINE('',#2494,#560);
#343=LINE('',#2496,#561);
#344=LINE('',#2498,#562);
#345=LINE('',#2500,#563);
#346=LINE('',#2501,#564);
#347=LINE('',#2504,#565);
#348=LINE('',#2506,#566);
#349=LINE('',#2507,#567);
#350=LINE('',#2508,#568);
#351=LINE('',#2511,#569);
#352=LINE('',#2513,#570);
#353=LINE('',#2514,#571);
#354=LINE('',#2516,#572);
#355=LINE('',#2517,#573);
#356=LINE('',#2526,#574);
#357=LINE('',#2529,#575);
#358=LINE('',#2532,#576);
#359=LINE('',#2534,#577);
#360=LINE('',#2535,#578);
#361=LINE('',#2538,#579);
#362=LINE('',#2542,#580);
#363=LINE('',#2543,#581);
#364=LINE('',#2548,#582);
#365=LINE('',#2549,#583);
#366=LINE('',#2552,#584);
#367=LINE('',#2553,#585);
#368=LINE('',#2555,#586);
#369=LINE('',#2557,#587);
#370=LINE('',#2559,#588);
#371=LINE('',#2561,#589);
#372=LINE('',#2563,#590);
#373=LINE('',#2564,#591);
#374=LINE('',#2567,#592);
#375=LINE('',#2569,#593);
#376=LINE('',#2570,#594);
#377=LINE('',#2571,#595);
#378=LINE('',#2574,#596);
#379=LINE('',#2576,#597);
#380=LINE('',#2577,#598);
#381=LINE('',#2579,#599);
#382=LINE('',#2580,#600);
#383=LINE('',#2589,#601);
#384=LINE('',#2592,#602);
#385=LINE('',#2595,#603);
#386=LINE('',#2597,#604);
#387=LINE('',#2599,#605);
#388=LINE('',#2601,#606);
#389=LINE('',#2603,#607);
#390=LINE('',#2607,#608);
#391=LINE('',#2609,#609);
#392=LINE('',#2610,#610);
#393=LINE('',#2613,#611);
#394=LINE('',#2614,#612);
#395=LINE('',#2615,#613);
#396=LINE('',#2619,#614);
#397=LINE('',#2622,#615);
#398=LINE('',#2624,#616);
#399=LINE('',#2625,#617);
#400=LINE('',#2628,#618);
#401=LINE('',#2630,#619);
#402=LINE('',#2631,#620);
#403=LINE('',#2633,#621);
#404=LINE('',#2634,#622);
#405=LINE('',#2639,#623);
#406=LINE('',#2641,#624);
#407=LINE('',#2642,#625);
#408=LINE('',#2644,#626);
#409=LINE('',#2646,#627);
#410=LINE('',#2650,#628);
#411=LINE('',#2652,#629);
#412=LINE('',#2654,#630);
#413=LINE('',#2655,#631);
#414=LINE('',#2658,#632);
#415=LINE('',#2659,#633);
#416=LINE('',#2660,#634);
#417=LINE('',#2663,#635);
#418=LINE('',#2664,#636);
#419=LINE('',#2665,#637);
#420=LINE('',#2667,#638);
#421=LINE('',#2671,#639);
#422=LINE('',#2673,#640);
#423=LINE('',#2674,#641);
#424=LINE('',#2676,#642);
#425=LINE('',#2677,#643);
#426=LINE('',#2681,#644);
#427=LINE('',#2683,#645);
#428=LINE('',#2684,#646);
#429=LINE('',#2686,#647);
#430=LINE('',#2687,#648);
#431=LINE('',#2691,#649);
#432=LINE('',#2693,#650);
#433=LINE('',#2694,#651);
#434=LINE('',#2696,#652);
#435=LINE('',#2697,#653);
#436=LINE('',#2699,#654);
#437=LINE('',#2700,#655);
#438=LINE('',#2704,#656);
#439=LINE('',#2706,#657);
#440=LINE('',#2707,#658);
#441=LINE('',#2709,#659);
#442=LINE('',#2710,#660);
#443=LINE('',#2712,#661);
#444=LINE('',#2713,#662);
#445=LINE('',#2715,#663);
#446=LINE('',#2716,#664);
#447=LINE('',#2718,#665);
#448=LINE('',#2719,#666);
#449=VECTOR('',#1819,10.);
#450=VECTOR('',#1820,10.);
#451=VECTOR('',#1821,10.);
#452=VECTOR('',#1822,10.);
#453=VECTOR('',#1825,10.);
#454=VECTOR('',#1826,10.);
#455=VECTOR('',#1827,10.);
#456=VECTOR('',#1830,10.);
#457=VECTOR('',#1831,10.);
#458=VECTOR('',#1832,10.);
#459=VECTOR('',#1835,10.);
#460=VECTOR('',#1836,10.);
#461=VECTOR('',#1837,10.);
#462=VECTOR('',#1840,10.);
#463=VECTOR('',#1841,10.);
#464=VECTOR('',#1842,10.);
#465=VECTOR('',#1845,10.);
#466=VECTOR('',#1846,10.);
#467=VECTOR('',#1847,10.);
#468=VECTOR('',#1850,10.);
#469=VECTOR('',#1851,10.);
#470=VECTOR('',#1852,10.);
#471=VECTOR('',#1855,10.);
#472=VECTOR('',#1856,10.);
#473=VECTOR('',#1857,10.);
#474=VECTOR('',#1860,10.);
#475=VECTOR('',#1861,10.);
#476=VECTOR('',#1862,10.);
#477=VECTOR('',#1865,10.);
#478=VECTOR('',#1866,10.);
#479=VECTOR('',#1867,10.);
#480=VECTOR('',#1870,10.);
#481=VECTOR('',#1871,10.);
#482=VECTOR('',#1872,10.);
#483=VECTOR('',#1875,10.);
#484=VECTOR('',#1876,10.);
#485=VECTOR('',#1877,10.);
#486=VECTOR('',#1880,10.);
#487=VECTOR('',#1881,10.);
#488=VECTOR('',#1882,10.);
#489=VECTOR('',#1885,10.);
#490=VECTOR('',#1886,10.);
#491=VECTOR('',#1887,10.);
#492=VECTOR('',#1890,10.);
#493=VECTOR('',#1891,10.);
#494=VECTOR('',#1892,10.);
#495=VECTOR('',#1895,10.);
#496=VECTOR('',#1896,10.);
#497=VECTOR('',#1897,10.);
#498=VECTOR('',#1900,10.);
#499=VECTOR('',#1901,10.);
#500=VECTOR('',#1902,10.);
#501=VECTOR('',#1905,10.);
#502=VECTOR('',#1906,10.);
#503=VECTOR('',#1907,10.);
#504=VECTOR('',#1910,10.);
#505=VECTOR('',#1911,10.);
#506=VECTOR('',#1912,10.);
#507=VECTOR('',#1915,10.);
#508=VECTOR('',#1916,10.);
#509=VECTOR('',#1921,10.);
#510=VECTOR('',#1922,10.);
#511=VECTOR('',#1923,10.);
#512=VECTOR('',#1924,10.);
#513=VECTOR('',#1925,10.);
#514=VECTOR('',#1926,10.);
#515=VECTOR('',#1927,10.);
#516=VECTOR('',#1928,10.);
#517=VECTOR('',#1929,10.);
#518=VECTOR('',#1930,10.);
#519=VECTOR('',#1931,10.);
#520=VECTOR('',#1936,10.);
#521=VECTOR('',#1939,10.);
#522=VECTOR('',#1942,10.);
#523=VECTOR('',#1943,10.);
#524=VECTOR('',#1944,10.);
#525=VECTOR('',#1945,10.);
#526=VECTOR('',#1946,10.);
#527=VECTOR('',#1949,10.);
#528=VECTOR('',#1950,10.);
#529=VECTOR('',#1951,10.);
#530=VECTOR('',#1954,10.);
#531=VECTOR('',#1955,10.);
#532=VECTOR('',#1956,10.);
#533=VECTOR('',#1961,10.);
#534=VECTOR('',#1964,10.);
#535=VECTOR('',#1965,10.);
#536=VECTOR('',#1966,10.);
#537=VECTOR('',#1969,10.);
#538=VECTOR('',#1970,10.);
#539=VECTOR('',#1971,10.);
#540=VECTOR('',#1974,10.);
#541=VECTOR('',#1975,10.);
#542=VECTOR('',#1982,10.);
#543=VECTOR('',#1983,10.);
#544=VECTOR('',#1984,10.);
#545=VECTOR('',#1987,10.);
#546=VECTOR('',#1990,10.);
#547=VECTOR('',#1995,10.);
#548=VECTOR('',#1998,10.);
#549=VECTOR('',#2001,10.);
#550=VECTOR('',#2002,10.);
#551=VECTOR('',#2003,10.);
#552=VECTOR('',#2006,10.);
#553=VECTOR('',#2009,10.);
#554=VECTOR('',#2010,10.);
#555=VECTOR('',#2015,10.);
#556=VECTOR('',#2016,10.);
#557=VECTOR('',#2019,10.);
#558=VECTOR('',#2020,10.);
#559=VECTOR('',#2023,10.);
#560=VECTOR('',#2024,10.);
#561=VECTOR('',#2025,10.);
#562=VECTOR('',#2026,10.);
#563=VECTOR('',#2027,10.);
#564=VECTOR('',#2028,10.);
#565=VECTOR('',#2031,10.);
#566=VECTOR('',#2032,10.);
#567=VECTOR('',#2033,10.);
#568=VECTOR('',#2034,10.);
#569=VECTOR('',#2037,10.);
#570=VECTOR('',#2038,10.);
#571=VECTOR('',#2039,10.);
#572=VECTOR('',#2042,10.);
#573=VECTOR('',#2043,10.);
#574=VECTOR('',#2054,10.);
#575=VECTOR('',#2057,10.);
#576=VECTOR('',#2060,10.);
#577=VECTOR('',#2061,10.);
#578=VECTOR('',#2062,10.);
#579=VECTOR('',#2065,10.);
#580=VECTOR('',#2068,10.);
#581=VECTOR('',#2069,10.);
#582=VECTOR('',#2074,10.);
#583=VECTOR('',#2075,10.);
#584=VECTOR('',#2078,10.);
#585=VECTOR('',#2079,10.);
#586=VECTOR('',#2082,10.);
#587=VECTOR('',#2083,10.);
#588=VECTOR('',#2084,10.);
#589=VECTOR('',#2085,10.);
#590=VECTOR('',#2086,10.);
#591=VECTOR('',#2087,10.);
#592=VECTOR('',#2090,10.);
#593=VECTOR('',#2091,10.);
#594=VECTOR('',#2092,10.);
#595=VECTOR('',#2093,10.);
#596=VECTOR('',#2096,10.);
#597=VECTOR('',#2097,10.);
#598=VECTOR('',#2098,10.);
#599=VECTOR('',#2101,10.);
#600=VECTOR('',#2102,10.);
#601=VECTOR('',#2113,10.);
#602=VECTOR('',#2116,10.);
#603=VECTOR('',#2119,10.);
#604=VECTOR('',#2120,10.);
#605=VECTOR('',#2121,10.);
#606=VECTOR('',#2122,10.);
#607=VECTOR('',#2123,10.);
#608=VECTOR('',#2126,10.);
#609=VECTOR('',#2127,10.);
#610=VECTOR('',#2128,10.);
#611=VECTOR('',#2131,10.);
#612=VECTOR('',#2132,10.);
#613=VECTOR('',#2133,10.);
#614=VECTOR('',#2138,10.);
#615=VECTOR('',#2141,10.);
#616=VECTOR('',#2142,10.);
#617=VECTOR('',#2143,10.);
#618=VECTOR('',#2146,10.);
#619=VECTOR('',#2147,10.);
#620=VECTOR('',#2148,10.);
#621=VECTOR('',#2151,10.);
#622=VECTOR('',#2152,10.);
#623=VECTOR('',#2159,10.);
#624=VECTOR('',#2160,10.);
#625=VECTOR('',#2161,10.);
#626=VECTOR('',#2164,10.);
#627=VECTOR('',#2167,10.);
#628=VECTOR('',#2170,10.);
#629=VECTOR('',#2171,10.);
#630=VECTOR('',#2172,10.);
#631=VECTOR('',#2173,10.);
#632=VECTOR('',#2176,10.);
#633=VECTOR('',#2177,10.);
#634=VECTOR('',#2178,10.);
#635=VECTOR('',#2181,10.);
#636=VECTOR('',#2182,10.);
#637=VECTOR('',#2183,10.);
#638=VECTOR('',#2186,10.);
#639=VECTOR('',#2189,10.);
#640=VECTOR('',#2190,10.);
#641=VECTOR('',#2191,10.);
#642=VECTOR('',#2194,10.);
#643=VECTOR('',#2195,10.);
#644=VECTOR('',#2198,10.);
#645=VECTOR('',#2199,10.);
#646=VECTOR('',#2200,10.);
#647=VECTOR('',#2203,10.);
#648=VECTOR('',#2204,10.);
#649=VECTOR('',#2207,10.);
#650=VECTOR('',#2208,10.);
#651=VECTOR('',#2209,10.);
#652=VECTOR('',#2212,10.);
#653=VECTOR('',#2213,10.);
#654=VECTOR('',#2216,10.);
#655=VECTOR('',#2217,10.);
#656=VECTOR('',#2220,10.);
#657=VECTOR('',#2221,10.);
#658=VECTOR('',#2222,10.);
#659=VECTOR('',#2225,10.);
#660=VECTOR('',#2226,10.);
#661=VECTOR('',#2229,10.);
#662=VECTOR('',#2230,10.);
#663=VECTOR('',#2233,10.);
#664=VECTOR('',#2234,10.);
#665=VECTOR('',#2237,10.);
#666=VECTOR('',#2238,10.);
#667=VERTEX_POINT('',#2253);
#668=VERTEX_POINT('',#2254);
#669=VERTEX_POINT('',#2256);
#670=VERTEX_POINT('',#2258);
#671=VERTEX_POINT('',#2262);
#672=VERTEX_POINT('',#2264);
#673=VERTEX_POINT('',#2268);
#674=VERTEX_POINT('',#2270);
#675=VERTEX_POINT('',#2274);
#676=VERTEX_POINT('',#2276);
#677=VERTEX_POINT('',#2280);
#678=VERTEX_POINT('',#2282);
#679=VERTEX_POINT('',#2286);
#680=VERTEX_POINT('',#2288);
#681=VERTEX_POINT('',#2292);
#682=VERTEX_POINT('',#2294);
#683=VERTEX_POINT('',#2298);
#684=VERTEX_POINT('',#2300);
#685=VERTEX_POINT('',#2304);
#686=VERTEX_POINT('',#2306);
#687=VERTEX_POINT('',#2310);
#688=VERTEX_POINT('',#2312);
#689=VERTEX_POINT('',#2316);
#690=VERTEX_POINT('',#2318);
#691=VERTEX_POINT('',#2322);
#692=VERTEX_POINT('',#2324);
#693=VERTEX_POINT('',#2328);
#694=VERTEX_POINT('',#2330);
#695=VERTEX_POINT('',#2334);
#696=VERTEX_POINT('',#2336);
#697=VERTEX_POINT('',#2340);
#698=VERTEX_POINT('',#2342);
#699=VERTEX_POINT('',#2346);
#700=VERTEX_POINT('',#2348);
#701=VERTEX_POINT('',#2352);
#702=VERTEX_POINT('',#2354);
#703=VERTEX_POINT('',#2358);
#704=VERTEX_POINT('',#2360);
#705=VERTEX_POINT('',#2364);
#706=VERTEX_POINT('',#2366);
#707=VERTEX_POINT('',#2374);
#708=VERTEX_POINT('',#2376);
#709=VERTEX_POINT('',#2378);
#710=VERTEX_POINT('',#2380);
#711=VERTEX_POINT('',#2382);
#712=VERTEX_POINT('',#2384);
#713=VERTEX_POINT('',#2386);
#714=VERTEX_POINT('',#2388);
#715=VERTEX_POINT('',#2390);
#716=VERTEX_POINT('',#2392);
#717=VERTEX_POINT('',#2396);
#718=VERTEX_POINT('',#2397);
#719=VERTEX_POINT('',#2399);
#720=VERTEX_POINT('',#2401);
#721=VERTEX_POINT('',#2405);
#722=VERTEX_POINT('',#2407);
#723=VERTEX_POINT('',#2409);
#724=VERTEX_POINT('',#2411);
#725=VERTEX_POINT('',#2413);
#726=VERTEX_POINT('',#2415);
#727=VERTEX_POINT('',#2417);
#728=VERTEX_POINT('',#2419);
#729=VERTEX_POINT('',#2423);
#730=VERTEX_POINT('',#2428);
#731=VERTEX_POINT('',#2432);
#732=VERTEX_POINT('',#2434);
#733=VERTEX_POINT('',#2438);
#734=VERTEX_POINT('',#2440);
#735=VERTEX_POINT('',#2449);
#736=VERTEX_POINT('',#2451);
#737=VERTEX_POINT('',#2459);
#738=VERTEX_POINT('',#2460);
#739=VERTEX_POINT('',#2462);
#740=VERTEX_POINT('',#2464);
#741=VERTEX_POINT('',#2468);
#742=VERTEX_POINT('',#2470);
#743=VERTEX_POINT('',#2474);
#744=VERTEX_POINT('',#2476);
#745=VERTEX_POINT('',#2478);
#746=VERTEX_POINT('',#2482);
#747=VERTEX_POINT('',#2483);
#748=VERTEX_POINT('',#2488);
#749=VERTEX_POINT('',#2493);
#750=VERTEX_POINT('',#2495);
#751=VERTEX_POINT('',#2497);
#752=VERTEX_POINT('',#2499);
#753=VERTEX_POINT('',#2503);
#754=VERTEX_POINT('',#2505);
#755=VERTEX_POINT('',#2510);
#756=VERTEX_POINT('',#2512);
#757=VERTEX_POINT('',#2522);
#758=VERTEX_POINT('',#2523);
#759=VERTEX_POINT('',#2525);
#760=VERTEX_POINT('',#2527);
#761=VERTEX_POINT('',#2531);
#762=VERTEX_POINT('',#2533);
#763=VERTEX_POINT('',#2537);
#764=VERTEX_POINT('',#2539);
#765=VERTEX_POINT('',#2541);
#766=VERTEX_POINT('',#2545);
#767=VERTEX_POINT('',#2546);
#768=VERTEX_POINT('',#2551);
#769=VERTEX_POINT('',#2556);
#770=VERTEX_POINT('',#2558);
#771=VERTEX_POINT('',#2560);
#772=VERTEX_POINT('',#2562);
#773=VERTEX_POINT('',#2566);
#774=VERTEX_POINT('',#2568);
#775=VERTEX_POINT('',#2573);
#776=VERTEX_POINT('',#2575);
#777=VERTEX_POINT('',#2585);
#778=VERTEX_POINT('',#2586);
#779=VERTEX_POINT('',#2588);
#780=VERTEX_POINT('',#2590);
#781=VERTEX_POINT('',#2594);
#782=VERTEX_POINT('',#2596);
#783=VERTEX_POINT('',#2598);
#784=VERTEX_POINT('',#2600);
#785=VERTEX_POINT('',#2602);
#786=VERTEX_POINT('',#2604);
#787=VERTEX_POINT('',#2606);
#788=VERTEX_POINT('',#2608);
#789=VERTEX_POINT('',#2612);
#790=VERTEX_POINT('',#2617);
#791=VERTEX_POINT('',#2621);
#792=VERTEX_POINT('',#2623);
#793=VERTEX_POINT('',#2627);
#794=VERTEX_POINT('',#2629);
#795=VERTEX_POINT('',#2638);
#796=VERTEX_POINT('',#2640);
#797=VERTEX_POINT('',#2648);
#798=VERTEX_POINT('',#2649);
#799=VERTEX_POINT('',#2651);
#800=VERTEX_POINT('',#2653);
#801=VERTEX_POINT('',#2657);
#802=VERTEX_POINT('',#2662);
#803=VERTEX_POINT('',#2669);
#804=VERTEX_POINT('',#2670);
#805=VERTEX_POINT('',#2672);
#806=VERTEX_POINT('',#2679);
#807=VERTEX_POINT('',#2680);
#808=VERTEX_POINT('',#2682);
#809=VERTEX_POINT('',#2689);
#810=VERTEX_POINT('',#2690);
#811=VERTEX_POINT('',#2692);
#812=VERTEX_POINT('',#2702);
#813=VERTEX_POINT('',#2703);
#814=VERTEX_POINT('',#2705);
#815=EDGE_CURVE('',#667,#668,#231,.T.);
#816=EDGE_CURVE('',#669,#668,#232,.T.);
#817=EDGE_CURVE('',#670,#669,#233,.T.);
#818=EDGE_CURVE('',#670,#667,#234,.T.);
#819=EDGE_CURVE('',#668,#671,#235,.T.);
#820=EDGE_CURVE('',#672,#671,#236,.T.);
#821=EDGE_CURVE('',#672,#669,#237,.T.);
#822=EDGE_CURVE('',#671,#673,#238,.T.);
#823=EDGE_CURVE('',#674,#673,#239,.T.);
#824=EDGE_CURVE('',#672,#674,#240,.T.);
#825=EDGE_CURVE('',#673,#675,#241,.T.);
#826=EDGE_CURVE('',#676,#675,#242,.T.);
#827=EDGE_CURVE('',#674,#676,#243,.T.);
#828=EDGE_CURVE('',#675,#677,#244,.T.);
#829=EDGE_CURVE('',#678,#677,#245,.T.);
#830=EDGE_CURVE('',#676,#678,#246,.T.);
#831=EDGE_CURVE('',#677,#679,#247,.T.);
#832=EDGE_CURVE('',#680,#679,#248,.T.);
#833=EDGE_CURVE('',#678,#680,#249,.T.);
#834=EDGE_CURVE('',#679,#681,#250,.T.);
#835=EDGE_CURVE('',#682,#681,#251,.T.);
#836=EDGE_CURVE('',#680,#682,#252,.T.);
#837=EDGE_CURVE('',#681,#683,#253,.T.);
#838=EDGE_CURVE('',#684,#683,#254,.T.);
#839=EDGE_CURVE('',#682,#684,#255,.T.);
#840=EDGE_CURVE('',#683,#685,#256,.T.);
#841=EDGE_CURVE('',#686,#685,#257,.T.);
#842=EDGE_CURVE('',#684,#686,#258,.T.);
#843=EDGE_CURVE('',#685,#687,#259,.T.);
#844=EDGE_CURVE('',#688,#687,#260,.T.);
#845=EDGE_CURVE('',#686,#688,#261,.T.);
#846=EDGE_CURVE('',#687,#689,#262,.T.);
#847=EDGE_CURVE('',#690,#689,#263,.T.);
#848=EDGE_CURVE('',#688,#690,#264,.T.);
#849=EDGE_CURVE('',#689,#691,#265,.T.);
#850=EDGE_CURVE('',#692,#691,#266,.T.);
#851=EDGE_CURVE('',#692,#690,#267,.T.);
#852=EDGE_CURVE('',#691,#693,#268,.T.);
#853=EDGE_CURVE('',#694,#693,#269,.T.);
#854=EDGE_CURVE('',#692,#694,#270,.T.);
#855=EDGE_CURVE('',#693,#695,#271,.T.);
#856=EDGE_CURVE('',#696,#695,#272,.T.);
#857=EDGE_CURVE('',#694,#696,#273,.T.);
#858=EDGE_CURVE('',#695,#697,#274,.T.);
#859=EDGE_CURVE('',#698,#697,#275,.T.);
#860=EDGE_CURVE('',#696,#698,#276,.T.);
#861=EDGE_CURVE('',#697,#699,#277,.T.);
#862=EDGE_CURVE('',#700,#699,#278,.T.);
#863=EDGE_CURVE('',#698,#700,#279,.T.);
#864=EDGE_CURVE('',#699,#701,#280,.T.);
#865=EDGE_CURVE('',#702,#701,#281,.T.);
#866=EDGE_CURVE('',#700,#702,#282,.T.);
#867=EDGE_CURVE('',#701,#703,#283,.T.);
#868=EDGE_CURVE('',#704,#703,#284,.T.);
#869=EDGE_CURVE('',#702,#704,#285,.T.);
#870=EDGE_CURVE('',#703,#705,#286,.T.);
#871=EDGE_CURVE('',#706,#705,#287,.T.);
#872=EDGE_CURVE('',#704,#706,#288,.T.);
#873=EDGE_CURVE('',#705,#667,#289,.T.);
#874=EDGE_CURVE('',#706,#670,#290,.T.);
#875=EDGE_CURVE('',#669,#707,#291,.T.);
#876=EDGE_CURVE('',#707,#708,#292,.T.);
#877=EDGE_CURVE('',#709,#708,#293,.T.);
#878=EDGE_CURVE('',#709,#710,#294,.T.);
#879=EDGE_CURVE('',#711,#710,#295,.T.);
#880=EDGE_CURVE('',#711,#712,#296,.T.);
#881=EDGE_CURVE('',#713,#712,#297,.T.);
#882=EDGE_CURVE('',#713,#714,#298,.T.);
#883=EDGE_CURVE('',#715,#714,#299,.T.);
#884=EDGE_CURVE('',#715,#716,#300,.T.);
#885=EDGE_CURVE('',#716,#692,#301,.T.);
#886=EDGE_CURVE('',#717,#718,#19,.T.);
#887=EDGE_CURVE('',#718,#719,#302,.T.);
#888=EDGE_CURVE('',#719,#720,#20,.T.);
#889=EDGE_CURVE('',#720,#717,#303,.T.);
#890=EDGE_CURVE('',#721,#719,#304,.T.);
#891=EDGE_CURVE('',#721,#722,#305,.T.);
#892=EDGE_CURVE('',#722,#723,#306,.T.);
#893=EDGE_CURVE('',#723,#724,#307,.T.);
#894=EDGE_CURVE('',#725,#724,#308,.T.);
#895=EDGE_CURVE('',#726,#725,#21,.T.);
#896=EDGE_CURVE('',#727,#726,#309,.T.);
#897=EDGE_CURVE('',#728,#727,#310,.T.);
#898=EDGE_CURVE('',#728,#720,#311,.T.);
#899=EDGE_CURVE('',#718,#729,#312,.T.);
#900=EDGE_CURVE('',#725,#729,#313,.T.);
#901=EDGE_CURVE('',#724,#721,#314,.T.);
#902=EDGE_CURVE('',#729,#730,#22,.T.);
#903=EDGE_CURVE('',#730,#726,#315,.T.);
#904=EDGE_CURVE('',#731,#721,#316,.F.);
#905=EDGE_CURVE('',#724,#732,#317,.T.);
#906=EDGE_CURVE('',#732,#731,#318,.T.);
#907=EDGE_CURVE('',#722,#733,#319,.F.);
#908=EDGE_CURVE('',#734,#733,#320,.T.);
#909=EDGE_CURVE('',#723,#734,#321,.T.);
#910=EDGE_CURVE('',#733,#731,#322,.F.);
#911=EDGE_CURVE('',#732,#734,#323,.T.);
#912=EDGE_CURVE('',#735,#717,#324,.T.);
#913=EDGE_CURVE('',#736,#735,#325,.T.);
#914=EDGE_CURVE('',#736,#730,#326,.T.);
#915=EDGE_CURVE('',#735,#728,#327,.T.);
#916=EDGE_CURVE('',#727,#736,#328,.T.);
#917=EDGE_CURVE('',#737,#738,#23,.T.);
#918=EDGE_CURVE('',#738,#739,#329,.T.);
#919=EDGE_CURVE('',#739,#740,#24,.T.);
#920=EDGE_CURVE('',#740,#737,#330,.T.);
#921=EDGE_CURVE('',#741,#738,#331,.T.);
#922=EDGE_CURVE('',#742,#741,#332,.T.);
#923=EDGE_CURVE('',#742,#739,#333,.T.);
#924=EDGE_CURVE('',#737,#743,#334,.T.);
#925=EDGE_CURVE('',#744,#743,#25,.T.);
#926=EDGE_CURVE('',#745,#744,#335,.T.);
#927=EDGE_CURVE('',#741,#745,#336,.T.);
#928=EDGE_CURVE('',#746,#747,#26,.T.);
#929=EDGE_CURVE('',#747,#744,#337,.T.);
#930=EDGE_CURVE('',#743,#746,#338,.T.);
#931=EDGE_CURVE('',#748,#747,#339,.T.);
#932=EDGE_CURVE('',#745,#748,#340,.T.);
#933=EDGE_CURVE('',#748,#742,#341,.T.);
#934=EDGE_CURVE('',#746,#749,#342,.T.);
#935=EDGE_CURVE('',#749,#750,#343,.T.);
#936=EDGE_CURVE('',#750,#751,#344,.T.);
#937=EDGE_CURVE('',#751,#752,#345,.T.);
#938=EDGE_CURVE('',#752,#740,#346,.T.);
#939=EDGE_CURVE('',#753,#752,#347,.F.);
#940=EDGE_CURVE('',#754,#753,#348,.T.);
#941=EDGE_CURVE('',#749,#754,#349,.T.);
#942=EDGE_CURVE('',#749,#752,#350,.T.);
#943=EDGE_CURVE('',#751,#755,#351,.F.);
#944=EDGE_CURVE('',#750,#756,#352,.T.);
#945=EDGE_CURVE('',#756,#755,#353,.T.);
#946=EDGE_CURVE('',#755,#753,#354,.F.);
#947=EDGE_CURVE('',#754,#756,#355,.T.);
#948=EDGE_CURVE('',#757,#758,#27,.T.);
#949=EDGE_CURVE('',#758,#759,#356,.T.);
#950=EDGE_CURVE('',#759,#760,#28,.T.);
#951=EDGE_CURVE('',#760,#757,#357,.T.);
#952=EDGE_CURVE('',#761,#758,#358,.T.);
#953=EDGE_CURVE('',#762,#761,#359,.T.);
#954=EDGE_CURVE('',#762,#759,#360,.T.);
#955=EDGE_CURVE('',#757,#763,#361,.T.);
#956=EDGE_CURVE('',#764,#763,#29,.T.);
#957=EDGE_CURVE('',#765,#764,#362,.T.);
#958=EDGE_CURVE('',#761,#765,#363,.T.);
#959=EDGE_CURVE('',#766,#767,#30,.T.);
#960=EDGE_CURVE('',#767,#764,#364,.T.);
#961=EDGE_CURVE('',#763,#766,#365,.T.);
#962=EDGE_CURVE('',#768,#767,#366,.T.);
#963=EDGE_CURVE('',#765,#768,#367,.T.);
#964=EDGE_CURVE('',#768,#762,#368,.T.);
#965=EDGE_CURVE('',#766,#769,#369,.T.);
#966=EDGE_CURVE('',#769,#770,#370,.T.);
#967=EDGE_CURVE('',#770,#771,#371,.T.);
#968=EDGE_CURVE('',#771,#772,#372,.T.);
#969=EDGE_CURVE('',#772,#760,#373,.T.);
#970=EDGE_CURVE('',#773,#772,#374,.F.);
#971=EDGE_CURVE('',#774,#773,#375,.T.);
#972=EDGE_CURVE('',#769,#774,#376,.T.);
#973=EDGE_CURVE('',#769,#772,#377,.T.);
#974=EDGE_CURVE('',#771,#775,#378,.F.);
#975=EDGE_CURVE('',#770,#776,#379,.T.);
#976=EDGE_CURVE('',#776,#775,#380,.T.);
#977=EDGE_CURVE('',#775,#773,#381,.F.);
#978=EDGE_CURVE('',#774,#776,#382,.T.);
#979=EDGE_CURVE('',#777,#778,#31,.T.);
#980=EDGE_CURVE('',#778,#779,#383,.T.);
#981=EDGE_CURVE('',#779,#780,#32,.T.);
#982=EDGE_CURVE('',#780,#777,#384,.T.);
#983=EDGE_CURVE('',#781,#779,#385,.T.);
#984=EDGE_CURVE('',#781,#782,#386,.T.);
#985=EDGE_CURVE('',#782,#783,#387,.T.);
#986=EDGE_CURVE('',#783,#784,#388,.T.);
#987=EDGE_CURVE('',#785,#784,#389,.T.);
#988=EDGE_CURVE('',#786,#785,#33,.T.);
#989=EDGE_CURVE('',#787,#786,#390,.T.);
#990=EDGE_CURVE('',#788,#787,#391,.T.);
#991=EDGE_CURVE('',#788,#780,#392,.T.);
#992=EDGE_CURVE('',#778,#789,#393,.T.);
#993=EDGE_CURVE('',#785,#789,#394,.T.);
#994=EDGE_CURVE('',#784,#781,#395,.T.);
#995=EDGE_CURVE('',#789,#790,#34,.T.);
#996=EDGE_CURVE('',#790,#786,#396,.T.);
#997=EDGE_CURVE('',#791,#781,#397,.F.);
#998=EDGE_CURVE('',#784,#792,#398,.T.);
#999=EDGE_CURVE('',#792,#791,#399,.T.);
#1000=EDGE_CURVE('',#782,#793,#400,.F.);
#1001=EDGE_CURVE('',#794,#793,#401,.T.);
#1002=EDGE_CURVE('',#783,#794,#402,.T.);
#1003=EDGE_CURVE('',#793,#791,#403,.F.);
#1004=EDGE_CURVE('',#792,#794,#404,.T.);
#1005=EDGE_CURVE('',#795,#777,#405,.T.);
#1006=EDGE_CURVE('',#796,#795,#406,.T.);
#1007=EDGE_CURVE('',#796,#790,#407,.T.);
#1008=EDGE_CURVE('',#795,#788,#408,.T.);
#1009=EDGE_CURVE('',#787,#796,#409,.T.);
#1010=EDGE_CURVE('',#797,#798,#410,.T.);
#1011=EDGE_CURVE('',#799,#797,#411,.T.);
#1012=EDGE_CURVE('',#800,#799,#412,.T.);
#1013=EDGE_CURVE('',#800,#798,#413,.T.);
#1014=EDGE_CURVE('',#801,#797,#414,.T.);
#1015=EDGE_CURVE('',#707,#801,#415,.T.);
#1016=EDGE_CURVE('',#799,#672,#416,.T.);
#1017=EDGE_CURVE('',#798,#802,#417,.T.);
#1018=EDGE_CURVE('',#690,#800,#418,.T.);
#1019=EDGE_CURVE('',#716,#802,#419,.T.);
#1020=EDGE_CURVE('',#802,#801,#420,.T.);
#1021=EDGE_CURVE('',#803,#804,#421,.T.);
#1022=EDGE_CURVE('',#805,#803,#422,.T.);
#1023=EDGE_CURVE('',#804,#805,#423,.T.);
#1024=EDGE_CURVE('',#712,#805,#424,.T.);
#1025=EDGE_CURVE('',#803,#713,#425,.T.);
#1026=EDGE_CURVE('',#806,#807,#426,.T.);
#1027=EDGE_CURVE('',#808,#806,#427,.T.);
#1028=EDGE_CURVE('',#807,#808,#428,.T.);
#1029=EDGE_CURVE('',#710,#808,#429,.T.);
#1030=EDGE_CURVE('',#806,#711,#430,.T.);
#1031=EDGE_CURVE('',#809,#810,#431,.T.);
#1032=EDGE_CURVE('',#811,#809,#432,.T.);
#1033=EDGE_CURVE('',#810,#811,#433,.T.);
#1034=EDGE_CURVE('',#714,#811,#434,.T.);
#1035=EDGE_CURVE('',#809,#715,#435,.T.);
#1036=EDGE_CURVE('',#804,#810,#436,.T.);
#1037=EDGE_CURVE('',#811,#803,#437,.T.);
#1038=EDGE_CURVE('',#812,#813,#438,.T.);
#1039=EDGE_CURVE('',#814,#812,#439,.T.);
#1040=EDGE_CURVE('',#813,#814,#440,.T.);
#1041=EDGE_CURVE('',#708,#814,#441,.T.);
#1042=EDGE_CURVE('',#812,#709,#442,.T.);
#1043=EDGE_CURVE('',#810,#813,#443,.T.);
#1044=EDGE_CURVE('',#814,#809,#444,.T.);
#1045=EDGE_CURVE('',#813,#807,#445,.T.);
#1046=EDGE_CURVE('',#808,#812,#446,.T.);
#1047=EDGE_CURVE('',#807,#804,#447,.T.);
#1048=EDGE_CURVE('',#805,#806,#448,.T.);
#1049=ORIENTED_EDGE('',*,*,#815,.T.);
#1050=ORIENTED_EDGE('',*,*,#816,.F.);
#1051=ORIENTED_EDGE('',*,*,#817,.F.);
#1052=ORIENTED_EDGE('',*,*,#818,.T.);
#1053=ORIENTED_EDGE('',*,*,#819,.T.);
#1054=ORIENTED_EDGE('',*,*,#820,.F.);
#1055=ORIENTED_EDGE('',*,*,#821,.T.);
#1056=ORIENTED_EDGE('',*,*,#816,.T.);
#1057=ORIENTED_EDGE('',*,*,#822,.T.);
#1058=ORIENTED_EDGE('',*,*,#823,.F.);
#1059=ORIENTED_EDGE('',*,*,#824,.F.);
#1060=ORIENTED_EDGE('',*,*,#820,.T.);
#1061=ORIENTED_EDGE('',*,*,#825,.T.);
#1062=ORIENTED_EDGE('',*,*,#826,.F.);
#1063=ORIENTED_EDGE('',*,*,#827,.F.);
#1064=ORIENTED_EDGE('',*,*,#823,.T.);
#1065=ORIENTED_EDGE('',*,*,#828,.T.);
#1066=ORIENTED_EDGE('',*,*,#829,.F.);
#1067=ORIENTED_EDGE('',*,*,#830,.F.);
#1068=ORIENTED_EDGE('',*,*,#826,.T.);
#1069=ORIENTED_EDGE('',*,*,#831,.T.);
#1070=ORIENTED_EDGE('',*,*,#832,.F.);
#1071=ORIENTED_EDGE('',*,*,#833,.F.);
#1072=ORIENTED_EDGE('',*,*,#829,.T.);
#1073=ORIENTED_EDGE('',*,*,#834,.T.);
#1074=ORIENTED_EDGE('',*,*,#835,.F.);
#1075=ORIENTED_EDGE('',*,*,#836,.F.);
#1076=ORIENTED_EDGE('',*,*,#832,.T.);
#1077=ORIENTED_EDGE('',*,*,#837,.T.);
#1078=ORIENTED_EDGE('',*,*,#838,.F.);
#1079=ORIENTED_EDGE('',*,*,#839,.F.);
#1080=ORIENTED_EDGE('',*,*,#835,.T.);
#1081=ORIENTED_EDGE('',*,*,#840,.T.);
#1082=ORIENTED_EDGE('',*,*,#841,.F.);
#1083=ORIENTED_EDGE('',*,*,#842,.F.);
#1084=ORIENTED_EDGE('',*,*,#838,.T.);
#1085=ORIENTED_EDGE('',*,*,#843,.T.);
#1086=ORIENTED_EDGE('',*,*,#844,.F.);
#1087=ORIENTED_EDGE('',*,*,#845,.F.);
#1088=ORIENTED_EDGE('',*,*,#841,.T.);
#1089=ORIENTED_EDGE('',*,*,#846,.T.);
#1090=ORIENTED_EDGE('',*,*,#847,.F.);
#1091=ORIENTED_EDGE('',*,*,#848,.F.);
#1092=ORIENTED_EDGE('',*,*,#844,.T.);
#1093=ORIENTED_EDGE('',*,*,#849,.T.);
#1094=ORIENTED_EDGE('',*,*,#850,.F.);
#1095=ORIENTED_EDGE('',*,*,#851,.T.);
#1096=ORIENTED_EDGE('',*,*,#847,.T.);
#1097=ORIENTED_EDGE('',*,*,#852,.T.);
#1098=ORIENTED_EDGE('',*,*,#853,.F.);
#1099=ORIENTED_EDGE('',*,*,#854,.F.);
#1100=ORIENTED_EDGE('',*,*,#850,.T.);
#1101=ORIENTED_EDGE('',*,*,#855,.T.);
#1102=ORIENTED_EDGE('',*,*,#856,.F.);
#1103=ORIENTED_EDGE('',*,*,#857,.F.);
#1104=ORIENTED_EDGE('',*,*,#853,.T.);
#1105=ORIENTED_EDGE('',*,*,#858,.T.);
#1106=ORIENTED_EDGE('',*,*,#859,.F.);
#1107=ORIENTED_EDGE('',*,*,#860,.F.);
#1108=ORIENTED_EDGE('',*,*,#856,.T.);
#1109=ORIENTED_EDGE('',*,*,#861,.T.);
#1110=ORIENTED_EDGE('',*,*,#862,.F.);
#1111=ORIENTED_EDGE('',*,*,#863,.F.);
#1112=ORIENTED_EDGE('',*,*,#859,.T.);
#1113=ORIENTED_EDGE('',*,*,#864,.T.);
#1114=ORIENTED_EDGE('',*,*,#865,.F.);
#1115=ORIENTED_EDGE('',*,*,#866,.F.);
#1116=ORIENTED_EDGE('',*,*,#862,.T.);
#1117=ORIENTED_EDGE('',*,*,#867,.T.);
#1118=ORIENTED_EDGE('',*,*,#868,.F.);
#1119=ORIENTED_EDGE('',*,*,#869,.F.);
#1120=ORIENTED_EDGE('',*,*,#865,.T.);
#1121=ORIENTED_EDGE('',*,*,#870,.T.);
#1122=ORIENTED_EDGE('',*,*,#871,.F.);
#1123=ORIENTED_EDGE('',*,*,#872,.F.);
#1124=ORIENTED_EDGE('',*,*,#868,.T.);
#1125=ORIENTED_EDGE('',*,*,#873,.T.);
#1126=ORIENTED_EDGE('',*,*,#818,.F.);
#1127=ORIENTED_EDGE('',*,*,#874,.F.);
#1128=ORIENTED_EDGE('',*,*,#871,.T.);
#1129=ORIENTED_EDGE('',*,*,#815,.F.);
#1130=ORIENTED_EDGE('',*,*,#873,.F.);
#1131=ORIENTED_EDGE('',*,*,#870,.F.);
#1132=ORIENTED_EDGE('',*,*,#867,.F.);
#1133=ORIENTED_EDGE('',*,*,#864,.F.);
#1134=ORIENTED_EDGE('',*,*,#861,.F.);
#1135=ORIENTED_EDGE('',*,*,#858,.F.);
#1136=ORIENTED_EDGE('',*,*,#855,.F.);
#1137=ORIENTED_EDGE('',*,*,#852,.F.);
#1138=ORIENTED_EDGE('',*,*,#849,.F.);
#1139=ORIENTED_EDGE('',*,*,#846,.F.);
#1140=ORIENTED_EDGE('',*,*,#843,.F.);
#1141=ORIENTED_EDGE('',*,*,#840,.F.);
#1142=ORIENTED_EDGE('',*,*,#837,.F.);
#1143=ORIENTED_EDGE('',*,*,#834,.F.);
#1144=ORIENTED_EDGE('',*,*,#831,.F.);
#1145=ORIENTED_EDGE('',*,*,#828,.F.);
#1146=ORIENTED_EDGE('',*,*,#825,.F.);
#1147=ORIENTED_EDGE('',*,*,#822,.F.);
#1148=ORIENTED_EDGE('',*,*,#819,.F.);
#1149=ORIENTED_EDGE('',*,*,#854,.T.);
#1150=ORIENTED_EDGE('',*,*,#857,.T.);
#1151=ORIENTED_EDGE('',*,*,#860,.T.);
#1152=ORIENTED_EDGE('',*,*,#863,.T.);
#1153=ORIENTED_EDGE('',*,*,#866,.T.);
#1154=ORIENTED_EDGE('',*,*,#869,.T.);
#1155=ORIENTED_EDGE('',*,*,#872,.T.);
#1156=ORIENTED_EDGE('',*,*,#874,.T.);
#1157=ORIENTED_EDGE('',*,*,#817,.T.);
#1158=ORIENTED_EDGE('',*,*,#875,.T.);
#1159=ORIENTED_EDGE('',*,*,#876,.T.);
#1160=ORIENTED_EDGE('',*,*,#877,.F.);
#1161=ORIENTED_EDGE('',*,*,#878,.T.);
#1162=ORIENTED_EDGE('',*,*,#879,.F.);
#1163=ORIENTED_EDGE('',*,*,#880,.T.);
#1164=ORIENTED_EDGE('',*,*,#881,.F.);
#1165=ORIENTED_EDGE('',*,*,#882,.T.);
#1166=ORIENTED_EDGE('',*,*,#883,.F.);
#1167=ORIENTED_EDGE('',*,*,#884,.T.);
#1168=ORIENTED_EDGE('',*,*,#885,.T.);
#1169=ORIENTED_EDGE('',*,*,#886,.T.);
#1170=ORIENTED_EDGE('',*,*,#887,.T.);
#1171=ORIENTED_EDGE('',*,*,#888,.T.);
#1172=ORIENTED_EDGE('',*,*,#889,.T.);
#1173=ORIENTED_EDGE('',*,*,#888,.F.);
#1174=ORIENTED_EDGE('',*,*,#890,.F.);
#1175=ORIENTED_EDGE('',*,*,#891,.T.);
#1176=ORIENTED_EDGE('',*,*,#892,.T.);
#1177=ORIENTED_EDGE('',*,*,#893,.T.);
#1178=ORIENTED_EDGE('',*,*,#894,.F.);
#1179=ORIENTED_EDGE('',*,*,#895,.F.);
#1180=ORIENTED_EDGE('',*,*,#896,.F.);
#1181=ORIENTED_EDGE('',*,*,#897,.F.);
#1182=ORIENTED_EDGE('',*,*,#898,.T.);
#1183=ORIENTED_EDGE('',*,*,#887,.F.);
#1184=ORIENTED_EDGE('',*,*,#899,.T.);
#1185=ORIENTED_EDGE('',*,*,#900,.F.);
#1186=ORIENTED_EDGE('',*,*,#894,.T.);
#1187=ORIENTED_EDGE('',*,*,#901,.T.);
#1188=ORIENTED_EDGE('',*,*,#890,.T.);
#1189=ORIENTED_EDGE('',*,*,#895,.T.);
#1190=ORIENTED_EDGE('',*,*,#900,.T.);
#1191=ORIENTED_EDGE('',*,*,#902,.T.);
#1192=ORIENTED_EDGE('',*,*,#903,.T.);
#1193=ORIENTED_EDGE('',*,*,#904,.T.);
#1194=ORIENTED_EDGE('',*,*,#901,.F.);
#1195=ORIENTED_EDGE('',*,*,#905,.T.);
#1196=ORIENTED_EDGE('',*,*,#906,.T.);
#1197=ORIENTED_EDGE('',*,*,#907,.T.);
#1198=ORIENTED_EDGE('',*,*,#908,.F.);
#1199=ORIENTED_EDGE('',*,*,#909,.F.);
#1200=ORIENTED_EDGE('',*,*,#892,.F.);
#1201=ORIENTED_EDGE('',*,*,#910,.T.);
#1202=ORIENTED_EDGE('',*,*,#906,.F.);
#1203=ORIENTED_EDGE('',*,*,#911,.T.);
#1204=ORIENTED_EDGE('',*,*,#908,.T.);
#1205=ORIENTED_EDGE('',*,*,#893,.F.);
#1206=ORIENTED_EDGE('',*,*,#909,.T.);
#1207=ORIENTED_EDGE('',*,*,#911,.F.);
#1208=ORIENTED_EDGE('',*,*,#905,.F.);
#1209=ORIENTED_EDGE('',*,*,#907,.F.);
#1210=ORIENTED_EDGE('',*,*,#891,.F.);
#1211=ORIENTED_EDGE('',*,*,#904,.F.);
#1212=ORIENTED_EDGE('',*,*,#910,.F.);
#1213=ORIENTED_EDGE('',*,*,#886,.F.);
#1214=ORIENTED_EDGE('',*,*,#912,.F.);
#1215=ORIENTED_EDGE('',*,*,#913,.F.);
#1216=ORIENTED_EDGE('',*,*,#914,.T.);
#1217=ORIENTED_EDGE('',*,*,#902,.F.);
#1218=ORIENTED_EDGE('',*,*,#899,.F.);
#1219=ORIENTED_EDGE('',*,*,#889,.F.);
#1220=ORIENTED_EDGE('',*,*,#898,.F.);
#1221=ORIENTED_EDGE('',*,*,#915,.F.);
#1222=ORIENTED_EDGE('',*,*,#912,.T.);
#1223=ORIENTED_EDGE('',*,*,#903,.F.);
#1224=ORIENTED_EDGE('',*,*,#914,.F.);
#1225=ORIENTED_EDGE('',*,*,#916,.F.);
#1226=ORIENTED_EDGE('',*,*,#896,.T.);
#1227=ORIENTED_EDGE('',*,*,#917,.T.);
#1228=ORIENTED_EDGE('',*,*,#918,.T.);
#1229=ORIENTED_EDGE('',*,*,#919,.T.);
#1230=ORIENTED_EDGE('',*,*,#920,.T.);
#1231=ORIENTED_EDGE('',*,*,#918,.F.);
#1232=ORIENTED_EDGE('',*,*,#921,.F.);
#1233=ORIENTED_EDGE('',*,*,#922,.F.);
#1234=ORIENTED_EDGE('',*,*,#923,.T.);
#1235=ORIENTED_EDGE('',*,*,#917,.F.);
#1236=ORIENTED_EDGE('',*,*,#924,.T.);
#1237=ORIENTED_EDGE('',*,*,#925,.F.);
#1238=ORIENTED_EDGE('',*,*,#926,.F.);
#1239=ORIENTED_EDGE('',*,*,#927,.F.);
#1240=ORIENTED_EDGE('',*,*,#921,.T.);
#1241=ORIENTED_EDGE('',*,*,#928,.T.);
#1242=ORIENTED_EDGE('',*,*,#929,.T.);
#1243=ORIENTED_EDGE('',*,*,#925,.T.);
#1244=ORIENTED_EDGE('',*,*,#930,.T.);
#1245=ORIENTED_EDGE('',*,*,#929,.F.);
#1246=ORIENTED_EDGE('',*,*,#931,.F.);
#1247=ORIENTED_EDGE('',*,*,#932,.F.);
#1248=ORIENTED_EDGE('',*,*,#926,.T.);
#1249=ORIENTED_EDGE('',*,*,#919,.F.);
#1250=ORIENTED_EDGE('',*,*,#923,.F.);
#1251=ORIENTED_EDGE('',*,*,#933,.F.);
#1252=ORIENTED_EDGE('',*,*,#931,.T.);
#1253=ORIENTED_EDGE('',*,*,#928,.F.);
#1254=ORIENTED_EDGE('',*,*,#934,.T.);
#1255=ORIENTED_EDGE('',*,*,#935,.T.);
#1256=ORIENTED_EDGE('',*,*,#936,.T.);
#1257=ORIENTED_EDGE('',*,*,#937,.T.);
#1258=ORIENTED_EDGE('',*,*,#938,.T.);
#1259=ORIENTED_EDGE('',*,*,#939,.F.);
#1260=ORIENTED_EDGE('',*,*,#940,.F.);
#1261=ORIENTED_EDGE('',*,*,#941,.F.);
#1262=ORIENTED_EDGE('',*,*,#942,.T.);
#1263=ORIENTED_EDGE('',*,*,#943,.F.);
#1264=ORIENTED_EDGE('',*,*,#936,.F.);
#1265=ORIENTED_EDGE('',*,*,#944,.T.);
#1266=ORIENTED_EDGE('',*,*,#945,.T.);
#1267=ORIENTED_EDGE('',*,*,#946,.F.);
#1268=ORIENTED_EDGE('',*,*,#945,.F.);
#1269=ORIENTED_EDGE('',*,*,#947,.F.);
#1270=ORIENTED_EDGE('',*,*,#940,.T.);
#1271=ORIENTED_EDGE('',*,*,#935,.F.);
#1272=ORIENTED_EDGE('',*,*,#941,.T.);
#1273=ORIENTED_EDGE('',*,*,#947,.T.);
#1274=ORIENTED_EDGE('',*,*,#944,.F.);
#1275=ORIENTED_EDGE('',*,*,#943,.T.);
#1276=ORIENTED_EDGE('',*,*,#946,.T.);
#1277=ORIENTED_EDGE('',*,*,#939,.T.);
#1278=ORIENTED_EDGE('',*,*,#937,.F.);
#1279=ORIENTED_EDGE('',*,*,#920,.F.);
#1280=ORIENTED_EDGE('',*,*,#938,.F.);
#1281=ORIENTED_EDGE('',*,*,#942,.F.);
#1282=ORIENTED_EDGE('',*,*,#934,.F.);
#1283=ORIENTED_EDGE('',*,*,#930,.F.);
#1284=ORIENTED_EDGE('',*,*,#924,.F.);
#1285=ORIENTED_EDGE('',*,*,#948,.T.);
#1286=ORIENTED_EDGE('',*,*,#949,.T.);
#1287=ORIENTED_EDGE('',*,*,#950,.T.);
#1288=ORIENTED_EDGE('',*,*,#951,.T.);
#1289=ORIENTED_EDGE('',*,*,#949,.F.);
#1290=ORIENTED_EDGE('',*,*,#952,.F.);
#1291=ORIENTED_EDGE('',*,*,#953,.F.);
#1292=ORIENTED_EDGE('',*,*,#954,.T.);
#1293=ORIENTED_EDGE('',*,*,#948,.F.);
#1294=ORIENTED_EDGE('',*,*,#955,.T.);
#1295=ORIENTED_EDGE('',*,*,#956,.F.);
#1296=ORIENTED_EDGE('',*,*,#957,.F.);
#1297=ORIENTED_EDGE('',*,*,#958,.F.);
#1298=ORIENTED_EDGE('',*,*,#952,.T.);
#1299=ORIENTED_EDGE('',*,*,#959,.T.);
#1300=ORIENTED_EDGE('',*,*,#960,.T.);
#1301=ORIENTED_EDGE('',*,*,#956,.T.);
#1302=ORIENTED_EDGE('',*,*,#961,.T.);
#1303=ORIENTED_EDGE('',*,*,#960,.F.);
#1304=ORIENTED_EDGE('',*,*,#962,.F.);
#1305=ORIENTED_EDGE('',*,*,#963,.F.);
#1306=ORIENTED_EDGE('',*,*,#957,.T.);
#1307=ORIENTED_EDGE('',*,*,#950,.F.);
#1308=ORIENTED_EDGE('',*,*,#954,.F.);
#1309=ORIENTED_EDGE('',*,*,#964,.F.);
#1310=ORIENTED_EDGE('',*,*,#962,.T.);
#1311=ORIENTED_EDGE('',*,*,#959,.F.);
#1312=ORIENTED_EDGE('',*,*,#965,.T.);
#1313=ORIENTED_EDGE('',*,*,#966,.T.);
#1314=ORIENTED_EDGE('',*,*,#967,.T.);
#1315=ORIENTED_EDGE('',*,*,#968,.T.);
#1316=ORIENTED_EDGE('',*,*,#969,.T.);
#1317=ORIENTED_EDGE('',*,*,#970,.F.);
#1318=ORIENTED_EDGE('',*,*,#971,.F.);
#1319=ORIENTED_EDGE('',*,*,#972,.F.);
#1320=ORIENTED_EDGE('',*,*,#973,.T.);
#1321=ORIENTED_EDGE('',*,*,#974,.F.);
#1322=ORIENTED_EDGE('',*,*,#967,.F.);
#1323=ORIENTED_EDGE('',*,*,#975,.T.);
#1324=ORIENTED_EDGE('',*,*,#976,.T.);
#1325=ORIENTED_EDGE('',*,*,#977,.F.);
#1326=ORIENTED_EDGE('',*,*,#976,.F.);
#1327=ORIENTED_EDGE('',*,*,#978,.F.);
#1328=ORIENTED_EDGE('',*,*,#971,.T.);
#1329=ORIENTED_EDGE('',*,*,#966,.F.);
#1330=ORIENTED_EDGE('',*,*,#972,.T.);
#1331=ORIENTED_EDGE('',*,*,#978,.T.);
#1332=ORIENTED_EDGE('',*,*,#975,.F.);
#1333=ORIENTED_EDGE('',*,*,#974,.T.);
#1334=ORIENTED_EDGE('',*,*,#977,.T.);
#1335=ORIENTED_EDGE('',*,*,#970,.T.);
#1336=ORIENTED_EDGE('',*,*,#968,.F.);
#1337=ORIENTED_EDGE('',*,*,#951,.F.);
#1338=ORIENTED_EDGE('',*,*,#969,.F.);
#1339=ORIENTED_EDGE('',*,*,#973,.F.);
#1340=ORIENTED_EDGE('',*,*,#965,.F.);
#1341=ORIENTED_EDGE('',*,*,#961,.F.);
#1342=ORIENTED_EDGE('',*,*,#955,.F.);
#1343=ORIENTED_EDGE('',*,*,#979,.T.);
#1344=ORIENTED_EDGE('',*,*,#980,.T.);
#1345=ORIENTED_EDGE('',*,*,#981,.T.);
#1346=ORIENTED_EDGE('',*,*,#982,.T.);
#1347=ORIENTED_EDGE('',*,*,#981,.F.);
#1348=ORIENTED_EDGE('',*,*,#983,.F.);
#1349=ORIENTED_EDGE('',*,*,#984,.T.);
#1350=ORIENTED_EDGE('',*,*,#985,.T.);
#1351=ORIENTED_EDGE('',*,*,#986,.T.);
#1352=ORIENTED_EDGE('',*,*,#987,.F.);
#1353=ORIENTED_EDGE('',*,*,#988,.F.);
#1354=ORIENTED_EDGE('',*,*,#989,.F.);
#1355=ORIENTED_EDGE('',*,*,#990,.F.);
#1356=ORIENTED_EDGE('',*,*,#991,.T.);
#1357=ORIENTED_EDGE('',*,*,#980,.F.);
#1358=ORIENTED_EDGE('',*,*,#992,.T.);
#1359=ORIENTED_EDGE('',*,*,#993,.F.);
#1360=ORIENTED_EDGE('',*,*,#987,.T.);
#1361=ORIENTED_EDGE('',*,*,#994,.T.);
#1362=ORIENTED_EDGE('',*,*,#983,.T.);
#1363=ORIENTED_EDGE('',*,*,#988,.T.);
#1364=ORIENTED_EDGE('',*,*,#993,.T.);
#1365=ORIENTED_EDGE('',*,*,#995,.T.);
#1366=ORIENTED_EDGE('',*,*,#996,.T.);
#1367=ORIENTED_EDGE('',*,*,#997,.T.);
#1368=ORIENTED_EDGE('',*,*,#994,.F.);
#1369=ORIENTED_EDGE('',*,*,#998,.T.);
#1370=ORIENTED_EDGE('',*,*,#999,.T.);
#1371=ORIENTED_EDGE('',*,*,#1000,.T.);
#1372=ORIENTED_EDGE('',*,*,#1001,.F.);
#1373=ORIENTED_EDGE('',*,*,#1002,.F.);
#1374=ORIENTED_EDGE('',*,*,#985,.F.);
#1375=ORIENTED_EDGE('',*,*,#1003,.T.);
#1376=ORIENTED_EDGE('',*,*,#999,.F.);
#1377=ORIENTED_EDGE('',*,*,#1004,.T.);
#1378=ORIENTED_EDGE('',*,*,#1001,.T.);
#1379=ORIENTED_EDGE('',*,*,#986,.F.);
#1380=ORIENTED_EDGE('',*,*,#1002,.T.);
#1381=ORIENTED_EDGE('',*,*,#1004,.F.);
#1382=ORIENTED_EDGE('',*,*,#998,.F.);
#1383=ORIENTED_EDGE('',*,*,#1000,.F.);
#1384=ORIENTED_EDGE('',*,*,#984,.F.);
#1385=ORIENTED_EDGE('',*,*,#997,.F.);
#1386=ORIENTED_EDGE('',*,*,#1003,.F.);
#1387=ORIENTED_EDGE('',*,*,#979,.F.);
#1388=ORIENTED_EDGE('',*,*,#1005,.F.);
#1389=ORIENTED_EDGE('',*,*,#1006,.F.);
#1390=ORIENTED_EDGE('',*,*,#1007,.T.);
#1391=ORIENTED_EDGE('',*,*,#995,.F.);
#1392=ORIENTED_EDGE('',*,*,#992,.F.);
#1393=ORIENTED_EDGE('',*,*,#982,.F.);
#1394=ORIENTED_EDGE('',*,*,#991,.F.);
#1395=ORIENTED_EDGE('',*,*,#1008,.F.);
#1396=ORIENTED_EDGE('',*,*,#1005,.T.);
#1397=ORIENTED_EDGE('',*,*,#996,.F.);
#1398=ORIENTED_EDGE('',*,*,#1007,.F.);
#1399=ORIENTED_EDGE('',*,*,#1009,.F.);
#1400=ORIENTED_EDGE('',*,*,#989,.T.);
#1401=ORIENTED_EDGE('',*,*,#1010,.F.);
#1402=ORIENTED_EDGE('',*,*,#1011,.F.);
#1403=ORIENTED_EDGE('',*,*,#1012,.F.);
#1404=ORIENTED_EDGE('',*,*,#1013,.T.);
#1405=ORIENTED_EDGE('',*,*,#1014,.F.);
#1406=ORIENTED_EDGE('',*,*,#1015,.F.);
#1407=ORIENTED_EDGE('',*,*,#875,.F.);
#1408=ORIENTED_EDGE('',*,*,#821,.F.);
#1409=ORIENTED_EDGE('',*,*,#1016,.F.);
#1410=ORIENTED_EDGE('',*,*,#1011,.T.);
#1411=ORIENTED_EDGE('',*,*,#1017,.F.);
#1412=ORIENTED_EDGE('',*,*,#1013,.F.);
#1413=ORIENTED_EDGE('',*,*,#1018,.F.);
#1414=ORIENTED_EDGE('',*,*,#851,.F.);
#1415=ORIENTED_EDGE('',*,*,#885,.F.);
#1416=ORIENTED_EDGE('',*,*,#1019,.T.);
#1417=ORIENTED_EDGE('',*,*,#1014,.T.);
#1418=ORIENTED_EDGE('',*,*,#1010,.T.);
#1419=ORIENTED_EDGE('',*,*,#1017,.T.);
#1420=ORIENTED_EDGE('',*,*,#1020,.T.);
#1421=ORIENTED_EDGE('',*,*,#1021,.F.);
#1422=ORIENTED_EDGE('',*,*,#1022,.F.);
#1423=ORIENTED_EDGE('',*,*,#1023,.F.);
#1424=ORIENTED_EDGE('',*,*,#881,.T.);
#1425=ORIENTED_EDGE('',*,*,#1024,.T.);
#1426=ORIENTED_EDGE('',*,*,#1022,.T.);
#1427=ORIENTED_EDGE('',*,*,#1025,.T.);
#1428=ORIENTED_EDGE('',*,*,#1026,.F.);
#1429=ORIENTED_EDGE('',*,*,#1027,.F.);
#1430=ORIENTED_EDGE('',*,*,#1028,.F.);
#1431=ORIENTED_EDGE('',*,*,#879,.T.);
#1432=ORIENTED_EDGE('',*,*,#1029,.T.);
#1433=ORIENTED_EDGE('',*,*,#1027,.T.);
#1434=ORIENTED_EDGE('',*,*,#1030,.T.);
#1435=ORIENTED_EDGE('',*,*,#1031,.F.);
#1436=ORIENTED_EDGE('',*,*,#1032,.F.);
#1437=ORIENTED_EDGE('',*,*,#1033,.F.);
#1438=ORIENTED_EDGE('',*,*,#883,.T.);
#1439=ORIENTED_EDGE('',*,*,#1034,.T.);
#1440=ORIENTED_EDGE('',*,*,#1032,.T.);
#1441=ORIENTED_EDGE('',*,*,#1035,.T.);
#1442=ORIENTED_EDGE('',*,*,#1021,.T.);
#1443=ORIENTED_EDGE('',*,*,#1036,.T.);
#1444=ORIENTED_EDGE('',*,*,#1033,.T.);
#1445=ORIENTED_EDGE('',*,*,#1037,.T.);
#1446=ORIENTED_EDGE('',*,*,#1038,.F.);
#1447=ORIENTED_EDGE('',*,*,#1039,.F.);
#1448=ORIENTED_EDGE('',*,*,#1040,.F.);
#1449=ORIENTED_EDGE('',*,*,#877,.T.);
#1450=ORIENTED_EDGE('',*,*,#1041,.T.);
#1451=ORIENTED_EDGE('',*,*,#1039,.T.);
#1452=ORIENTED_EDGE('',*,*,#1042,.T.);
#1453=ORIENTED_EDGE('',*,*,#1031,.T.);
#1454=ORIENTED_EDGE('',*,*,#1043,.T.);
#1455=ORIENTED_EDGE('',*,*,#1040,.T.);
#1456=ORIENTED_EDGE('',*,*,#1044,.T.);
#1457=ORIENTED_EDGE('',*,*,#1038,.T.);
#1458=ORIENTED_EDGE('',*,*,#1045,.T.);
#1459=ORIENTED_EDGE('',*,*,#1028,.T.);
#1460=ORIENTED_EDGE('',*,*,#1046,.T.);
#1461=ORIENTED_EDGE('',*,*,#1026,.T.);
#1462=ORIENTED_EDGE('',*,*,#1047,.T.);
#1463=ORIENTED_EDGE('',*,*,#1023,.T.);
#1464=ORIENTED_EDGE('',*,*,#1048,.T.);
#1465=ORIENTED_EDGE('',*,*,#1025,.F.);
#1466=ORIENTED_EDGE('',*,*,#1037,.F.);
#1467=ORIENTED_EDGE('',*,*,#1034,.F.);
#1468=ORIENTED_EDGE('',*,*,#882,.F.);
#1469=ORIENTED_EDGE('',*,*,#1035,.F.);
#1470=ORIENTED_EDGE('',*,*,#1044,.F.);
#1471=ORIENTED_EDGE('',*,*,#1041,.F.);
#1472=ORIENTED_EDGE('',*,*,#876,.F.);
#1473=ORIENTED_EDGE('',*,*,#1015,.T.);
#1474=ORIENTED_EDGE('',*,*,#1020,.F.);
#1475=ORIENTED_EDGE('',*,*,#1019,.F.);
#1476=ORIENTED_EDGE('',*,*,#884,.F.);
#1477=ORIENTED_EDGE('',*,*,#848,.T.);
#1478=ORIENTED_EDGE('',*,*,#1018,.T.);
#1479=ORIENTED_EDGE('',*,*,#1012,.T.);
#1480=ORIENTED_EDGE('',*,*,#1016,.T.);
#1481=ORIENTED_EDGE('',*,*,#824,.T.);
#1482=ORIENTED_EDGE('',*,*,#827,.T.);
#1483=ORIENTED_EDGE('',*,*,#830,.T.);
#1484=ORIENTED_EDGE('',*,*,#833,.T.);
#1485=ORIENTED_EDGE('',*,*,#836,.T.);
#1486=ORIENTED_EDGE('',*,*,#839,.T.);
#1487=ORIENTED_EDGE('',*,*,#842,.T.);
#1488=ORIENTED_EDGE('',*,*,#845,.T.);
#1489=ORIENTED_EDGE('',*,*,#913,.T.);
#1490=ORIENTED_EDGE('',*,*,#915,.T.);
#1491=ORIENTED_EDGE('',*,*,#897,.T.);
#1492=ORIENTED_EDGE('',*,*,#916,.T.);
#1493=ORIENTED_EDGE('',*,*,#927,.T.);
#1494=ORIENTED_EDGE('',*,*,#932,.T.);
#1495=ORIENTED_EDGE('',*,*,#933,.T.);
#1496=ORIENTED_EDGE('',*,*,#922,.T.);
#1497=ORIENTED_EDGE('',*,*,#958,.T.);
#1498=ORIENTED_EDGE('',*,*,#963,.T.);
#1499=ORIENTED_EDGE('',*,*,#964,.T.);
#1500=ORIENTED_EDGE('',*,*,#953,.T.);
#1501=ORIENTED_EDGE('',*,*,#1006,.T.);
#1502=ORIENTED_EDGE('',*,*,#1008,.T.);
#1503=ORIENTED_EDGE('',*,*,#990,.T.);
#1504=ORIENTED_EDGE('',*,*,#1009,.T.);
#1505=ORIENTED_EDGE('',*,*,#1036,.F.);
#1506=ORIENTED_EDGE('',*,*,#1047,.F.);
#1507=ORIENTED_EDGE('',*,*,#1045,.F.);
#1508=ORIENTED_EDGE('',*,*,#1043,.F.);
#1509=ORIENTED_EDGE('',*,*,#1029,.F.);
#1510=ORIENTED_EDGE('',*,*,#878,.F.);
#1511=ORIENTED_EDGE('',*,*,#1042,.F.);
#1512=ORIENTED_EDGE('',*,*,#1046,.F.);
#1513=ORIENTED_EDGE('',*,*,#1024,.F.);
#1514=ORIENTED_EDGE('',*,*,#880,.F.);
#1515=ORIENTED_EDGE('',*,*,#1030,.F.);
#1516=ORIENTED_EDGE('',*,*,#1048,.F.);
#1517=PLANE('',#1707);
#1518=PLANE('',#1708);
#1519=PLANE('',#1709);
#1520=PLANE('',#1710);
#1521=PLANE('',#1711);
#1522=PLANE('',#1712);
#1523=PLANE('',#1713);
#1524=PLANE('',#1714);
#1525=PLANE('',#1715);
#1526=PLANE('',#1716);
#1527=PLANE('',#1717);
#1528=PLANE('',#1718);
#1529=PLANE('',#1719);
#1530=PLANE('',#1720);
#1531=PLANE('',#1721);
#1532=PLANE('',#1722);
#1533=PLANE('',#1723);
#1534=PLANE('',#1724);
#1535=PLANE('',#1725);
#1536=PLANE('',#1726);
#1537=PLANE('',#1727);
#1538=PLANE('',#1728);
#1539=PLANE('',#1732);
#1540=PLANE('',#1734);
#1541=PLANE('',#1737);
#1542=PLANE('',#1738);
#1543=PLANE('',#1739);
#1544=PLANE('',#1740);
#1545=PLANE('',#1741);
#1546=PLANE('',#1742);
#1547=PLANE('',#1743);
#1548=PLANE('',#1744);
#1549=PLANE('',#1748);
#1550=PLANE('',#1749);
#1551=PLANE('',#1753);
#1552=PLANE('',#1754);
#1553=PLANE('',#1755);
#1554=PLANE('',#1756);
#1555=PLANE('',#1757);
#1556=PLANE('',#1758);
#1557=PLANE('',#1759);
#1558=PLANE('',#1760);
#1559=PLANE('',#1764);
#1560=PLANE('',#1765);
#1561=PLANE('',#1769);
#1562=PLANE('',#1770);
#1563=PLANE('',#1771);
#1564=PLANE('',#1772);
#1565=PLANE('',#1773);
#1566=PLANE('',#1774);
#1567=PLANE('',#1775);
#1568=PLANE('',#1776);
#1569=PLANE('',#1780);
#1570=PLANE('',#1782);
#1571=PLANE('',#1785);
#1572=PLANE('',#1786);
#1573=PLANE('',#1787);
#1574=PLANE('',#1788);
#1575=PLANE('',#1789);
#1576=PLANE('',#1790);
#1577=PLANE('',#1791);
#1578=PLANE('',#1792);
#1579=PLANE('',#1793);
#1580=PLANE('',#1794);
#1581=PLANE('',#1795);
#1582=PLANE('',#1796);
#1583=PLANE('',#1797);
#1584=PLANE('',#1798);
#1585=PLANE('',#1799);
#1586=PLANE('',#1800);
#1587=PLANE('',#1801);
#1588=PLANE('',#1802);
#1589=PLANE('',#1803);
#1590=PLANE('',#1804);
#1591=PLANE('',#1805);
#1592=PLANE('',#1806);
#1593=PLANE('',#1807);
#1594=PLANE('',#1808);
#1595=PLANE('',#1809);
#1596=PLANE('',#1810);
#1597=PLANE('',#1811);
#1598=PLANE('',#1812);
#1599=PLANE('',#1813);
#1600=PLANE('',#1814);
#1601=ADVANCED_FACE('',(#43),#1517,.T.);
#1602=ADVANCED_FACE('',(#44),#1518,.T.);
#1603=ADVANCED_FACE('',(#45),#1519,.T.);
#1604=ADVANCED_FACE('',(#46),#1520,.T.);
#1605=ADVANCED_FACE('',(#47),#1521,.T.);
#1606=ADVANCED_FACE('',(#48),#1522,.T.);
#1607=ADVANCED_FACE('',(#49),#1523,.T.);
#1608=ADVANCED_FACE('',(#50),#1524,.T.);
#1609=ADVANCED_FACE('',(#51),#1525,.T.);
#1610=ADVANCED_FACE('',(#52),#1526,.T.);
#1611=ADVANCED_FACE('',(#53),#1527,.T.);
#1612=ADVANCED_FACE('',(#54),#1528,.T.);
#1613=ADVANCED_FACE('',(#55),#1529,.T.);
#1614=ADVANCED_FACE('',(#56),#1530,.T.);
#1615=ADVANCED_FACE('',(#57),#1531,.T.);
#1616=ADVANCED_FACE('',(#58),#1532,.T.);
#1617=ADVANCED_FACE('',(#59),#1533,.T.);
#1618=ADVANCED_FACE('',(#60),#1534,.T.);
#1619=ADVANCED_FACE('',(#61),#1535,.T.);
#1620=ADVANCED_FACE('',(#62),#1536,.T.);
#1621=ADVANCED_FACE('',(#63),#1537,.T.);
#1622=ADVANCED_FACE('',(#64),#1538,.F.);
#1623=ADVANCED_FACE('',(#65),#35,.T.);
#1624=ADVANCED_FACE('',(#66),#1539,.T.);
#1625=ADVANCED_FACE('',(#67),#1540,.T.);
#1626=ADVANCED_FACE('',(#68),#36,.T.);
#1627=ADVANCED_FACE('',(#69),#1541,.T.);
#1628=ADVANCED_FACE('',(#70),#1542,.T.);
#1629=ADVANCED_FACE('',(#71),#1543,.T.);
#1630=ADVANCED_FACE('',(#72),#1544,.T.);
#1631=ADVANCED_FACE('',(#73),#1545,.T.);
#1632=ADVANCED_FACE('',(#74),#1546,.T.);
#1633=ADVANCED_FACE('',(#75),#1547,.T.);
#1634=ADVANCED_FACE('',(#76),#1548,.T.);
#1635=ADVANCED_FACE('',(#77),#37,.T.);
#1636=ADVANCED_FACE('',(#78),#1549,.F.);
#1637=ADVANCED_FACE('',(#79),#1550,.F.);
#1638=ADVANCED_FACE('',(#80),#38,.T.);
#1639=ADVANCED_FACE('',(#81),#1551,.F.);
#1640=ADVANCED_FACE('',(#82),#1552,.F.);
#1641=ADVANCED_FACE('',(#83),#1553,.F.);
#1642=ADVANCED_FACE('',(#84),#1554,.F.);
#1643=ADVANCED_FACE('',(#85),#1555,.F.);
#1644=ADVANCED_FACE('',(#86),#1556,.F.);
#1645=ADVANCED_FACE('',(#87),#1557,.F.);
#1646=ADVANCED_FACE('',(#88),#1558,.F.);
#1647=ADVANCED_FACE('',(#89),#39,.T.);
#1648=ADVANCED_FACE('',(#90),#1559,.F.);
#1649=ADVANCED_FACE('',(#91),#1560,.F.);
#1650=ADVANCED_FACE('',(#92),#40,.T.);
#1651=ADVANCED_FACE('',(#93),#1561,.F.);
#1652=ADVANCED_FACE('',(#94),#1562,.F.);
#1653=ADVANCED_FACE('',(#95),#1563,.F.);
#1654=ADVANCED_FACE('',(#96),#1564,.F.);
#1655=ADVANCED_FACE('',(#97),#1565,.F.);
#1656=ADVANCED_FACE('',(#98),#1566,.F.);
#1657=ADVANCED_FACE('',(#99),#1567,.F.);
#1658=ADVANCED_FACE('',(#100),#1568,.F.);
#1659=ADVANCED_FACE('',(#101),#41,.T.);
#1660=ADVANCED_FACE('',(#102),#1569,.T.);
#1661=ADVANCED_FACE('',(#103),#1570,.T.);
#1662=ADVANCED_FACE('',(#104),#42,.T.);
#1663=ADVANCED_FACE('',(#105),#1571,.T.);
#1664=ADVANCED_FACE('',(#106),#1572,.T.);
#1665=ADVANCED_FACE('',(#107),#1573,.T.);
#1666=ADVANCED_FACE('',(#108),#1574,.T.);
#1667=ADVANCED_FACE('',(#109),#1575,.T.);
#1668=ADVANCED_FACE('',(#110),#1576,.T.);
#1669=ADVANCED_FACE('',(#111),#1577,.T.);
#1670=ADVANCED_FACE('',(#112),#1578,.T.);
#1671=ADVANCED_FACE('',(#113),#1579,.T.);
#1672=ADVANCED_FACE('',(#114),#1580,.T.);
#1673=ADVANCED_FACE('',(#115),#1581,.T.);
#1674=ADVANCED_FACE('',(#116),#1582,.F.);
#1675=ADVANCED_FACE('',(#117),#1583,.T.);
#1676=ADVANCED_FACE('',(#118),#1584,.T.);
#1677=ADVANCED_FACE('',(#119),#1585,.T.);
#1678=ADVANCED_FACE('',(#120),#1586,.T.);
#1679=ADVANCED_FACE('',(#121),#1587,.T.);
#1680=ADVANCED_FACE('',(#122),#1588,.T.);
#1681=ADVANCED_FACE('',(#123),#1589,.T.);
#1682=ADVANCED_FACE('',(#124),#1590,.T.);
#1683=ADVANCED_FACE('',(#125),#1591,.T.);
#1684=ADVANCED_FACE('',(#126),#1592,.T.);
#1685=ADVANCED_FACE('',(#127),#1593,.T.);
#1686=ADVANCED_FACE('',(#128),#1594,.T.);
#1687=ADVANCED_FACE('',(#129),#1595,.T.);
#1688=ADVANCED_FACE('',(#130),#1596,.T.);
#1689=ADVANCED_FACE('',(#131,#15,#16,#17,#18),#1597,.F.);
#1690=ADVANCED_FACE('',(#132),#1598,.T.);
#1691=ADVANCED_FACE('',(#133),#1599,.T.);
#1692=ADVANCED_FACE('',(#134),#1600,.T.);
#1693=CLOSED_SHELL('',(#1601,#1602,#1603,#1604,#1605,#1606,#1607,#1608,
#1609,#1610,#1611,#1612,#1613,#1614,#1615,#1616,#1617,#1618,#1619,#1620,
#1621,#1622,#1623,#1624,#1625,#1626,#1627,#1628,#1629,#1630,#1631,#1632,
#1633,#1634,#1635,#1636,#1637,#1638,#1639,#1640,#1641,#1642,#1643,#1644,
#1645,#1646,#1647,#1648,#1649,#1650,#1651,#1652,#1653,#1654,#1655,#1656,
#1657,#1658,#1659,#1660,#1661,#1662,#1663,#1664,#1665,#1666,#1667,#1668,
#1669,#1670,#1671,#1672,#1673,#1674,#1675,#1676,#1677,#1678,#1679,#1680,
#1681,#1682,#1683,#1684,#1685,#1686,#1687,#1688,#1689,#1690,#1691,#1692));
#1694=DERIVED_UNIT_ELEMENT(#1696,1.);
#1695=DERIVED_UNIT_ELEMENT(#2731,-3.);
#1696=(
MASS_UNIT()
NAMED_UNIT(*)
SI_UNIT(.KILO.,.GRAM.)
);
#1697=DERIVED_UNIT((#1694,#1695));
#1698=MEASURE_REPRESENTATION_ITEM('density measure',
POSITIVE_RATIO_MEASURE(2700.),#1697);
#1699=PROPERTY_DEFINITION_REPRESENTATION(#1704,#1701);
#1700=PROPERTY_DEFINITION_REPRESENTATION(#1705,#1702);
#1701=REPRESENTATION('material name',(#1703),#2728);
#1702=REPRESENTATION('density',(#1698),#2728);
#1703=DESCRIPTIVE_REPRESENTATION_ITEM('Aluminum 6061 T6 80 Hot Formed',
'Aluminum 6061 T6 80 Hot Formed');
#1704=PROPERTY_DEFINITION('material property','material name',#2738);
#1705=PROPERTY_DEFINITION('material property','density of part',#2738);
#1706=AXIS2_PLACEMENT_3D('',#2251,#1815,#1816);
#1707=AXIS2_PLACEMENT_3D('',#2252,#1817,#1818);
#1708=AXIS2_PLACEMENT_3D('',#2261,#1823,#1824);
#1709=AXIS2_PLACEMENT_3D('',#2267,#1828,#1829);
#1710=AXIS2_PLACEMENT_3D('',#2273,#1833,#1834);
#1711=AXIS2_PLACEMENT_3D('',#2279,#1838,#1839);
#1712=AXIS2_PLACEMENT_3D('',#2285,#1843,#1844);
#1713=AXIS2_PLACEMENT_3D('',#2291,#1848,#1849);
#1714=AXIS2_PLACEMENT_3D('',#2297,#1853,#1854);
#1715=AXIS2_PLACEMENT_3D('',#2303,#1858,#1859);
#1716=AXIS2_PLACEMENT_3D('',#2309,#1863,#1864);
#1717=AXIS2_PLACEMENT_3D('',#2315,#1868,#1869);
#1718=AXIS2_PLACEMENT_3D('',#2321,#1873,#1874);
#1719=AXIS2_PLACEMENT_3D('',#2327,#1878,#1879);
#1720=AXIS2_PLACEMENT_3D('',#2333,#1883,#1884);
#1721=AXIS2_PLACEMENT_3D('',#2339,#1888,#1889);
#1722=AXIS2_PLACEMENT_3D('',#2345,#1893,#1894);
#1723=AXIS2_PLACEMENT_3D('',#2351,#1898,#1899);
#1724=AXIS2_PLACEMENT_3D('',#2357,#1903,#1904);
#1725=AXIS2_PLACEMENT_3D('',#2363,#1908,#1909);
#1726=AXIS2_PLACEMENT_3D('',#2369,#1913,#1914);
#1727=AXIS2_PLACEMENT_3D('',#2372,#1917,#1918);
#1728=AXIS2_PLACEMENT_3D('',#2373,#1919,#1920);
#1729=AXIS2_PLACEMENT_3D('',#2395,#1932,#1933);
#1730=AXIS2_PLACEMENT_3D('',#2398,#1934,#1935);
#1731=AXIS2_PLACEMENT_3D('',#2402,#1937,#1938);
#1732=AXIS2_PLACEMENT_3D('',#2404,#1940,#1941);
#1733=AXIS2_PLACEMENT_3D('',#2416,#1947,#1948);
#1734=AXIS2_PLACEMENT_3D('',#2422,#1952,#1953);
#1735=AXIS2_PLACEMENT_3D('',#2427,#1957,#1958);
#1736=AXIS2_PLACEMENT_3D('',#2429,#1959,#1960);
#1737=AXIS2_PLACEMENT_3D('',#2431,#1962,#1963);
#1738=AXIS2_PLACEMENT_3D('',#2437,#1967,#1968);
#1739=AXIS2_PLACEMENT_3D('',#2443,#1972,#1973);
#1740=AXIS2_PLACEMENT_3D('',#2446,#1976,#1977);
#1741=AXIS2_PLACEMENT_3D('',#2447,#1978,#1979);
#1742=AXIS2_PLACEMENT_3D('',#2448,#1980,#1981);
#1743=AXIS2_PLACEMENT_3D('',#2454,#1985,#1986);
#1744=AXIS2_PLACEMENT_3D('',#2456,#1988,#1989);
#1745=AXIS2_PLACEMENT_3D('',#2458,#1991,#1992);
#1746=AXIS2_PLACEMENT_3D('',#2461,#1993,#1994);
#1747=AXIS2_PLACEMENT_3D('',#2465,#1996,#1997);
#1748=AXIS2_PLACEMENT_3D('',#2467,#1999,#2000);
#1749=AXIS2_PLACEMENT_3D('',#2473,#2004,#2005);
#1750=AXIS2_PLACEMENT_3D('',#2477,#2007,#2008);
#1751=AXIS2_PLACEMENT_3D('',#2481,#2011,#2012);
#1752=AXIS2_PLACEMENT_3D('',#2484,#2013,#2014);
#1753=AXIS2_PLACEMENT_3D('',#2487,#2017,#2018);
#1754=AXIS2_PLACEMENT_3D('',#2491,#2021,#2022);
#1755=AXIS2_PLACEMENT_3D('',#2502,#2029,#2030);
#1756=AXIS2_PLACEMENT_3D('',#2509,#2035,#2036);
#1757=AXIS2_PLACEMENT_3D('',#2515,#2040,#2041);
#1758=AXIS2_PLACEMENT_3D('',#2518,#2044,#2045);
#1759=AXIS2_PLACEMENT_3D('',#2519,#2046,#2047);
#1760=AXIS2_PLACEMENT_3D('',#2520,#2048,#2049);
#1761=AXIS2_PLACEMENT_3D('',#2521,#2050,#2051);
#1762=AXIS2_PLACEMENT_3D('',#2524,#2052,#2053);
#1763=AXIS2_PLACEMENT_3D('',#2528,#2055,#2056);
#1764=AXIS2_PLACEMENT_3D('',#2530,#2058,#2059);
#1765=AXIS2_PLACEMENT_3D('',#2536,#2063,#2064);
#1766=AXIS2_PLACEMENT_3D('',#2540,#2066,#2067);
#1767=AXIS2_PLACEMENT_3D('',#2544,#2070,#2071);
#1768=AXIS2_PLACEMENT_3D('',#2547,#2072,#2073);
#1769=AXIS2_PLACEMENT_3D('',#2550,#2076,#2077);
#1770=AXIS2_PLACEMENT_3D('',#2554,#2080,#2081);
#1771=AXIS2_PLACEMENT_3D('',#2565,#2088,#2089);
#1772=AXIS2_PLACEMENT_3D('',#2572,#2094,#2095);
#1773=AXIS2_PLACEMENT_3D('',#2578,#2099,#2100);
#1774=AXIS2_PLACEMENT_3D('',#2581,#2103,#2104);
#1775=AXIS2_PLACEMENT_3D('',#2582,#2105,#2106);
#1776=AXIS2_PLACEMENT_3D('',#2583,#2107,#2108);
#1777=AXIS2_PLACEMENT_3D('',#2584,#2109,#2110);
#1778=AXIS2_PLACEMENT_3D('',#2587,#2111,#2112);
#1779=AXIS2_PLACEMENT_3D('',#2591,#2114,#2115);
#1780=AXIS2_PLACEMENT_3D('',#2593,#2117,#2118);
#1781=AXIS2_PLACEMENT_3D('',#2605,#2124,#2125);
#1782=AXIS2_PLACEMENT_3D('',#2611,#2129,#2130);
#1783=AXIS2_PLACEMENT_3D('',#2616,#2134,#2135);
#1784=AXIS2_PLACEMENT_3D('',#2618,#2136,#2137);
#1785=AXIS2_PLACEMENT_3D('',#2620,#2139,#2140);
#1786=AXIS2_PLACEMENT_3D('',#2626,#2144,#2145);
#1787=AXIS2_PLACEMENT_3D('',#2632,#2149,#2150);
#1788=AXIS2_PLACEMENT_3D('',#2635,#2153,#2154);
#1789=AXIS2_PLACEMENT_3D('',#2636,#2155,#2156);
#1790=AXIS2_PLACEMENT_3D('',#2637,#2157,#2158);
#1791=AXIS2_PLACEMENT_3D('',#2643,#2162,#2163);
#1792=AXIS2_PLACEMENT_3D('',#2645,#2165,#2166);
#1793=AXIS2_PLACEMENT_3D('',#2647,#2168,#2169);
#1794=AXIS2_PLACEMENT_3D('',#2656,#2174,#2175);
#1795=AXIS2_PLACEMENT_3D('',#2661,#2179,#2180);
#1796=AXIS2_PLACEMENT_3D('',#2666,#2184,#2185);
#1797=AXIS2_PLACEMENT_3D('',#2668,#2187,#2188);
#1798=AXIS2_PLACEMENT_3D('',#2675,#2192,#2193);
#1799=AXIS2_PLACEMENT_3D('',#2678,#2196,#2197);
#1800=AXIS2_PLACEMENT_3D('',#2685,#2201,#2202);
#1801=AXIS2_PLACEMENT_3D('',#2688,#2205,#2206);
#1802=AXIS2_PLACEMENT_3D('',#2695,#2210,#2211);
#1803=AXIS2_PLACEMENT_3D('',#2698,#2214,#2215);
#1804=AXIS2_PLACEMENT_3D('',#2701,#2218,#2219);
#1805=AXIS2_PLACEMENT_3D('',#2708,#2223,#2224);
#1806=AXIS2_PLACEMENT_3D('',#2711,#2227,#2228);
#1807=AXIS2_PLACEMENT_3D('',#2714,#2231,#2232);
#1808=AXIS2_PLACEMENT_3D('',#2717,#2235,#2236);
#1809=AXIS2_PLACEMENT_3D('',#2720,#2239,#2240);
#1810=AXIS2_PLACEMENT_3D('',#2721,#2241,#2242);
#1811=AXIS2_PLACEMENT_3D('',#2722,#2243,#2244);
#1812=AXIS2_PLACEMENT_3D('',#2723,#2245,#2246);
#1813=AXIS2_PLACEMENT_3D('',#2724,#2247,#2248);
#1814=AXIS2_PLACEMENT_3D('',#2725,#2249,#2250);
#1815=DIRECTION('axis',(0.,0.,1.));
#1816=DIRECTION('refdir',(1.,0.,0.));
#1817=DIRECTION('center_axis',(0.,-0.996194698091746,-0.087155742747655));
#1818=DIRECTION('ref_axis',(-1.,0.,0.));
#1819=DIRECTION('',(1.,0.,0.));
#1820=DIRECTION('',(-0.0868265938642445,0.0868265938642445,-0.992432509138968));
#1821=DIRECTION('',(1.,0.,0.));
#1822=DIRECTION('',(0.0360775885821517,0.0870990036527527,-0.995546167269401));
#1823=DIRECTION('center_axis',(0.996194698091746,0.,-0.087155742747655));
#1824=DIRECTION('ref_axis',(0.,-1.,0.));
#1825=DIRECTION('',(0.,1.,0.));
#1826=DIRECTION('',(-0.0868265938642445,-0.0868265938642445,-0.992432509138968));
#1827=DIRECTION('',(-6.88382121330671E-29,-1.,0.));
#1828=DIRECTION('center_axis',(0.,0.996194698091746,-0.087155742747655));
#1829=DIRECTION('ref_axis',(1.,0.,0.));
#1830=DIRECTION('',(-1.,0.,0.));
#1831=DIRECTION('',(-0.0360775885821515,-0.0870990036527527,-0.995546167269401));
#1832=DIRECTION('',(-1.,0.,0.));
#1833=DIRECTION('center_axis',(0.704416026402759,0.704416026402759,-0.0871557427476533));
#1834=DIRECTION('ref_axis',(0.707106781186548,-0.707106781186548,0.));
#1835=DIRECTION('',(-0.707106781186548,0.707106781186548,0.));
#1836=DIRECTION('',(-0.0870990036527527,-0.0360775885821515,-0.995546167269401));
#1837=DIRECTION('',(-0.707106781186548,0.707106781186548,0.));
#1838=DIRECTION('center_axis',(0.996194698091746,-7.89928975652187E-17,
-0.087155742747655));
#1839=DIRECTION('ref_axis',(-7.92946376009961E-17,-1.,0.));
#1840=DIRECTION('',(7.92946376009961E-17,1.,0.));
#1841=DIRECTION('',(-0.0870990036527527,0.0360775885821515,-0.995546167269401));
#1842=DIRECTION('',(7.92946376009961E-17,1.,0.));
#1843=DIRECTION('center_axis',(0.704416026402762,-0.704416026402756,-0.0871557427476535));
#1844=DIRECTION('ref_axis',(-0.707106781186544,-0.707106781186551,0.));
#1845=DIRECTION('',(0.707106781186544,0.707106781186551,0.));
#1846=DIRECTION('',(-0.0360775885821498,0.0870990036527549,-0.995546167269401));
#1847=DIRECTION('',(0.707106781186544,0.707106781186551,0.));
#1848=DIRECTION('center_axis',(9.60184225562811E-18,-0.996194698091746,
-0.0871557427476572));
#1849=DIRECTION('ref_axis',(-1.,-9.63851973316146E-18,0.));
#1850=DIRECTION('',(1.,9.63851973316146E-18,0.));
#1851=DIRECTION('',(0.0360775885821692,0.0870990036527549,-0.9955461672694));
#1852=DIRECTION('',(1.,9.63851973316146E-18,0.));
#1853=DIRECTION('center_axis',(-0.704416026402769,-0.704416026402747,-0.0871557427476667));
#1854=DIRECTION('ref_axis',(-0.707106781186537,0.707106781186558,0.));
#1855=DIRECTION('',(0.707106781186537,-0.707106781186558,0.));
#1856=DIRECTION('',(0.0870990036527527,0.0360775885821698,-0.995546167269401));
#1857=DIRECTION('',(0.707106781186537,-0.707106781186558,0.));
#1858=DIRECTION('center_axis',(-0.996194698091746,0.,-0.087155742747655));
#1859=DIRECTION('ref_axis',(0.,1.,0.));
#1860=DIRECTION('',(0.,-1.,0.));
#1861=DIRECTION('',(0.0870990036527528,-0.0360775885821338,-0.995546167269402));
#1862=DIRECTION('',(0.,-1.,0.));
#1863=DIRECTION('center_axis',(-0.70441602640276,0.70441602640276,-0.0871557427476409));
#1864=DIRECTION('ref_axis',(0.707106781186548,0.707106781186548,0.));
#1865=DIRECTION('',(-0.707106781186548,-0.707106781186548,0.));
#1866=DIRECTION('',(0.0360775885821338,-0.0870990036527528,-0.995546167269402));
#1867=DIRECTION('',(-0.707106781186548,-0.707106781186548,0.));
#1868=DIRECTION('center_axis',(4.44522902813223E-16,0.996194698091746,-0.087155742747655));
#1869=DIRECTION('ref_axis',(1.,-4.46220908086266E-16,0.));
#1870=DIRECTION('',(-1.,4.46220908086266E-16,0.));
#1871=DIRECTION('',(0.0868265938642445,-0.0868265938642445,-0.992432509138968));
#1872=DIRECTION('',(-1.,4.46220908086266E-16,0.));
#1873=DIRECTION('center_axis',(-0.996194698091746,0.,-0.087155742747655));
#1874=DIRECTION('ref_axis',(0.,1.,0.));
#1875=DIRECTION('',(0.,-1.,0.));
#1876=DIRECTION('',(0.0868265938642445,0.0868265938642445,-0.992432509138968));
#1877=DIRECTION('',(0.,1.,0.));
#1878=DIRECTION('center_axis',(-4.40171894311702E-16,-0.996194698091746,
-0.0871557427476551));
#1879=DIRECTION('ref_axis',(-1.,4.41853279439121E-16,0.));
#1880=DIRECTION('',(1.,-4.41853279439121E-16,0.));
#1881=DIRECTION('',(-0.0360775885821515,0.0870990036527528,-0.995546167269401));
#1882=DIRECTION('',(1.,-4.4185327943912E-16,0.));
#1883=DIRECTION('center_axis',(0.704416026402756,-0.704416026402762,-0.0871557427476534));
#1884=DIRECTION('ref_axis',(-0.70710678118655,-0.707106781186545,0.));
#1885=DIRECTION('',(0.70710678118655,0.707106781186545,0.));
#1886=DIRECTION('',(-0.0870990036527527,0.0360775885821519,-0.995546167269401));
#1887=DIRECTION('',(0.70710678118655,0.707106781186545,0.));
#1888=DIRECTION('center_axis',(0.996194698091746,0.,-0.087155742747655));
#1889=DIRECTION('ref_axis',(0.,-1.,0.));
#1890=DIRECTION('',(0.,1.,0.));
#1891=DIRECTION('',(-0.0870990036527527,-0.0360775885821537,-0.995546167269401));
#1892=DIRECTION('',(0.,1.,0.));
#1893=DIRECTION('center_axis',(0.704416026402762,0.704416026402756,-0.087155742747655));
#1894=DIRECTION('ref_axis',(0.707106781186544,-0.707106781186551,0.));
#1895=DIRECTION('',(-0.707106781186544,0.707106781186551,0.));
#1896=DIRECTION('',(-0.036077588582152,-0.0870990036527549,-0.995546167269401));
#1897=DIRECTION('',(-0.707106781186544,0.707106781186551,0.));
#1898=DIRECTION('center_axis',(0.,0.996194698091746,-0.0871557427476572));
#1899=DIRECTION('ref_axis',(1.,0.,0.));
#1900=DIRECTION('',(-1.,0.,0.));
#1901=DIRECTION('',(0.0360775885821515,-0.0870990036527549,-0.995546167269401));
#1902=DIRECTION('',(-1.,0.,0.));
#1903=DIRECTION('center_axis',(-0.70441602640276,0.704416026402758,-0.0871557427476548));
#1904=DIRECTION('ref_axis',(0.707106781186547,0.707106781186548,0.));
#1905=DIRECTION('',(-0.707106781186547,-0.707106781186548,0.));
#1906=DIRECTION('',(0.0870990036527527,-0.0360775885821536,-0.995546167269401));
#1907=DIRECTION('',(-0.707106781186547,-0.707106781186548,0.));
#1908=DIRECTION('center_axis',(-0.996194698091746,0.,-0.087155742747655));
#1909=DIRECTION('ref_axis',(0.,1.,0.));
#1910=DIRECTION('',(0.,-1.,0.));
#1911=DIRECTION('',(0.0870990036527527,0.0360775885821515,-0.995546167269401));
#1912=DIRECTION('',(0.,-1.,0.));
#1913=DIRECTION('center_axis',(-0.70441602640276,-0.704416026402758,-0.0871557427476534));
#1914=DIRECTION('ref_axis',(-0.707106781186546,0.707106781186549,0.));
#1915=DIRECTION('',(0.707106781186546,-0.707106781186549,0.));
#1916=DIRECTION('',(0.707106781186546,-0.707106781186549,0.));
#1917=DIRECTION('center_axis',(0.,0.,-1.));
#1918=DIRECTION('ref_axis',(-1.,0.,0.));
#1919=DIRECTION('center_axis',(0.,0.,1.));
#1920=DIRECTION('ref_axis',(1.,0.,0.));
#1921=DIRECTION('',(-6.88382121330671E-29,-1.,0.));
#1922=DIRECTION('',(-1.,0.,0.));
#1923=DIRECTION('',(0.707106781186545,-0.70710678118655,0.));
#1924=DIRECTION('',(0.,1.,0.));
#1925=DIRECTION('',(-0.707106781186546,-0.707106781186548,0.));
#1926=DIRECTION('',(1.,0.,0.));
#1927=DIRECTION('',(-0.707106781186549,0.707106781186546,0.));
#1928=DIRECTION('',(0.,-1.,0.));
#1929=DIRECTION('',(0.707106781186548,0.707106781186548,0.));
#1930=DIRECTION('',(-1.,0.,0.));
#1931=DIRECTION('',(0.,1.,0.));
#1932=DIRECTION('center_axis',(1.,0.,0.));
#1933=DIRECTION('ref_axis',(0.,0.707106781186547,-0.707106781186547));
#1934=DIRECTION('center_axis',(-1.,0.,0.));
#1935=DIRECTION('ref_axis',(0.,0.707106781186547,-0.707106781186547));
#1936=DIRECTION('',(-1.,0.,0.));
#1937=DIRECTION('center_axis',(1.,0.,0.));
#1938=DIRECTION('ref_axis',(0.,0.707106781186547,-0.707106781186547));
#1939=DIRECTION('',(1.,0.,0.));
#1940=DIRECTION('center_axis',(-1.,0.,0.));
#1941=DIRECTION('ref_axis',(0.,1.,0.));
#1942=DIRECTION('',(0.,1.,0.));
#1943=DIRECTION('',(0.,0.,1.));
#1944=DIRECTION('',(0.,-1.,0.));
#1945=DIRECTION('',(0.,0.,-1.));
#1946=DIRECTION('',(0.,1.,0.));
#1947=DIRECTION('center_axis',(1.,0.,0.));
#1948=DIRECTION('ref_axis',(0.,-0.707106781186547,-0.707106781186548));
#1949=DIRECTION('',(0.,0.,-1.));
#1950=DIRECTION('',(0.,-1.,0.));
#1951=DIRECTION('',(0.,0.,-1.));
#1952=DIRECTION('center_axis',(0.,0.,-1.));
#1953=DIRECTION('ref_axis',(1.,0.,0.));
#1954=DIRECTION('',(0.,-1.,0.));
#1955=DIRECTION('',(1.,0.,0.));
#1956=DIRECTION('',(0.,1.,0.));
#1957=DIRECTION('center_axis',(-1.,0.,0.));
#1958=DIRECTION('ref_axis',(0.,-0.707106781186547,-0.707106781186548));
#1959=DIRECTION('center_axis',(-1.,0.,0.));
#1960=DIRECTION('ref_axis',(0.,-0.707106781186547,-0.707106781186548));
#1961=DIRECTION('',(-1.,0.,0.));
#1962=DIRECTION('center_axis',(-0.923076923076923,0.,-0.384615384615385));
#1963=DIRECTION('ref_axis',(-0.384615384615385,0.,0.923076923076923));
#1964=DIRECTION('',(-0.384615384615385,0.,0.923076923076923));
#1965=DIRECTION('',(-0.384615384615385,0.,0.923076923076923));
#1966=DIRECTION('',(0.,1.,0.));
#1967=DIRECTION('center_axis',(-0.173648177666934,0.,0.984807753012208));
#1968=DIRECTION('ref_axis',(0.984807753012208,0.,0.173648177666934));
#1969=DIRECTION('',(0.984807753012208,0.,0.173648177666934));
#1970=DIRECTION('',(0.,1.,0.));
#1971=DIRECTION('',(-0.984807753012207,0.,-0.173648177666934));
#1972=DIRECTION('center_axis',(-1.,0.,0.));
#1973=DIRECTION('ref_axis',(0.,0.,1.));
#1974=DIRECTION('',(0.,0.,1.));
#1975=DIRECTION('',(0.,0.,1.));
#1976=DIRECTION('center_axis',(0.,-1.,0.));
#1977=DIRECTION('ref_axis',(1.,0.,0.));
#1978=DIRECTION('center_axis',(0.,1.,0.));
#1979=DIRECTION('ref_axis',(0.,0.,-1.));
#1980=DIRECTION('center_axis',(1.,0.,0.));
#1981=DIRECTION('ref_axis',(0.,-1.,0.));
#1982=DIRECTION('',(0.,0.,-1.));
#1983=DIRECTION('',(0.,1.,0.));
#1984=DIRECTION('',(0.,0.,-1.));
#1985=DIRECTION('center_axis',(0.,1.,0.));
#1986=DIRECTION('ref_axis',(1.,0.,0.));
#1987=DIRECTION('',(-1.,0.,0.));
#1988=DIRECTION('center_axis',(0.,-1.,0.));
#1989=DIRECTION('ref_axis',(-1.,0.,0.));
#1990=DIRECTION('',(1.,0.,0.));
#1991=DIRECTION('center_axis',(1.,0.,0.));
#1992=DIRECTION('ref_axis',(0.,-0.707106781186548,-0.707106781186547));
#1993=DIRECTION('center_axis',(-1.,0.,0.));
#1994=DIRECTION('ref_axis',(0.,-0.707106781186548,-0.707106781186547));
#1995=DIRECTION('',(-1.,0.,0.));
#1996=DIRECTION('center_axis',(1.,0.,0.));
#1997=DIRECTION('ref_axis',(0.,-0.707106781186548,-0.707106781186547));
#1998=DIRECTION('',(1.,0.,0.));
#1999=DIRECTION('center_axis',(0.,1.,0.));
#2000=DIRECTION('ref_axis',(1.,0.,0.));
#2001=DIRECTION('',(0.,0.,-1.));
#2002=DIRECTION('',(1.,0.,0.));
#2003=DIRECTION('',(0.,0.,-1.));
#2004=DIRECTION('center_axis',(-1.,0.,0.));
#2005=DIRECTION('ref_axis',(0.,1.,0.));
#2006=DIRECTION('',(0.,1.,0.));
#2007=DIRECTION('center_axis',(-1.,0.,0.));
#2008=DIRECTION('ref_axis',(0.,0.707106781186548,-0.707106781186547));
#2009=DIRECTION('',(0.,0.,-1.));
#2010=DIRECTION('',(0.,1.,0.));
#2011=DIRECTION('center_axis',(-1.,0.,0.));
#2012=DIRECTION('ref_axis',(0.,0.707106781186548,-0.707106781186547));
#2013=DIRECTION('center_axis',(1.,0.,0.));
#2014=DIRECTION('ref_axis',(0.,0.707106781186548,-0.707106781186547));
#2015=DIRECTION('',(1.,0.,0.));
#2016=DIRECTION('',(-1.,0.,0.));
#2017=DIRECTION('center_axis',(0.,-1.,0.));
#2018=DIRECTION('ref_axis',(-1.,0.,0.));
#2019=DIRECTION('',(0.,0.,-1.));
#2020=DIRECTION('',(-1.,0.,0.));
#2021=DIRECTION('center_axis',(1.,0.,0.));
#2022=DIRECTION('ref_axis',(0.,-1.,0.));
#2023=DIRECTION('',(0.,-1.,0.));
#2024=DIRECTION('',(0.,-1.,0.));
#2025=DIRECTION('',(0.,0.,1.));
#2026=DIRECTION('',(0.,-1.,0.));
#2027=DIRECTION('',(0.,0.,-1.));
#2028=DIRECTION('',(0.,-1.,0.));
#2029=DIRECTION('center_axis',(0.923076923076923,0.,0.384615384615385));
#2030=DIRECTION('ref_axis',(-0.384615384615385,0.,0.923076923076923));
#2031=DIRECTION('',(-0.384615384615385,0.,0.923076923076923));
#2032=DIRECTION('',(0.,-1.,0.));
#2033=DIRECTION('',(-0.384615384615385,0.,0.923076923076923));
#2034=DIRECTION('',(0.,-1.,0.));
#2035=DIRECTION('center_axis',(0.173648177666934,0.,-0.984807753012208));
#2036=DIRECTION('ref_axis',(0.984807753012208,0.,0.173648177666934));
#2037=DIRECTION('',(0.984807753012208,0.,0.173648177666934));
#2038=DIRECTION('',(-0.984807753012207,0.,-0.173648177666934));
#2039=DIRECTION('',(0.,-1.,0.));
#2040=DIRECTION('center_axis',(1.,0.,0.));
#2041=DIRECTION('ref_axis',(0.,0.,1.));
#2042=DIRECTION('',(0.,0.,1.));
#2043=DIRECTION('',(0.,0.,1.));
#2044=DIRECTION('center_axis',(0.,-1.,0.));
#2045=DIRECTION('ref_axis',(1.,0.,0.));
#2046=DIRECTION('center_axis',(0.,1.,0.));
#2047=DIRECTION('ref_axis',(0.,0.,-1.));
#2048=DIRECTION('center_axis',(0.,0.,1.));
#2049=DIRECTION('ref_axis',(1.,0.,0.));
#2050=DIRECTION('center_axis',(-1.,0.,0.));
#2051=DIRECTION('ref_axis',(0.,0.707106781186547,-0.707106781186548));
#2052=DIRECTION('center_axis',(1.,0.,0.));
#2053=DIRECTION('ref_axis',(0.,0.707106781186547,-0.707106781186548));
#2054=DIRECTION('',(1.,0.,0.));
#2055=DIRECTION('center_axis',(-1.,0.,0.));
#2056=DIRECTION('ref_axis',(0.,0.707106781186547,-0.707106781186548));
#2057=DIRECTION('',(-1.,0.,0.));
#2058=DIRECTION('center_axis',(0.,-1.,0.));
#2059=DIRECTION('ref_axis',(-1.,0.,0.));
#2060=DIRECTION('',(0.,0.,-1.));
#2061=DIRECTION('',(-1.,0.,0.));
#2062=DIRECTION('',(0.,0.,-1.));
#2063=DIRECTION('center_axis',(1.,0.,0.));
#2064=DIRECTION('ref_axis',(0.,-1.,0.));
#2065=DIRECTION('',(0.,-1.,0.));
#2066=DIRECTION('center_axis',(1.,0.,0.));
#2067=DIRECTION('ref_axis',(0.,-0.707106781186546,-0.707106781186549));
#2068=DIRECTION('',(0.,0.,-1.));
#2069=DIRECTION('',(0.,-1.,0.));
#2070=DIRECTION('center_axis',(1.,0.,0.));
#2071=DIRECTION('ref_axis',(0.,-0.707106781186546,-0.707106781186549));
#2072=DIRECTION('center_axis',(-1.,0.,0.));
#2073=DIRECTION('ref_axis',(0.,-0.707106781186546,-0.707106781186549));
#2074=DIRECTION('',(-1.,0.,0.));
#2075=DIRECTION('',(1.,0.,0.));
#2076=DIRECTION('center_axis',(0.,1.,0.));
#2077=DIRECTION('ref_axis',(1.,0.,0.));
#2078=DIRECTION('',(0.,0.,-1.));
#2079=DIRECTION('',(1.,0.,0.));
#2080=DIRECTION('center_axis',(-1.,0.,0.));
#2081=DIRECTION('ref_axis',(0.,1.,0.));
#2082=DIRECTION('',(0.,1.,0.));
#2083=DIRECTION('',(0.,1.,0.));
#2084=DIRECTION('',(0.,0.,1.));
#2085=DIRECTION('',(0.,1.,0.));
#2086=DIRECTION('',(0.,0.,-1.));
#2087=DIRECTION('',(0.,1.,0.));
#2088=DIRECTION('center_axis',(-0.923076923076923,0.,0.384615384615385));
#2089=DIRECTION('ref_axis',(0.384615384615385,0.,0.923076923076923));
#2090=DIRECTION('',(0.384615384615385,0.,0.923076923076923));
#2091=DIRECTION('',(0.,1.,0.));
#2092=DIRECTION('',(0.384615384615385,0.,0.923076923076923));
#2093=DIRECTION('',(0.,1.,0.));
#2094=DIRECTION('center_axis',(-0.173648177666934,0.,-0.984807753012208));
#2095=DIRECTION('ref_axis',(-0.984807753012208,0.,0.173648177666934));
#2096=DIRECTION('',(-0.984807753012208,0.,0.173648177666934));
#2097=DIRECTION('',(0.984807753012207,0.,-0.173648177666934));
#2098=DIRECTION('',(0.,1.,0.));
#2099=DIRECTION('center_axis',(-1.,0.,0.));
#2100=DIRECTION('ref_axis',(0.,0.,1.));
#2101=DIRECTION('',(0.,0.,1.));
#2102=DIRECTION('',(0.,0.,1.));
#2103=DIRECTION('center_axis',(0.,1.,0.));
#2104=DIRECTION('ref_axis',(-1.,0.,0.));
#2105=DIRECTION('center_axis',(0.,-1.,0.));
#2106=DIRECTION('ref_axis',(0.,0.,-1.));
#2107=DIRECTION('center_axis',(0.,0.,1.));
#2108=DIRECTION('ref_axis',(-1.,0.,0.));
#2109=DIRECTION('center_axis',(-1.,0.,0.));
#2110=DIRECTION('ref_axis',(0.,-0.707106781186549,-0.707106781186546));
#2111=DIRECTION('center_axis',(1.,0.,0.));
#2112=DIRECTION('ref_axis',(0.,-0.707106781186549,-0.707106781186546));
#2113=DIRECTION('',(1.,0.,0.));
#2114=DIRECTION('center_axis',(-1.,0.,0.));
#2115=DIRECTION('ref_axis',(0.,-0.707106781186549,-0.707106781186546));
#2116=DIRECTION('',(-1.,0.,0.));
#2117=DIRECTION('center_axis',(1.,0.,0.));
#2118=DIRECTION('ref_axis',(0.,-1.,0.));
#2119=DIRECTION('',(0.,-1.,0.));
#2120=DIRECTION('',(0.,0.,1.));
#2121=DIRECTION('',(0.,1.,0.));
#2122=DIRECTION('',(0.,0.,-1.));
#2123=DIRECTION('',(0.,-1.,0.));
#2124=DIRECTION('center_axis',(-1.,0.,0.));
#2125=DIRECTION('ref_axis',(0.,0.707106781186549,-0.707106781186546));
#2126=DIRECTION('',(0.,0.,-1.));
#2127=DIRECTION('',(0.,1.,0.));
#2128=DIRECTION('',(0.,0.,-1.));
#2129=DIRECTION('center_axis',(0.,0.,-1.));
#2130=DIRECTION('ref_axis',(-1.,0.,0.));
#2131=DIRECTION('',(0.,1.,0.));
#2132=DIRECTION('',(-1.,0.,0.));
#2133=DIRECTION('',(0.,-1.,0.));
#2134=DIRECTION('center_axis',(1.,0.,0.));
#2135=DIRECTION('ref_axis',(0.,0.707106781186549,-0.707106781186546));
#2136=DIRECTION('center_axis',(1.,0.,0.));
#2137=DIRECTION('ref_axis',(0.,0.707106781186549,-0.707106781186546));
#2138=DIRECTION('',(1.,0.,0.));
#2139=DIRECTION('center_axis',(0.923076923076923,0.,-0.384615384615385));
#2140=DIRECTION('ref_axis',(0.384615384615385,0.,0.923076923076923));
#2141=DIRECTION('',(0.384615384615385,0.,0.923076923076923));
#2142=DIRECTION('',(0.384615384615385,0.,0.923076923076923));
#2143=DIRECTION('',(0.,-1.,0.));
#2144=DIRECTION('center_axis',(0.173648177666934,0.,0.984807753012208));
#2145=DIRECTION('ref_axis',(-0.984807753012208,0.,0.173648177666934));
#2146=DIRECTION('',(-0.984807753012208,0.,0.173648177666934));
#2147=DIRECTION('',(0.,-1.,0.));
#2148=DIRECTION('',(0.984807753012207,0.,-0.173648177666934));
#2149=DIRECTION('center_axis',(1.,0.,0.));
#2150=DIRECTION('ref_axis',(0.,0.,1.));
#2151=DIRECTION('',(0.,0.,1.));
#2152=DIRECTION('',(0.,0.,1.));
#2153=DIRECTION('center_axis',(0.,1.,0.));
#2154=DIRECTION('ref_axis',(-1.,0.,0.));
#2155=DIRECTION('center_axis',(0.,-1.,0.));
#2156=DIRECTION('ref_axis',(0.,0.,-1.));
#2157=DIRECTION('center_axis',(-1.,0.,0.));
#2158=DIRECTION('ref_axis',(0.,1.,0.));
#2159=DIRECTION('',(0.,0.,-1.));
#2160=DIRECTION('',(0.,-1.,0.));
#2161=DIRECTION('',(0.,0.,-1.));
#2162=DIRECTION('center_axis',(0.,-1.,0.));
#2163=DIRECTION('ref_axis',(-1.,0.,0.));
#2164=DIRECTION('',(1.,0.,0.));
#2165=DIRECTION('center_axis',(0.,1.,0.));
#2166=DIRECTION('ref_axis',(1.,0.,0.));
#2167=DIRECTION('',(-1.,0.,0.));
#2168=DIRECTION('center_axis',(0.,1.,0.));
#2169=DIRECTION('ref_axis',(1.,0.,0.));
#2170=DIRECTION('',(1.,0.,0.));
#2171=DIRECTION('',(-1.45321756177187E-15,0.,-1.));
#2172=DIRECTION('',(-1.,0.,0.));
#2173=DIRECTION('',(-1.45321756177187E-15,0.,-1.));
#2174=DIRECTION('center_axis',(-1.,6.88382121330671E-29,1.45321756177187E-15));
#2175=DIRECTION('ref_axis',(0.,1.,-4.73695157173399E-14));
#2176=DIRECTION('',(6.88382121330671E-29,1.,0.));
#2177=DIRECTION('',(-1.45321756177187E-15,0.,-1.));
#2178=DIRECTION('',(-6.88382121330671E-29,-1.,0.));
#2179=DIRECTION('center_axis',(1.,0.,-1.45321756177187E-15));
#2180=DIRECTION('ref_axis',(0.,-1.,0.));
#2181=DIRECTION('',(0.,-1.,0.));
#2182=DIRECTION('',(0.,1.,0.));
#2183=DIRECTION('',(-1.45321756177187E-15,0.,-1.));
#2184=DIRECTION('center_axis',(0.,0.,1.));
#2185=DIRECTION('ref_axis',(1.,0.,0.));
#2186=DIRECTION('',(-1.,0.,0.));
#2187=DIRECTION('center_axis',(0.577350269189625,0.577350269189627,0.577350269189626));
#2188=DIRECTION('ref_axis',(0.707106781186548,0.,-0.707106781186547));
#2189=DIRECTION('',(-0.707106781186548,0.,0.707106781186547));
#2190=DIRECTION('',(0.707106781186549,-0.707106781186546,0.));
#2191=DIRECTION('',(0.,0.707106781186547,-0.707106781186548));
#2192=DIRECTION('center_axis',(0.707106781186546,0.707106781186549,0.));
#2193=DIRECTION('ref_axis',(0.,0.,-1.));
#2194=DIRECTION('',(0.,0.,1.));
#2195=DIRECTION('',(0.,0.,-1.));
#2196=DIRECTION('center_axis',(-0.577350269189626,0.577350269189624,0.577350269189627));
#2197=DIRECTION('ref_axis',(0.707106781186548,0.,0.707106781186547));
#2198=DIRECTION('',(8.37382644631347E-15,-0.707106781186547,0.707106781186548));
#2199=DIRECTION('',(0.707106781186547,0.707106781186549,0.));
#2200=DIRECTION('',(-0.707106781186548,0.,-0.707106781186547));
#2201=DIRECTION('center_axis',(-0.707106781186549,0.707106781186547,0.));
#2202=DIRECTION('ref_axis',(0.,0.,1.));
#2203=DIRECTION('',(0.,0.,1.));
#2204=DIRECTION('',(0.,0.,-1.));
#2205=DIRECTION('center_axis',(0.577350269189626,-0.577350269189626,0.577350269189626));
#2206=DIRECTION('ref_axis',(0.707106781186548,0.,-0.707106781186547));
#2207=DIRECTION('',(0.,0.707106781186548,0.707106781186547));
#2208=DIRECTION('',(-0.707106781186548,-0.707106781186548,0.));
#2209=DIRECTION('',(0.707106781186548,0.,-0.707106781186547));
#2210=DIRECTION('center_axis',(0.707106781186548,-0.707106781186548,0.));
#2211=DIRECTION('ref_axis',(0.,0.,-1.));
#2212=DIRECTION('',(0.,0.,1.));
#2213=DIRECTION('',(0.,0.,-1.));
#2214=DIRECTION('center_axis',(0.707106781186547,0.,0.707106781186548));
#2215=DIRECTION('ref_axis',(0.707106781186548,0.,-0.707106781186547));
#2216=DIRECTION('',(0.,-1.,0.));
#2217=DIRECTION('',(0.,1.,0.));
#2218=DIRECTION('center_axis',(-0.577350269189627,-0.577350269189623,0.577350269189628));
#2219=DIRECTION('ref_axis',(0.707106781186548,0.,0.707106781186547));
#2220=DIRECTION('',(0.707106781186548,0.,0.707106781186547));
#2221=DIRECTION('',(-0.707106781186545,0.70710678118655,0.));
#2222=DIRECTION('',(-4.18691322315673E-15,-0.707106781186548,-0.707106781186547));
#2223=DIRECTION('center_axis',(-0.70710678118655,-0.707106781186545,0.));
#2224=DIRECTION('ref_axis',(0.,0.,1.));
#2225=DIRECTION('',(0.,0.,1.));
#2226=DIRECTION('',(0.,0.,-1.));
#2227=DIRECTION('center_axis',(0.,-0.707106781186547,0.707106781186548));
#2228=DIRECTION('ref_axis',(1.,0.,0.));
#2229=DIRECTION('',(-1.,0.,0.));
#2230=DIRECTION('',(1.,0.,0.));
#2231=DIRECTION('center_axis',(-0.707106781186547,0.,0.707106781186548));
#2232=DIRECTION('ref_axis',(0.707106781186548,0.,0.707106781186547));
#2233=DIRECTION('',(0.,1.,0.));
#2234=DIRECTION('',(0.,-1.,0.));
#2235=DIRECTION('center_axis',(0.,0.707106781186548,0.707106781186547));
#2236=DIRECTION('ref_axis',(1.,0.,0.));
#2237=DIRECTION('',(1.,0.,0.));
#2238=DIRECTION('',(-1.,0.,0.));
#2239=DIRECTION('center_axis',(1.,0.,0.));
#2240=DIRECTION('ref_axis',(0.,1.,0.));
#2241=DIRECTION('center_axis',(0.,-1.,0.));
#2242=DIRECTION('ref_axis',(1.,0.,0.));
#2243=DIRECTION('center_axis',(0.,0.,1.));
#2244=DIRECTION('ref_axis',(1.,0.,0.));
#2245=DIRECTION('center_axis',(0.,0.,1.));
#2246=DIRECTION('ref_axis',(1.,0.,0.));
#2247=DIRECTION('center_axis',(-1.,0.,0.));
#2248=DIRECTION('ref_axis',(0.,-1.,0.));
#2249=DIRECTION('center_axis',(0.,1.,0.));
#2250=DIRECTION('ref_axis',(-1.,0.,0.));
#2251=CARTESIAN_POINT('',(0.,0.,0.));
#2252=CARTESIAN_POINT('Origin',(-73.9564905423382,-129.1755524511,25.));
#2253=CARTESIAN_POINT('',(-73.9202515513519,-129.088063787574,24.));
#2254=CARTESIAN_POINT('',(-54.8575674036829,-129.088063787574,24.));
#2255=CARTESIAN_POINT('',(-54.770078740157,-129.088063787574,24.));
#2256=CARTESIAN_POINT('',(-54.770078740157,-129.1755524511,25.));
#2257=CARTESIAN_POINT('',(-54.842400551474,-129.103230639783,24.1733579140164));
#2258=CARTESIAN_POINT('',(-73.9564905423382,-129.1755524511,25.));
#2259=CARTESIAN_POINT('',(-16.1667136481066,-129.1755524511,25.));
#2260=CARTESIAN_POINT('',(-73.9542955419906,-129.170253251491,24.9394298713109));
#2261=CARTESIAN_POINT('Origin',(-54.770078740157,-129.1755524511,25.));
#2262=CARTESIAN_POINT('',(-54.8575674036829,-128.313041114626,24.));
#2263=CARTESIAN_POINT('',(-54.8575674036829,-129.1755524511,24.));
#2264=CARTESIAN_POINT('',(-54.770078740157,-128.2255524511,25.));
#2265=CARTESIAN_POINT('',(-54.773659697423,-128.229133408366,24.9590694711559));
#2266=CARTESIAN_POINT('',(-54.770078740157,-100.308864617725,25.));
#2267=CARTESIAN_POINT('Origin',(-54.770078740157,-128.2255524511,25.));
#2268=CARTESIAN_POINT('',(-73.5992266490701,-128.313041114626,24.));
#2269=CARTESIAN_POINT('',(-54.770078740157,-128.313041114626,24.));
#2270=CARTESIAN_POINT('',(-73.5629876580838,-128.2255524511,25.));
#2271=CARTESIAN_POINT('',(-73.5507573043928,-128.196025765346,25.3374915624897));
#2272=CARTESIAN_POINT('',(-6.57350774701601,-128.2255524511,25.));
#2273=CARTESIAN_POINT('Origin',(-73.5629876580838,-128.2255524511,25.));
#2274=CARTESIAN_POINT('',(-75.4789034463559,-126.43336431734,24.));
#2275=CARTESIAN_POINT('',(-73.6248514853399,-128.287416278356,24.));
#2276=CARTESIAN_POINT('',(-75.39141478283,-126.397125326354,25.));
#2277=CARTESIAN_POINT('',(-75.3873520959994,-126.395442506369,25.0464367229635));
#2278=CARTESIAN_POINT('',(-59.2248188487191,-142.563721260465,25.));
#2279=CARTESIAN_POINT('Origin',(-75.39141478283,-126.397125326354,25.));
#2280=CARTESIAN_POINT('',(-75.4789034463559,-14.3509892513599,24.));
#2281=CARTESIAN_POINT('',(-75.4789034463559,-126.397125326354,24.));
#2282=CARTESIAN_POINT('',(-75.39141478283,-14.3872282423462,25.));
#2283=CARTESIAN_POINT('',(-75.2154291998143,-14.4601238576134,27.0115244184011));
#2284=CARTESIAN_POINT('',(-75.39141478283,-98.3946510553519,25.));
#2285=CARTESIAN_POINT('Origin',(-75.39141478283,-14.3872282423462,25.));
#2286=CARTESIAN_POINT('',(-73.5992266490701,-12.4713124540741,24.));
#2287=CARTESIAN_POINT('',(-75.4532786100861,-14.3253644150901,24.));
#2288=CARTESIAN_POINT('',(-73.5629876580838,-12.5588011176,25.));
#2289=CARTESIAN_POINT('',(-73.5613048380989,-12.5628638044306,25.0464367229635));
#2290=CARTESIAN_POINT('',(-60.1390324110925,0.865154129391453,25.));
#2291=CARTESIAN_POINT('Origin',(-73.5629876580838,-12.5588011176,25.));
#2292=CARTESIAN_POINT('',(156.84535314132,-12.4713124540741,24.));
#2293=CARTESIAN_POINT('',(-73.5629876580838,-12.4713124540741,24.));
#2294=CARTESIAN_POINT('',(156.809114150334,-12.5588011176,25.));
#2295=CARTESIAN_POINT('',(156.659188862132,-12.9207527817187,29.1371264519482));
#2296=CARTESIAN_POINT('',(-15.9699622059794,-12.5588011176,25.));
#2297=CARTESIAN_POINT('Origin',(156.809114150334,-12.5588011176,25.));
#2298=CARTESIAN_POINT('',(158.725029938606,-14.3509892513598,24.));
#2299=CARTESIAN_POINT('',(156.87097797759,-12.4969372903439,24.));
#2300=CARTESIAN_POINT('',(158.63754127508,-14.3872282423462,25.));
#2301=CARTESIAN_POINT('',(158.633478588249,-14.3889110623311,25.0464367229635));
#2302=CARTESIAN_POINT('',(142.47094534097,1.77936769176426,25.));
#2303=CARTESIAN_POINT('Origin',(158.63754127508,-14.3872282423462,25.));
#2304=CARTESIAN_POINT('',(158.725029938606,-126.43336431734,24.));
#2305=CARTESIAN_POINT('',(158.725029938606,-14.3872282423462,24.));
#2306=CARTESIAN_POINT('',(158.63754127508,-126.397125326354,25.));
#2307=CARTESIAN_POINT('',(158.461555692064,-126.324229711087,27.0115244184001));
#2308=CARTESIAN_POINT('',(158.63754127508,-42.3897025133481,25.));
#2309=CARTESIAN_POINT('Origin',(158.63754127508,-126.397125326354,25.));
#2310=CARTESIAN_POINT('',(156.84535314132,-128.313041114626,24.));
#2311=CARTESIAN_POINT('',(158.699405102336,-126.45898915361,24.));
#2312=CARTESIAN_POINT('',(156.809114150334,-128.2255524511,25.));
#2313=CARTESIAN_POINT('',(156.807431330349,-128.221489764269,25.0464367229635));
#2314=CARTESIAN_POINT('',(143.385158903342,-141.649507698092,25.));
#2315=CARTESIAN_POINT('Origin',(156.809114150334,-128.2255524511,25.));
#2316=CARTESIAN_POINT('',(117.087691863931,-128.313041114626,24.));
#2317=CARTESIAN_POINT('',(156.809114150334,-128.313041114626,24.));
#2318=CARTESIAN_POINT('',(117.000203200405,-128.2255524511,25.));
#2319=CARTESIAN_POINT('',(117.150260051897,-128.375609302592,23.284842339064));
#2320=CARTESIAN_POINT('',(99.2160886982293,-128.2255524511,25.));
#2321=CARTESIAN_POINT('Origin',(117.000203200405,-128.2255524511,25.));
#2322=CARTESIAN_POINT('',(117.087691863931,-129.088063787574,24.));
#2323=CARTESIAN_POINT('',(117.087691863931,-128.2255524511,24.));
#2324=CARTESIAN_POINT('',(117.000203200405,-129.1755524511,25.));
#2325=CARTESIAN_POINT('',(117.003784157671,-129.171971493834,24.9590694711559));
#2326=CARTESIAN_POINT('',(117.000203200405,-98.808864617725,25.));
#2327=CARTESIAN_POINT('Origin',(117.000203200405,-129.1755524511,25.));
#2328=CARTESIAN_POINT('',(157.166378043602,-129.088063787574,24.));
#2329=CARTESIAN_POINT('',(157.202617034588,-129.088063787574,24.));
#2330=CARTESIAN_POINT('',(157.202617034588,-129.1755524511,25.));
#2331=CARTESIAN_POINT('',(157.176453456476,-129.112387985982,24.278026860024));
#2332=CARTESIAN_POINT('',(79.311633223265,-129.1755524511,25.));
#2333=CARTESIAN_POINT('Origin',(157.202617034588,-129.1755524511,25.));
#2334=CARTESIAN_POINT('',(159.500052611554,-126.754389219622,24.));
#2335=CARTESIAN_POINT('',(159.525677447824,-126.728764383352,24.));
#2336=CARTESIAN_POINT('',(159.58754127508,-126.790628210608,25.));
#2337=CARTESIAN_POINT('',(159.582242075471,-126.788433210261,24.9394298713109));
#2338=CARTESIAN_POINT('',(143.00357250416,-143.374596981528,25.));
#2339=CARTESIAN_POINT('Origin',(159.58754127508,-126.790628210608,25.));
#2340=CARTESIAN_POINT('',(159.500052611554,-14.0299643490781,24.));
#2341=CARTESIAN_POINT('',(159.500052611554,-13.9937253580917,24.));
#2342=CARTESIAN_POINT('',(159.58754127508,-13.9937253580917,25.));
#2343=CARTESIAN_POINT('',(159.410319179286,-14.0671331537217,22.9743421758731));
#2344=CARTESIAN_POINT('',(159.58754127508,-98.5914024974792,25.));
#2345=CARTESIAN_POINT('Origin',(159.58754127508,-13.9937253580917,25.));
#2346=CARTESIAN_POINT('',(157.166378043602,-11.6962897811259,24.));
#2347=CARTESIAN_POINT('',(157.140753207332,-11.6706649448561,24.));
#2348=CARTESIAN_POINT('',(157.202617034588,-11.6088011176,25.));
#2349=CARTESIAN_POINT('',(157.200422034241,-11.6141003172086,24.9394298713109));
#2350=CARTESIAN_POINT('',(144.196034624406,1.39778129258229,25.));
#2351=CARTESIAN_POINT('Origin',(157.202617034588,-11.6088011176,25.));
#2352=CARTESIAN_POINT('',(-73.9202515513519,-11.6962897811259,24.));
#2353=CARTESIAN_POINT('',(-73.9564905423382,-11.6962897811259,24.));
#2354=CARTESIAN_POINT('',(-73.9564905423382,-11.6088011176,25.));
#2355=CARTESIAN_POINT('',(-73.8060530737742,-11.9719892944965,20.8487401423282));
#2356=CARTESIAN_POINT('',(99.4128401403566,-11.6088011176,25.));
#2357=CARTESIAN_POINT('Origin',(-73.9564905423382,-11.6088011176,25.));
#2358=CARTESIAN_POINT('',(-76.2539261193041,-14.0299643490781,24.));
#2359=CARTESIAN_POINT('',(-76.2795509555738,-14.0555891853479,24.));
#2360=CARTESIAN_POINT('',(-76.34141478283,-13.9937253580917,25.));
#2361=CARTESIAN_POINT('',(-76.3361155832214,-13.9959203584394,24.9394298713109));
#2362=CARTESIAN_POINT('',(-59.75744601191,2.59024341282828,25.));
#2363=CARTESIAN_POINT('Origin',(-76.34141478283,-13.9937253580917,25.));
#2364=CARTESIAN_POINT('',(-76.2539261193041,-126.754389219622,24.));
#2365=CARTESIAN_POINT('',(-76.2539261193041,-126.790628210608,24.));
#2366=CARTESIAN_POINT('',(-76.34141478283,-126.790628210608,25.));
#2367=CARTESIAN_POINT('',(-76.1641926870363,-126.717220414978,22.9743421758733));
#2368=CARTESIAN_POINT('',(-76.34141478283,-42.1929510712209,25.));
#2369=CARTESIAN_POINT('Origin',(-76.34141478283,-126.790628210608,25.));
#2370=CARTESIAN_POINT('',(-73.8946267150821,-129.113688623844,24.));
#2371=CARTESIAN_POINT('',(-60.9499081321559,-142.182134861282,25.));
#2372=CARTESIAN_POINT('Origin',(41.623063246125,-70.39217678435,24.));
#2373=CARTESIAN_POINT('Origin',(41.623063246125,-70.39217678435,25.));
#2374=CARTESIAN_POINT('',(-54.770078740157,-130.2255524511,25.));
#2375=CARTESIAN_POINT('',(-54.770078740157,-100.308864617725,25.));
#2376=CARTESIAN_POINT('',(-74.39141478283,-130.2255524511,25.));
#2377=CARTESIAN_POINT('',(160.63754127508,-130.2255524511,25.));
#2378=CARTESIAN_POINT('',(-77.39141478283,-127.2255524511,25.));
#2379=CARTESIAN_POINT('',(-61.0961391922789,-143.520828041651,25.));
#2380=CARTESIAN_POINT('',(-77.39141478283,-13.5588011176,25.));
#2381=CARTESIAN_POINT('',(-77.39141478283,-130.2255524511,25.));
#2382=CARTESIAN_POINT('',(-74.39141478283,-10.5588011176,25.));
#2383=CARTESIAN_POINT('',(-61.0961391922788,2.7364744729512,25.));
#2384=CARTESIAN_POINT('',(157.63754127508,-10.5588011176,25.));
#2385=CARTESIAN_POINT('',(-77.39141478283,-10.5588011176,25.));
#2386=CARTESIAN_POINT('',(160.63754127508,-13.5588011176,25.));
#2387=CARTESIAN_POINT('',(144.342265684529,2.73647447295128,25.));
#2388=CARTESIAN_POINT('',(160.63754127508,-127.2255524511,25.));
#2389=CARTESIAN_POINT('',(160.63754127508,-10.5588011176,25.));
#2390=CARTESIAN_POINT('',(157.63754127508,-130.2255524511,25.));
#2391=CARTESIAN_POINT('',(144.342265684529,-143.520828041651,25.));
#2392=CARTESIAN_POINT('',(117.000203200405,-130.2255524511,24.9999999999999));
#2393=CARTESIAN_POINT('',(160.63754127508,-130.2255524511,25.));
#2394=CARTESIAN_POINT('',(117.000203200405,-98.808864617725,25.));
#2395=CARTESIAN_POINT('Origin',(-73.6414147828299,-23.5588011176,3.));
#2396=CARTESIAN_POINT('',(-71.3914147828299,-20.5588011176,3.));
#2397=CARTESIAN_POINT('',(-71.3914147828299,-23.5588011176,0.));
#2398=CARTESIAN_POINT('Origin',(-71.3914147828299,-23.5588011176,3.));
#2399=CARTESIAN_POINT('',(-74.3914147828299,-23.5588011176,0.));
#2400=CARTESIAN_POINT('',(-73.6414147828299,-23.5588011176,0.));
#2401=CARTESIAN_POINT('',(-74.3914147828299,-20.5588011176,3.));
#2402=CARTESIAN_POINT('Origin',(-74.3914147828299,-23.5588011176,3.));
#2403=CARTESIAN_POINT('',(-73.6414147828299,-20.5588011176,3.));
#2404=CARTESIAN_POINT('Origin',(-74.3914147828299,-41.5588011176,25.));
#2405=CARTESIAN_POINT('',(-74.3914147828299,-23.6588011176,0.));
#2406=CARTESIAN_POINT('',(-74.3914147828299,-20.5588011176,0.));
#2407=CARTESIAN_POINT('',(-74.3914147828299,-23.6588011176,6.));
#2408=CARTESIAN_POINT('',(-74.3914147828299,-23.6588011176,14.));
#2409=CARTESIAN_POINT('',(-74.3914147828299,-38.4588011176,6.));
#2410=CARTESIAN_POINT('',(-74.3914147828299,-40.0088011176,6.));
#2411=CARTESIAN_POINT('',(-74.3914147828299,-38.4588011176,0.));
#2412=CARTESIAN_POINT('',(-74.3914147828299,-38.4588011176,14.));
#2413=CARTESIAN_POINT('',(-74.3914147828299,-38.5588011176,0.));
#2414=CARTESIAN_POINT('',(-74.3914147828299,-20.5588011176,0.));
#2415=CARTESIAN_POINT('',(-74.3914147828299,-41.5588011176,3.));
#2416=CARTESIAN_POINT('Origin',(-74.3914147828299,-38.5588011176,3.));
#2417=CARTESIAN_POINT('',(-74.3914147828299,-41.5588011176,25.));
#2418=CARTESIAN_POINT('',(-74.3914147828299,-41.5588011176,25.));
#2419=CARTESIAN_POINT('',(-74.3914147828299,-20.5588011176,25.));
#2420=CARTESIAN_POINT('',(-74.3914147828299,-55.975488950975,25.));
#2421=CARTESIAN_POINT('',(-74.3914147828299,-20.5588011176,25.));
#2422=CARTESIAN_POINT('Origin',(-72.8914147828299,-31.0588011176,0.));
#2423=CARTESIAN_POINT('',(-71.3914147828299,-38.5588011176,0.));
#2424=CARTESIAN_POINT('',(-71.3914147828299,-41.5588011176,0.));
#2425=CARTESIAN_POINT('',(-72.1414147828299,-38.5588011176,0.));
#2426=CARTESIAN_POINT('',(-74.3914147828299,-20.5588011176,0.));
#2427=CARTESIAN_POINT('Origin',(-72.1414147828299,-38.5588011176,3.));
#2428=CARTESIAN_POINT('',(-71.3914147828299,-41.5588011176,3.));
#2429=CARTESIAN_POINT('Origin',(-71.3914147828299,-38.5588011176,3.));
#2430=CARTESIAN_POINT('',(-72.1414147828299,-41.5588011176,3.));
#2431=CARTESIAN_POINT('Origin',(-74.3914147828299,-38.4588011176,0.));
#2432=CARTESIAN_POINT('',(-76.3914147828299,-23.6588011176,4.79999999999995));
#2433=CARTESIAN_POINT('',(-74.9979236585696,-23.6588011176,1.45562130177515));
#2434=CARTESIAN_POINT('',(-76.3914147828299,-38.4588011176,4.79999999999995));
#2435=CARTESIAN_POINT('',(-74.3914147828299,-38.4588011176,0.));
#2436=CARTESIAN_POINT('',(-76.3914147828299,-38.4588011176,4.79999999999995));
#2437=CARTESIAN_POINT('Origin',(-76.3914147828299,-38.4588011176,5.64734603858306));
#2438=CARTESIAN_POINT('',(-76.3914147828299,-23.6588011176,5.64734603858306));
#2439=CARTESIAN_POINT('',(-76.1328530455207,-23.6588011176,5.69293744904954));
#2440=CARTESIAN_POINT('',(-76.3914147828299,-38.4588011176,5.64734603858306));
#2441=CARTESIAN_POINT('',(-76.3914147828299,-38.4588011176,5.64734603858306));
#2442=CARTESIAN_POINT('',(-74.3914147828299,-38.4588011176,6.));
#2443=CARTESIAN_POINT('Origin',(-76.3914147828299,-38.4588011176,4.79999999999995));
#2444=CARTESIAN_POINT('',(-76.3914147828299,-23.6588011176,3.89999999999998));
#2445=CARTESIAN_POINT('',(-76.3914147828299,-38.4588011176,4.79999999999995));
#2446=CARTESIAN_POINT('Origin',(-75.3914147828299,-38.4588011176,3.));
#2447=CARTESIAN_POINT('Origin',(-75.3914147828299,-23.6588011176,3.));
#2448=CARTESIAN_POINT('Origin',(-71.3914147828299,-20.5588011176,25.));
#2449=CARTESIAN_POINT('',(-71.3914147828299,-20.5588011176,25.));
#2450=CARTESIAN_POINT('',(-71.3914147828299,-20.5588011176,25.));
#2451=CARTESIAN_POINT('',(-71.3914147828299,-41.5588011176,25.));
#2452=CARTESIAN_POINT('',(-71.3914147828299,-45.475488950975,25.));
#2453=CARTESIAN_POINT('',(-71.3914147828299,-41.5588011176,25.));
#2454=CARTESIAN_POINT('Origin',(-74.3914147828299,-20.5588011176,25.));
#2455=CARTESIAN_POINT('',(-16.3841757683525,-20.5588011176,25.));
#2456=CARTESIAN_POINT('Origin',(-71.3914147828299,-41.5588011176,25.));
#2457=CARTESIAN_POINT('',(-14.8841757683525,-41.5588011176,25.));
#2458=CARTESIAN_POINT('Origin',(-73.6414147828299,-117.2255524511,3.));
#2459=CARTESIAN_POINT('',(-71.3914147828299,-117.2255524511,0.));
#2460=CARTESIAN_POINT('',(-71.3914147828299,-120.2255524511,3.));
#2461=CARTESIAN_POINT('Origin',(-71.3914147828299,-117.2255524511,3.));
#2462=CARTESIAN_POINT('',(-74.3914147828299,-120.2255524511,3.));
#2463=CARTESIAN_POINT('',(-73.6414147828299,-120.2255524511,3.));
#2464=CARTESIAN_POINT('',(-74.3914147828299,-117.2255524511,0.));
#2465=CARTESIAN_POINT('Origin',(-74.3914147828299,-117.2255524511,3.));
#2466=CARTESIAN_POINT('',(-73.6414147828299,-117.2255524511,0.));
#2467=CARTESIAN_POINT('Origin',(-74.3914147828299,-120.2255524511,25.));
#2468=CARTESIAN_POINT('',(-71.3914147828299,-120.2255524511,25.));
#2469=CARTESIAN_POINT('',(-71.3914147828299,-120.2255524511,25.));
#2470=CARTESIAN_POINT('',(-74.3914147828299,-120.2255524511,25.));
#2471=CARTESIAN_POINT('',(-16.3841757683525,-120.2255524511,25.));
#2472=CARTESIAN_POINT('',(-74.3914147828299,-120.2255524511,25.));
#2473=CARTESIAN_POINT('Origin',(-71.3914147828299,-120.2255524511,25.));
#2474=CARTESIAN_POINT('',(-71.3914147828299,-102.2255524511,0.));
#2475=CARTESIAN_POINT('',(-71.3914147828299,-99.2255524511,0.));
#2476=CARTESIAN_POINT('',(-71.3914147828299,-99.2255524511,3.));
#2477=CARTESIAN_POINT('Origin',(-71.3914147828299,-102.2255524511,3.));
#2478=CARTESIAN_POINT('',(-71.3914147828299,-99.2255524511,25.));
#2479=CARTESIAN_POINT('',(-71.3914147828299,-99.2255524511,25.));
#2480=CARTESIAN_POINT('',(-71.3914147828299,-95.308864617725,25.));
#2481=CARTESIAN_POINT('Origin',(-72.1414147828299,-102.2255524511,3.));
#2482=CARTESIAN_POINT('',(-74.3914147828299,-102.2255524511,0.));
#2483=CARTESIAN_POINT('',(-74.3914147828299,-99.2255524511,3.));
#2484=CARTESIAN_POINT('Origin',(-74.3914147828299,-102.2255524511,3.));
#2485=CARTESIAN_POINT('',(-72.1414147828299,-99.2255524511,3.));
#2486=CARTESIAN_POINT('',(-72.1414147828299,-102.2255524511,0.));
#2487=CARTESIAN_POINT('Origin',(-71.3914147828299,-99.2255524511,25.));
#2488=CARTESIAN_POINT('',(-74.3914147828299,-99.2255524511,25.));
#2489=CARTESIAN_POINT('',(-74.3914147828299,-99.2255524511,25.));
#2490=CARTESIAN_POINT('',(-14.8841757683525,-99.2255524511,25.));
#2491=CARTESIAN_POINT('Origin',(-74.3914147828299,-99.2255524511,25.));
#2492=CARTESIAN_POINT('',(-74.3914147828299,-84.808864617725,25.));
#2493=CARTESIAN_POINT('',(-74.3914147828299,-102.3255524511,0.));
#2494=CARTESIAN_POINT('',(-74.3914147828299,-120.2255524511,0.));
#2495=CARTESIAN_POINT('',(-74.3914147828299,-102.3255524511,6.));
#2496=CARTESIAN_POINT('',(-74.3914147828299,-102.3255524511,14.));
#2497=CARTESIAN_POINT('',(-74.3914147828299,-117.1255524511,6.));
#2498=CARTESIAN_POINT('',(-74.3914147828299,-100.7755524511,6.));
#2499=CARTESIAN_POINT('',(-74.3914147828299,-117.1255524511,0.));
#2500=CARTESIAN_POINT('',(-74.3914147828299,-117.1255524511,14.));
#2501=CARTESIAN_POINT('',(-74.3914147828299,-120.2255524511,0.));
#2502=CARTESIAN_POINT('Origin',(-74.3914147828299,-102.3255524511,0.));
#2503=CARTESIAN_POINT('',(-76.3914147828299,-117.1255524511,4.79999999999995));
#2504=CARTESIAN_POINT('',(-74.9979236585696,-117.1255524511,1.45562130177515));
#2505=CARTESIAN_POINT('',(-76.3914147828299,-102.3255524511,4.79999999999995));
#2506=CARTESIAN_POINT('',(-76.3914147828299,-102.3255524511,4.79999999999995));
#2507=CARTESIAN_POINT('',(-74.3914147828299,-102.3255524511,0.));
#2508=CARTESIAN_POINT('',(-74.3914147828299,-120.2255524511,0.));
#2509=CARTESIAN_POINT('Origin',(-76.3914147828299,-102.3255524511,5.64734603858306));
#2510=CARTESIAN_POINT('',(-76.3914147828299,-117.1255524511,5.64734603858306));
#2511=CARTESIAN_POINT('',(-76.1328530455207,-117.1255524511,5.69293744904954));
#2512=CARTESIAN_POINT('',(-76.3914147828299,-102.3255524511,5.64734603858306));
#2513=CARTESIAN_POINT('',(-74.3914147828299,-102.3255524511,6.));
#2514=CARTESIAN_POINT('',(-76.3914147828299,-102.3255524511,5.64734603858306));
#2515=CARTESIAN_POINT('Origin',(-76.3914147828299,-102.3255524511,4.79999999999995));
#2516=CARTESIAN_POINT('',(-76.3914147828299,-117.1255524511,3.89999999999998));
#2517=CARTESIAN_POINT('',(-76.3914147828299,-102.3255524511,4.79999999999995));
#2518=CARTESIAN_POINT('Origin',(-75.3914147828299,-102.3255524511,3.));
#2519=CARTESIAN_POINT('Origin',(-75.3914147828299,-117.1255524511,3.));
#2520=CARTESIAN_POINT('Origin',(-72.8914147828299,-109.7255524511,0.));
#2521=CARTESIAN_POINT('Origin',(156.88754127508,-23.5588011176,3.));
#2522=CARTESIAN_POINT('',(154.63754127508,-23.5588011176,0.));
#2523=CARTESIAN_POINT('',(154.63754127508,-20.5588011176,3.));
#2524=CARTESIAN_POINT('Origin',(154.63754127508,-23.5588011176,3.));
#2525=CARTESIAN_POINT('',(157.63754127508,-20.5588011176,3.));
#2526=CARTESIAN_POINT('',(156.88754127508,-20.5588011176,3.));
#2527=CARTESIAN_POINT('',(157.63754127508,-23.5588011176,0.));
#2528=CARTESIAN_POINT('Origin',(157.63754127508,-23.5588011176,3.));
#2529=CARTESIAN_POINT('',(156.88754127508,-23.5588011176,0.));
#2530=CARTESIAN_POINT('Origin',(157.63754127508,-20.5588011176,25.));
#2531=CARTESIAN_POINT('',(154.63754127508,-20.5588011176,25.));
#2532=CARTESIAN_POINT('',(154.63754127508,-20.5588011176,25.));
#2533=CARTESIAN_POINT('',(157.63754127508,-20.5588011176,25.));
#2534=CARTESIAN_POINT('',(99.6303022606025,-20.5588011176,25.));
#2535=CARTESIAN_POINT('',(157.63754127508,-20.5588011176,25.));
#2536=CARTESIAN_POINT('Origin',(154.63754127508,-20.5588011176,25.));
#2537=CARTESIAN_POINT('',(154.63754127508,-38.5588011176,0.));
#2538=CARTESIAN_POINT('',(154.63754127508,-41.5588011176,0.));
#2539=CARTESIAN_POINT('',(154.63754127508,-41.5588011176,3.));
#2540=CARTESIAN_POINT('Origin',(154.63754127508,-38.5588011176,3.));
#2541=CARTESIAN_POINT('',(154.63754127508,-41.5588011176,25.));
#2542=CARTESIAN_POINT('',(154.63754127508,-41.5588011176,25.));
#2543=CARTESIAN_POINT('',(154.63754127508,-45.475488950975,25.));
#2544=CARTESIAN_POINT('Origin',(155.38754127508,-38.5588011176,3.));
#2545=CARTESIAN_POINT('',(157.63754127508,-38.5588011176,0.));
#2546=CARTESIAN_POINT('',(157.63754127508,-41.5588011176,3.));
#2547=CARTESIAN_POINT('Origin',(157.63754127508,-38.5588011176,3.));
#2548=CARTESIAN_POINT('',(155.38754127508,-41.5588011176,3.));
#2549=CARTESIAN_POINT('',(155.38754127508,-38.5588011176,0.));
#2550=CARTESIAN_POINT('Origin',(154.63754127508,-41.5588011176,25.));
#2551=CARTESIAN_POINT('',(157.63754127508,-41.5588011176,25.));
#2552=CARTESIAN_POINT('',(157.63754127508,-41.5588011176,25.));
#2553=CARTESIAN_POINT('',(98.1303022606025,-41.5588011176,25.));
#2554=CARTESIAN_POINT('Origin',(157.63754127508,-41.5588011176,25.));
#2555=CARTESIAN_POINT('',(157.63754127508,-55.975488950975,25.));
#2556=CARTESIAN_POINT('',(157.63754127508,-38.4588011176,0.));
#2557=CARTESIAN_POINT('',(157.63754127508,-20.5588011176,0.));
#2558=CARTESIAN_POINT('',(157.63754127508,-38.4588011176,6.));
#2559=CARTESIAN_POINT('',(157.63754127508,-38.4588011176,14.));
#2560=CARTESIAN_POINT('',(157.63754127508,-23.6588011176,6.));
#2561=CARTESIAN_POINT('',(157.63754127508,-40.0088011176,6.));
#2562=CARTESIAN_POINT('',(157.63754127508,-23.6588011176,0.));
#2563=CARTESIAN_POINT('',(157.63754127508,-23.6588011176,14.));
#2564=CARTESIAN_POINT('',(157.63754127508,-20.5588011176,0.));
#2565=CARTESIAN_POINT('Origin',(157.63754127508,-38.4588011176,0.));
#2566=CARTESIAN_POINT('',(159.63754127508,-23.6588011176,4.79999999999995));
#2567=CARTESIAN_POINT('',(158.24405015082,-23.6588011176,1.45562130177515));
#2568=CARTESIAN_POINT('',(159.63754127508,-38.4588011176,4.79999999999995));
#2569=CARTESIAN_POINT('',(159.63754127508,-38.4588011176,4.79999999999995));
#2570=CARTESIAN_POINT('',(157.63754127508,-38.4588011176,0.));
#2571=CARTESIAN_POINT('',(157.63754127508,-20.5588011176,0.));
#2572=CARTESIAN_POINT('Origin',(159.63754127508,-38.4588011176,5.64734603858306));
#2573=CARTESIAN_POINT('',(159.63754127508,-23.6588011176,5.64734603858306));
#2574=CARTESIAN_POINT('',(159.378979537771,-23.6588011176,5.69293744904954));
#2575=CARTESIAN_POINT('',(159.63754127508,-38.4588011176,5.64734603858306));
#2576=CARTESIAN_POINT('',(157.63754127508,-38.4588011176,6.));
#2577=CARTESIAN_POINT('',(159.63754127508,-38.4588011176,5.64734603858306));
#2578=CARTESIAN_POINT('Origin',(159.63754127508,-38.4588011176,4.79999999999995));
#2579=CARTESIAN_POINT('',(159.63754127508,-23.6588011176,3.89999999999998));
#2580=CARTESIAN_POINT('',(159.63754127508,-38.4588011176,4.79999999999995));
#2581=CARTESIAN_POINT('Origin',(158.63754127508,-38.4588011176,3.));
#2582=CARTESIAN_POINT('Origin',(158.63754127508,-23.6588011176,3.));
#2583=CARTESIAN_POINT('Origin',(156.13754127508,-31.0588011176,0.));
#2584=CARTESIAN_POINT('Origin',(156.88754127508,-117.2255524511,3.));
#2585=CARTESIAN_POINT('',(154.63754127508,-120.2255524511,3.));
#2586=CARTESIAN_POINT('',(154.63754127508,-117.2255524511,0.));
#2587=CARTESIAN_POINT('Origin',(154.63754127508,-117.2255524511,3.));
#2588=CARTESIAN_POINT('',(157.63754127508,-117.2255524511,0.));
#2589=CARTESIAN_POINT('',(156.88754127508,-117.2255524511,0.));
#2590=CARTESIAN_POINT('',(157.63754127508,-120.2255524511,3.));
#2591=CARTESIAN_POINT('Origin',(157.63754127508,-117.2255524511,3.));
#2592=CARTESIAN_POINT('',(156.88754127508,-120.2255524511,3.));
#2593=CARTESIAN_POINT('Origin',(157.63754127508,-99.2255524511,25.));
#2594=CARTESIAN_POINT('',(157.63754127508,-117.1255524511,0.));
#2595=CARTESIAN_POINT('',(157.63754127508,-120.2255524511,0.));
#2596=CARTESIAN_POINT('',(157.63754127508,-117.1255524511,6.));
#2597=CARTESIAN_POINT('',(157.63754127508,-117.1255524511,14.));
#2598=CARTESIAN_POINT('',(157.63754127508,-102.3255524511,6.));
#2599=CARTESIAN_POINT('',(157.63754127508,-100.7755524511,6.));
#2600=CARTESIAN_POINT('',(157.63754127508,-102.3255524511,0.));
#2601=CARTESIAN_POINT('',(157.63754127508,-102.3255524511,14.));
#2602=CARTESIAN_POINT('',(157.63754127508,-102.2255524511,0.));
#2603=CARTESIAN_POINT('',(157.63754127508,-120.2255524511,0.));
#2604=CARTESIAN_POINT('',(157.63754127508,-99.2255524511,3.));
#2605=CARTESIAN_POINT('Origin',(157.63754127508,-102.2255524511,3.));
#2606=CARTESIAN_POINT('',(157.63754127508,-99.2255524511,25.));
#2607=CARTESIAN_POINT('',(157.63754127508,-99.2255524511,25.));
#2608=CARTESIAN_POINT('',(157.63754127508,-120.2255524511,25.));
#2609=CARTESIAN_POINT('',(157.63754127508,-84.808864617725,25.));
#2610=CARTESIAN_POINT('',(157.63754127508,-120.2255524511,25.));
#2611=CARTESIAN_POINT('Origin',(156.13754127508,-109.7255524511,0.));
#2612=CARTESIAN_POINT('',(154.63754127508,-102.2255524511,0.));
#2613=CARTESIAN_POINT('',(154.63754127508,-99.2255524511,0.));
#2614=CARTESIAN_POINT('',(155.38754127508,-102.2255524511,0.));
#2615=CARTESIAN_POINT('',(157.63754127508,-120.2255524511,0.));
#2616=CARTESIAN_POINT('Origin',(155.38754127508,-102.2255524511,3.));
#2617=CARTESIAN_POINT('',(154.63754127508,-99.2255524511,3.));
#2618=CARTESIAN_POINT('Origin',(154.63754127508,-102.2255524511,3.));
#2619=CARTESIAN_POINT('',(155.38754127508,-99.2255524511,3.));
#2620=CARTESIAN_POINT('Origin',(157.63754127508,-102.3255524511,0.));
#2621=CARTESIAN_POINT('',(159.63754127508,-117.1255524511,4.79999999999995));
#2622=CARTESIAN_POINT('',(158.24405015082,-117.1255524511,1.45562130177515));
#2623=CARTESIAN_POINT('',(159.63754127508,-102.3255524511,4.79999999999995));
#2624=CARTESIAN_POINT('',(157.63754127508,-102.3255524511,0.));
#2625=CARTESIAN_POINT('',(159.63754127508,-102.3255524511,4.79999999999995));
#2626=CARTESIAN_POINT('Origin',(159.63754127508,-102.3255524511,5.64734603858306));
#2627=CARTESIAN_POINT('',(159.63754127508,-117.1255524511,5.64734603858306));
#2628=CARTESIAN_POINT('',(159.378979537771,-117.1255524511,5.69293744904954));
#2629=CARTESIAN_POINT('',(159.63754127508,-102.3255524511,5.64734603858306));
#2630=CARTESIAN_POINT('',(159.63754127508,-102.3255524511,5.64734603858306));
#2631=CARTESIAN_POINT('',(157.63754127508,-102.3255524511,6.));
#2632=CARTESIAN_POINT('Origin',(159.63754127508,-102.3255524511,4.79999999999995));
#2633=CARTESIAN_POINT('',(159.63754127508,-117.1255524511,3.89999999999998));
#2634=CARTESIAN_POINT('',(159.63754127508,-102.3255524511,4.79999999999995));
#2635=CARTESIAN_POINT('Origin',(158.63754127508,-102.3255524511,3.));
#2636=CARTESIAN_POINT('Origin',(158.63754127508,-117.1255524511,3.));
#2637=CARTESIAN_POINT('Origin',(154.63754127508,-120.2255524511,25.));
#2638=CARTESIAN_POINT('',(154.63754127508,-120.2255524511,25.));
#2639=CARTESIAN_POINT('',(154.63754127508,-120.2255524511,25.));
#2640=CARTESIAN_POINT('',(154.63754127508,-99.2255524511,25.));
#2641=CARTESIAN_POINT('',(154.63754127508,-95.308864617725,25.));
#2642=CARTESIAN_POINT('',(154.63754127508,-99.2255524511,25.));
#2643=CARTESIAN_POINT('Origin',(157.63754127508,-120.2255524511,25.));
#2644=CARTESIAN_POINT('',(99.6303022606025,-120.2255524511,25.));
#2645=CARTESIAN_POINT('Origin',(154.63754127508,-99.2255524511,25.));
#2646=CARTESIAN_POINT('',(98.1303022606025,-99.2255524511,25.));
#2647=CARTESIAN_POINT('Origin',(-54.770078740157,-127.2255524511,24.9999999999999));
#2648=CARTESIAN_POINT('',(-54.770078740157,-127.2255524511,13.887624974534));
#2649=CARTESIAN_POINT('',(117.000203200405,-127.2255524511,13.887624974534));
#2650=CARTESIAN_POINT('',(-11.8275082550165,-127.2255524511,13.887624974534));
#2651=CARTESIAN_POINT('',(-54.770078740157,-127.2255524511,24.9999999999999));
#2652=CARTESIAN_POINT('',(-54.770078740157,-127.2255524511,24.9999999999999));
#2653=CARTESIAN_POINT('',(117.000203200405,-127.2255524511,24.9999999999999));
#2654=CARTESIAN_POINT('',(-6.57350774701601,-127.2255524511,25.));
#2655=CARTESIAN_POINT('',(117.000203200405,-127.2255524511,24.9999999999999));
#2656=CARTESIAN_POINT('Origin',(-54.770078740157,-130.2255524511,25.));
#2657=CARTESIAN_POINT('',(-54.770078740157,-130.2255524511,13.887624974534));
#2658=CARTESIAN_POINT('',(-54.770078740157,-129.4755524511,13.887624974534));
#2659=CARTESIAN_POINT('',(-54.770078740157,-130.2255524511,25.));
#2660=CARTESIAN_POINT('',(-54.770078740157,-100.308864617725,25.));
#2661=CARTESIAN_POINT('Origin',(117.000203200405,-127.2255524511,24.9999999999999));
#2662=CARTESIAN_POINT('',(117.000203200405,-130.2255524511,13.887624974534));
#2663=CARTESIAN_POINT('',(117.000203200405,-127.9755524511,13.887624974534));
#2664=CARTESIAN_POINT('',(117.000203200405,-98.808864617725,25.));
#2665=CARTESIAN_POINT('',(117.000203200405,-130.2255524511,24.9999999999999));
#2666=CARTESIAN_POINT('Origin',(31.115062230124,-128.7255524511,13.887624974534));
#2667=CARTESIAN_POINT('',(74.0576327152645,-130.2255524511,13.887624974534));
#2668=CARTESIAN_POINT('Origin',(157.63754127508,-10.5588011176,26.));
#2669=CARTESIAN_POINT('',(160.63754127508,-13.5588011176,26.));
#2670=CARTESIAN_POINT('',(157.63754127508,-13.5588011176,29.));
#2671=CARTESIAN_POINT('',(160.63754127508,-13.5588011176,26.));
#2672=CARTESIAN_POINT('',(157.63754127508,-10.5588011176,26.));
#2673=CARTESIAN_POINT('',(157.63754127508,-10.5588011176,26.));
#2674=CARTESIAN_POINT('',(157.63754127508,-13.5588011176,29.));
#2675=CARTESIAN_POINT('Origin',(159.13754127508,-12.0588011176,25.));
#2676=CARTESIAN_POINT('',(157.63754127508,-10.5588011176,25.));
#2677=CARTESIAN_POINT('',(160.63754127508,-13.5588011176,25.));
#2678=CARTESIAN_POINT('Origin',(-77.39141478283,-13.5588011176,26.));
#2679=CARTESIAN_POINT('',(-74.39141478283,-10.5588011176,26.));
#2680=CARTESIAN_POINT('',(-74.3914147828299,-13.5588011176,29.));
#2681=CARTESIAN_POINT('',(-74.39141478283,-10.5588011176,26.));
#2682=CARTESIAN_POINT('',(-77.39141478283,-13.5588011176,26.));
#2683=CARTESIAN_POINT('',(-77.39141478283,-13.5588011176,26.));
#2684=CARTESIAN_POINT('',(-74.39141478283,-13.5588011176,29.));
#2685=CARTESIAN_POINT('Origin',(-75.89141478283,-12.0588011176,25.));
#2686=CARTESIAN_POINT('',(-77.39141478283,-13.5588011176,25.));
#2687=CARTESIAN_POINT('',(-74.39141478283,-10.5588011176,25.));
#2688=CARTESIAN_POINT('Origin',(160.63754127508,-127.2255524511,26.));
#2689=CARTESIAN_POINT('',(157.63754127508,-130.2255524511,26.));
#2690=CARTESIAN_POINT('',(157.63754127508,-127.2255524511,29.));
#2691=CARTESIAN_POINT('',(157.63754127508,-130.2255524511,26.));
#2692=CARTESIAN_POINT('',(160.63754127508,-127.2255524511,26.));
#2693=CARTESIAN_POINT('',(160.63754127508,-127.2255524511,26.));
#2694=CARTESIAN_POINT('',(157.63754127508,-127.2255524511,29.));
#2695=CARTESIAN_POINT('Origin',(159.13754127508,-128.7255524511,25.));
#2696=CARTESIAN_POINT('',(160.63754127508,-127.2255524511,25.));
#2697=CARTESIAN_POINT('',(157.63754127508,-130.2255524511,25.));
#2698=CARTESIAN_POINT('Origin',(159.13754127508,-100.308864617725,27.5));
#2699=CARTESIAN_POINT('',(157.63754127508,-100.308864617725,29.));
#2700=CARTESIAN_POINT('',(160.63754127508,-100.308864617725,26.));
#2701=CARTESIAN_POINT('Origin',(-74.39141478283,-130.2255524511,26.));
#2702=CARTESIAN_POINT('',(-77.39141478283,-127.2255524511,26.));
#2703=CARTESIAN_POINT('',(-74.39141478283,-127.2255524511,29.));
#2704=CARTESIAN_POINT('',(-77.39141478283,-127.2255524511,26.));
#2705=CARTESIAN_POINT('',(-74.39141478283,-130.2255524511,26.));
#2706=CARTESIAN_POINT('',(-74.39141478283,-130.2255524511,26.));
#2707=CARTESIAN_POINT('',(-74.39141478283,-127.2255524511,29.));
#2708=CARTESIAN_POINT('Origin',(-75.89141478283,-128.7255524511,25.));
#2709=CARTESIAN_POINT('',(-74.39141478283,-130.2255524511,25.));
#2710=CARTESIAN_POINT('',(-77.39141478283,-127.2255524511,25.));
#2711=CARTESIAN_POINT('Origin',(-17.8841757683525,-128.7255524511,27.5));
#2712=CARTESIAN_POINT('',(-17.8841757683525,-127.2255524511,29.));
#2713=CARTESIAN_POINT('',(-17.8841757683525,-130.2255524511,26.));
#2714=CARTESIAN_POINT('Origin',(-75.89141478283,-40.475488950975,27.5));
#2715=CARTESIAN_POINT('',(-74.39141478283,-40.475488950975,29.));
#2716=CARTESIAN_POINT('',(-77.39141478283,-40.475488950975,26.));
#2717=CARTESIAN_POINT('Origin',(101.130302260602,-12.0588011176,27.5));
#2718=CARTESIAN_POINT('',(101.130302260602,-13.5588011176,29.));
#2719=CARTESIAN_POINT('',(101.130302260602,-10.5588011176,26.));
#2720=CARTESIAN_POINT('Origin',(160.63754127508,-130.2255524511,25.));
#2721=CARTESIAN_POINT('Origin',(-77.39141478283,-130.2255524511,25.));
#2722=CARTESIAN_POINT('Origin',(41.623063246125,-70.39217678435,25.));
#2723=CARTESIAN_POINT('Origin',(41.623063246125,-70.39217678435,29.));
#2724=CARTESIAN_POINT('Origin',(-77.39141478283,-10.5588011176,25.));
#2725=CARTESIAN_POINT('Origin',(160.63754127508,-10.5588011176,25.));
#2726=UNCERTAINTY_MEASURE_WITH_UNIT(LENGTH_MEASURE(0.01),#2730,
'DISTANCE_ACCURACY_VALUE',
'Maximum model space distance between geometric entities at asserted c
onnectivities');
#2727=UNCERTAINTY_MEASURE_WITH_UNIT(LENGTH_MEASURE(0.01),#2730,
'DISTANCE_ACCURACY_VALUE',
'Maximum model space distance between geometric entities at asserted c
onnectivities');
#2728=(
GEOMETRIC_REPRESENTATION_CONTEXT(3)
GLOBAL_UNCERTAINTY_ASSIGNED_CONTEXT((#2726))
GLOBAL_UNIT_ASSIGNED_CONTEXT((#2730,#2732,#2733))
REPRESENTATION_CONTEXT('','3D')
);
#2729=(
GEOMETRIC_REPRESENTATION_CONTEXT(3)
GLOBAL_UNCERTAINTY_ASSIGNED_CONTEXT((#2727))
GLOBAL_UNIT_ASSIGNED_CONTEXT((#2730,#2732,#2733))
REPRESENTATION_CONTEXT('','3D')
);
#2730=(
LENGTH_UNIT()
NAMED_UNIT(*)
SI_UNIT(.MILLI.,.METRE.)
);
#2731=(
LENGTH_UNIT()
NAMED_UNIT(*)
SI_UNIT($,.METRE.)
);
#2732=(
NAMED_UNIT(*)
PLANE_ANGLE_UNIT()
SI_UNIT($,.RADIAN.)
);
#2733=(
NAMED_UNIT(*)
SI_UNIT($,.STERADIAN.)
SOLID_ANGLE_UNIT()
);
#2734=SHAPE_DEFINITION_REPRESENTATION(#2735,#2736);
#2735=PRODUCT_DEFINITION_SHAPE('',$,#2738);
#2736=SHAPE_REPRESENTATION('',(#1706),#2728);
#2737=PRODUCT_DEFINITION_CONTEXT('part definition',#2742,'design');
#2738=PRODUCT_DEFINITION('2026-07-27-23-44-12-314','top-cover',#2739,#2737);
#2739=PRODUCT_DEFINITION_FORMATION('',$,#2744);
#2740=PRODUCT_RELATED_PRODUCT_CATEGORY('top-cover','top-cover',(#2744));
#2741=APPLICATION_PROTOCOL_DEFINITION('international standard',
'automotive_design',2009,#2742);
#2742=APPLICATION_CONTEXT(
'Core Data for Automotive Mechanical Design Process');
#2743=PRODUCT_CONTEXT('part definition',#2742,'mechanical');
#2744=PRODUCT('2026-07-27-23-44-12-314','top-cover',$,(#2743));
#2745=PRESENTATION_STYLE_ASSIGNMENT((#2746));
#2746=SURFACE_STYLE_USAGE(.BOTH.,#2747);
#2747=SURFACE_SIDE_STYLE('',(#2748));
#2748=SURFACE_STYLE_FILL_AREA(#2749);
#2749=FILL_AREA_STYLE('Aluminum - Satin',(#2750));
#2750=FILL_AREA_STYLE_COLOUR('Aluminum - Satin',#2751);
#2751=COLOUR_RGB('Aluminum - Satin',0.96078431372549,0.96078431372549,0.964705882352941);
ENDSEC;
END-ISO-10303-21;
